candidate_id,nsn,candidate_mpn,risk_level,risk_rank,pass_count,fail_count,marginal_count,unknown_count,qpl_listed,gov_unit_price,gov_quantity,commercial_unit_price,commercial_basis_qty,price_delta_indicative,rationale,qualification_gap_count,qualification_gap_summary,source,composite_score,weight_coverage_pct,gates_failed,country_of_origin,manufacturer,digikey_pn,governing_spec_ref,enriched,lifecycle_status,distributor_count,gov_price_fiscal_year,rank_within_nsn
5905-00-493-1204__HoFL2-1000A-75mV-0.5%-nickel plated,5905-00-493-1204,HoFL2-1000A-75mV-0.5%-nickel plated,low,1,5,0,0,1,false,,,,,,Composite 0.0 (coverage 40%). Meets 5 of 6 measurable requirements; 1 unknown. 6 qualification clauses under MIL-PRF-39007 require testing to verify. lifecycle/availability unknown (not enriched),6,humidity_resistance|lot_traceability|qualification|solderability_per_j_std_002|thermal_shock_cycles|vibration_grms,digikey,0,40,,unknown,Milliohm Electronics,5705-HoFL2-1000A-75mV-0.5%-nickelplated-ND,MIL-PRF-39007,false,unknown,,,1
5905-00-493-1204__HoFL2-1000A75mVD12595NJ,5905-00-493-1204,HoFL2-1000A75mVD12595NJ,low,1,5,0,0,1,false,,,,,,Composite 0.0 (coverage 40%). Meets 5 of 6 measurable requirements; 1 unknown. 6 qualification clauses under MIL-PRF-39007 require testing to verify. lifecycle/availability unknown (not enriched),6,humidity_resistance|lot_traceability|qualification|solderability_per_j_std_002|thermal_shock_cycles|vibration_grms,digikey,0,40,,unknown,Milliohm Electronics,5705-HoFL2-1000A75mVD12595NJ-ND,MIL-PRF-39007,false,unknown,,,2
5905-00-493-1204__101-250RX,5905-00-493-1204,101-250RX,medium,2,5,0,0,1,false,,,,,,Composite 57.5 (coverage 40%). Meets 5 of 6 measurable requirements; 1 unknown. 6 qualification clauses under MIL-PRF-39007 require testing to verify. lifecycle/availability unknown (not enriched),6,humidity_resistance|lot_traceability|qualification|solderability_per_j_std_002|thermal_shock_cycles|vibration_grms,digikey,57.5,40,,unknown,Riedon products by Bourns,696-1556-ND,MIL-PRF-39007,false,unknown,,,3
5905-00-493-1204__CMF55100R00BEEB,5905-00-493-1204,CMF55100R00BEEB,medium,2,5,0,0,1,false,,,,,,Composite 57.5 (coverage 40%). Meets 5 of 6 measurable requirements; 1 unknown. 6 qualification clauses under MIL-PRF-39007 require testing to verify. lifecycle/availability unknown (not enriched),6,humidity_resistance|lot_traceability|qualification|solderability_per_j_std_002|thermal_shock_cycles|vibration_grms,digikey,57.5,40,,unknown,Vishay Dale,CMF100HBTR-ND,MIL-PRF-39007,false,unknown,,,4
5905-00-493-1204__CMF5510R000BHEA,5905-00-493-1204,CMF5510R000BHEA,medium,2,5,0,0,1,false,,,,,,Composite 57.5 (coverage 40%). Meets 5 of 6 measurable requirements; 1 unknown. 6 qualification clauses under MIL-PRF-39007 require testing to verify. lifecycle/availability unknown (not enriched),6,humidity_resistance|lot_traceability|qualification|solderability_per_j_std_002|thermal_shock_cycles|vibration_grms,digikey,57.5,40,,unknown,Vishay Dale,541-4313-2-ND,MIL-PRF-39007,false,unknown,,,5
5905-00-493-1204__CRT0603-BY-1002ELF,5905-00-493-1204,CRT0603-BY-1002ELF,medium,2,5,0,0,1,false,,,,,,Composite 57.5 (coverage 40%). Meets 5 of 6 measurable requirements; 1 unknown. 6 qualification clauses under MIL-PRF-39007 require testing to verify. lifecycle/availability unknown (not enriched),6,humidity_resistance|lot_traceability|qualification|solderability_per_j_std_002|thermal_shock_cycles|vibration_grms,digikey,57.5,40,,unknown,Bourns Inc.,CRT0603-BY-1002ELFTR-ND,MIL-PRF-39007,false,unknown,,,6
5905-00-493-1204__CRT0603-BY-1003ELF,5905-00-493-1204,CRT0603-BY-1003ELF,medium,2,5,0,0,1,false,,,,,,Composite 57.5 (coverage 40%). Meets 5 of 6 measurable requirements; 1 unknown. 6 qualification clauses under MIL-PRF-39007 require testing to verify. lifecycle/availability unknown (not enriched),6,humidity_resistance|lot_traceability|qualification|solderability_per_j_std_002|thermal_shock_cycles|vibration_grms,digikey,57.5,40,,unknown,Bourns Inc.,CRT0603-BY-1003ELFTR-ND,MIL-PRF-39007,false,unknown,,,7
5905-00-493-1204__CRT0603-BY-10R0ELF,5905-00-493-1204,CRT0603-BY-10R0ELF,medium,2,5,0,0,1,false,,,,,,Composite 57.5 (coverage 40%). Meets 5 of 6 measurable requirements; 1 unknown. 6 qualification clauses under MIL-PRF-39007 require testing to verify. lifecycle/availability unknown (not enriched),6,humidity_resistance|lot_traceability|qualification|solderability_per_j_std_002|thermal_shock_cycles|vibration_grms,digikey,57.5,40,,unknown,Bourns Inc.,CRT0603-BY-10R0ELFTR-ND,MIL-PRF-39007,false,unknown,,,8
5905-00-493-1204__ERA-3AEB103V,5905-00-493-1204,ERA-3AEB103V,medium,2,5,0,0,1,false,,,,,,Composite 57.5 (coverage 40%). Meets 5 of 6 measurable requirements; 1 unknown. 6 qualification clauses under MIL-PRF-39007 require testing to verify. lifecycle/availability unknown (not enriched),6,humidity_resistance|lot_traceability|qualification|solderability_per_j_std_002|thermal_shock_cycles|vibration_grms,digikey,57.5,40,,unknown,Panasonic Industry,P10KDBTR-ND,MIL-PRF-39007,false,unknown,,,9
5905-00-493-1204__ERA-3AEB121V,5905-00-493-1204,ERA-3AEB121V,medium,2,5,0,0,1,false,,,,,,Composite 57.5 (coverage 40%). Meets 5 of 6 measurable requirements; 1 unknown. 6 qualification clauses under MIL-PRF-39007 require testing to verify. lifecycle/availability unknown (not enriched),6,humidity_resistance|lot_traceability|qualification|solderability_per_j_std_002|thermal_shock_cycles|vibration_grms,digikey,57.5,40,,unknown,Panasonic Industry,P120DBTR-ND,MIL-PRF-39007,false,unknown,,,10
5905-00-493-1204__ERA-3AEB123V,5905-00-493-1204,ERA-3AEB123V,medium,2,5,0,0,1,false,,,,,,Composite 57.5 (coverage 40%). Meets 5 of 6 measurable requirements; 1 unknown. 6 qualification clauses under MIL-PRF-39007 require testing to verify. lifecycle/availability unknown (not enriched),6,humidity_resistance|lot_traceability|qualification|solderability_per_j_std_002|thermal_shock_cycles|vibration_grms,digikey,57.5,40,,unknown,Panasonic Industry,P12KDBTR-ND,MIL-PRF-39007,false,unknown,,,11
5905-00-493-1204__ERA-3AEB201V,5905-00-493-1204,ERA-3AEB201V,medium,2,5,0,0,1,false,,,,,,Composite 57.5 (coverage 40%). Meets 5 of 6 measurable requirements; 1 unknown. 6 qualification clauses under MIL-PRF-39007 require testing to verify. lifecycle/availability unknown (not enriched),6,humidity_resistance|lot_traceability|qualification|solderability_per_j_std_002|thermal_shock_cycles|vibration_grms,digikey,57.5,40,,unknown,Panasonic Industry,P200DBTR-ND,MIL-PRF-39007,false,unknown,,,12
5905-00-493-1204__ERA-3AEB202V,5905-00-493-1204,ERA-3AEB202V,medium,2,5,0,0,1,false,,,,,,Composite 57.5 (coverage 40%). Meets 5 of 6 measurable requirements; 1 unknown. 6 qualification clauses under MIL-PRF-39007 require testing to verify. lifecycle/availability unknown (not enriched),6,humidity_resistance|lot_traceability|qualification|solderability_per_j_std_002|thermal_shock_cycles|vibration_grms,digikey,57.5,40,,unknown,Panasonic Industry,P2.0KDBTR-ND,MIL-PRF-39007,false,unknown,,,13
5905-00-493-1204__ERA-3AEB2491V,5905-00-493-1204,ERA-3AEB2491V,medium,2,5,0,0,1,false,,,,,,Composite 57.5 (coverage 40%). Meets 5 of 6 measurable requirements; 1 unknown. 6 qualification clauses under MIL-PRF-39007 require testing to verify. lifecycle/availability unknown (not enriched),6,humidity_resistance|lot_traceability|qualification|solderability_per_j_std_002|thermal_shock_cycles|vibration_grms,digikey,57.5,40,,unknown,Panasonic Industry,P2.49KDBTR-ND,MIL-PRF-39007,false,unknown,,,14
5905-00-493-1204__ERA-3AEB2493V,5905-00-493-1204,ERA-3AEB2493V,medium,2,5,0,0,1,false,,,,,,Composite 57.5 (coverage 40%). Meets 5 of 6 measurable requirements; 1 unknown. 6 qualification clauses under MIL-PRF-39007 require testing to verify. lifecycle/availability unknown (not enriched),6,humidity_resistance|lot_traceability|qualification|solderability_per_j_std_002|thermal_shock_cycles|vibration_grms,digikey,57.5,40,,unknown,Panasonic Industry,P249KDBTR-ND,MIL-PRF-39007,false,unknown,,,15
5905-00-493-1204__ERA-3AEB304V,5905-00-493-1204,ERA-3AEB304V,medium,2,5,0,0,1,false,,,,,,Composite 57.5 (coverage 40%). Meets 5 of 6 measurable requirements; 1 unknown. 6 qualification clauses under MIL-PRF-39007 require testing to verify. lifecycle/availability unknown (not enriched),6,humidity_resistance|lot_traceability|qualification|solderability_per_j_std_002|thermal_shock_cycles|vibration_grms,digikey,57.5,40,,unknown,Panasonic Industry,P300KDBTR-ND,MIL-PRF-39007,false,unknown,,,16
5905-00-493-1204__ERA-3AEB751V,5905-00-493-1204,ERA-3AEB751V,medium,2,5,0,0,1,false,,,,,,Composite 57.5 (coverage 40%). Meets 5 of 6 measurable requirements; 1 unknown. 6 qualification clauses under MIL-PRF-39007 require testing to verify. lifecycle/availability unknown (not enriched),6,humidity_resistance|lot_traceability|qualification|solderability_per_j_std_002|thermal_shock_cycles|vibration_grms,digikey,57.5,40,,unknown,Panasonic Industry,P750DBTR-ND,MIL-PRF-39007,false,unknown,,,17
5905-00-493-1204__ERA-6AEB102V,5905-00-493-1204,ERA-6AEB102V,medium,2,5,0,0,1,false,,,,,,Composite 57.5 (coverage 40%). Meets 5 of 6 measurable requirements; 1 unknown. 6 qualification clauses under MIL-PRF-39007 require testing to verify. lifecycle/availability unknown (not enriched),6,humidity_resistance|lot_traceability|qualification|solderability_per_j_std_002|thermal_shock_cycles|vibration_grms,digikey,57.5,40,,unknown,Panasonic Industry,P1.0KDATR-ND,MIL-PRF-39007,false,unknown,,,18
5905-00-493-1204__ERA-6AEB104V,5905-00-493-1204,ERA-6AEB104V,medium,2,5,0,0,1,false,,,,,,Composite 57.5 (coverage 40%). Meets 5 of 6 measurable requirements; 1 unknown. 6 qualification clauses under MIL-PRF-39007 require testing to verify. lifecycle/availability unknown (not enriched),6,humidity_resistance|lot_traceability|qualification|solderability_per_j_std_002|thermal_shock_cycles|vibration_grms,digikey,57.5,40,,unknown,Panasonic Industry,P100KDATR-ND,MIL-PRF-39007,false,unknown,,,19
5905-00-493-1204__ERA-6AEB202V,5905-00-493-1204,ERA-6AEB202V,medium,2,5,0,0,1,false,,,,,,Composite 57.5 (coverage 40%). Meets 5 of 6 measurable requirements; 1 unknown. 6 qualification clauses under MIL-PRF-39007 require testing to verify. lifecycle/availability unknown (not enriched),6,humidity_resistance|lot_traceability|qualification|solderability_per_j_std_002|thermal_shock_cycles|vibration_grms,digikey,57.5,40,,unknown,Panasonic Industry,P2.0KDATR-ND,MIL-PRF-39007,false,unknown,,,20
5905-00-493-1204__ERA-6AEB203V,5905-00-493-1204,ERA-6AEB203V,medium,2,5,0,0,1,false,,,,,,Composite 57.5 (coverage 40%). Meets 5 of 6 measurable requirements; 1 unknown. 6 qualification clauses under MIL-PRF-39007 require testing to verify. lifecycle/availability unknown (not enriched),6,humidity_resistance|lot_traceability|qualification|solderability_per_j_std_002|thermal_shock_cycles|vibration_grms,digikey,57.5,40,,unknown,Panasonic Industry,P20KDATR-ND,MIL-PRF-39007,false,unknown,,,21
5905-00-493-1204__ERA-6AEB204V,5905-00-493-1204,ERA-6AEB204V,medium,2,5,0,0,1,false,,,,,,Composite 57.5 (coverage 40%). Meets 5 of 6 measurable requirements; 1 unknown. 6 qualification clauses under MIL-PRF-39007 require testing to verify. lifecycle/availability unknown (not enriched),6,humidity_resistance|lot_traceability|qualification|solderability_per_j_std_002|thermal_shock_cycles|vibration_grms,digikey,57.5,40,,unknown,Panasonic Industry,P200KDATR-ND,MIL-PRF-39007,false,unknown,,,22
5905-00-493-1204__ERA-6AEB472V,5905-00-493-1204,ERA-6AEB472V,medium,2,5,0,0,1,false,,,,,,Composite 57.5 (coverage 40%). Meets 5 of 6 measurable requirements; 1 unknown. 6 qualification clauses under MIL-PRF-39007 require testing to verify. lifecycle/availability unknown (not enriched),6,humidity_resistance|lot_traceability|qualification|solderability_per_j_std_002|thermal_shock_cycles|vibration_grms,digikey,57.5,40,,unknown,Panasonic Industry,P4.7KDATR-ND,MIL-PRF-39007,false,unknown,,,23
5905-00-493-1204__HoFL2-1000A75mVC12595NJ,5905-00-493-1204,HoFL2-1000A75mVC12595NJ,medium,2,5,0,0,1,false,,,,,,Composite 57.5 (coverage 40%). Meets 5 of 6 measurable requirements; 1 unknown. 6 qualification clauses under MIL-PRF-39007 require testing to verify. lifecycle/availability unknown (not enriched),6,humidity_resistance|lot_traceability|qualification|solderability_per_j_std_002|thermal_shock_cycles|vibration_grms,digikey,57.5,40,,unknown,Milliohm Electronics,5705-HoFL2-1000A75mVC12595NJ-ND,MIL-PRF-39007,false,unknown,,,24
5905-00-493-1204__HoFL2-100A75mVC10322NJ,5905-00-493-1204,HoFL2-100A75mVC10322NJ,medium,2,5,0,0,1,false,,,,,,Composite 57.5 (coverage 40%). Meets 5 of 6 measurable requirements; 1 unknown. 6 qualification clauses under MIL-PRF-39007 require testing to verify. lifecycle/availability unknown (not enriched),6,humidity_resistance|lot_traceability|qualification|solderability_per_j_std_002|thermal_shock_cycles|vibration_grms,digikey,57.5,40,,unknown,Milliohm Electronics,5705-HoFL2-100A75mVC10322NJ-ND,MIL-PRF-39007,false,unknown,,,25
5905-00-493-1210__HoFL2-1000A-75mV-0.5%-nickel plated,5905-00-493-1210,HoFL2-1000A-75mV-0.5%-nickel plated,low,1,4,0,0,1,false,,,,,,Composite 0.0 (coverage 40%). Meets 4 of 5 measurable requirements; 1 unknown. 6 qualification clauses under MIL-PRF-39007 require testing to verify. lifecycle/availability unknown (not enriched),6,humidity_resistance|lot_traceability|qualification|solderability_per_j_std_002|thermal_shock_cycles|vibration_grms,digikey,0,40,,unknown,Milliohm Electronics,5705-HoFL2-1000A-75mV-0.5%-nickelplated-ND,MIL-PRF-39007,false,unknown,,,1
5905-00-493-1210__HoFL2-1000A75mVD12595NJ,5905-00-493-1210,HoFL2-1000A75mVD12595NJ,low,1,4,0,0,1,false,,,,,,Composite 0.0 (coverage 40%). Meets 4 of 5 measurable requirements; 1 unknown. 6 qualification clauses under MIL-PRF-39007 require testing to verify. lifecycle/availability unknown (not enriched),6,humidity_resistance|lot_traceability|qualification|solderability_per_j_std_002|thermal_shock_cycles|vibration_grms,digikey,0,40,,unknown,Milliohm Electronics,5705-HoFL2-1000A75mVD12595NJ-ND,MIL-PRF-39007,false,unknown,,,2
5905-00-493-1210__HoFL2-100A75mVD10322NJ,5905-00-493-1210,HoFL2-100A75mVD10322NJ,low,1,4,0,0,1,false,,,,,,Composite 0.0 (coverage 40%). Meets 4 of 5 measurable requirements; 1 unknown. 6 qualification clauses under MIL-PRF-39007 require testing to verify. lifecycle/availability unknown (not enriched),6,humidity_resistance|lot_traceability|qualification|solderability_per_j_std_002|thermal_shock_cycles|vibration_grms,digikey,0,40,,unknown,Milliohm Electronics,5705-HoFL2-100A75mVD10322NJ-ND,MIL-PRF-39007,false,unknown,,,3
5905-00-493-1210__HoFL2-1250A75mVD125110NJ,5905-00-493-1210,HoFL2-1250A75mVD125110NJ,low,1,4,0,0,1,false,,,,,,Composite 0.0 (coverage 40%). Meets 4 of 5 measurable requirements; 1 unknown. 6 qualification clauses under MIL-PRF-39007 require testing to verify. lifecycle/availability unknown (not enriched),6,humidity_resistance|lot_traceability|qualification|solderability_per_j_std_002|thermal_shock_cycles|vibration_grms,digikey,0,40,,unknown,Milliohm Electronics,5705-HoFL2-1250A75mVD125110NJ-ND,MIL-PRF-39007,false,unknown,,,4
5905-00-493-1210__HoFL2-1500A75mVD125100NJ,5905-00-493-1210,HoFL2-1500A75mVD125100NJ,low,1,4,0,0,1,false,,,,,,Composite 0.0 (coverage 40%). Meets 4 of 5 measurable requirements; 1 unknown. 6 qualification clauses under MIL-PRF-39007 require testing to verify. lifecycle/availability unknown (not enriched),6,humidity_resistance|lot_traceability|qualification|solderability_per_j_std_002|thermal_shock_cycles|vibration_grms,digikey,0,40,,unknown,Milliohm Electronics,5705-HoFL2-1500A75mVD125100NJ-ND,MIL-PRF-39007,false,unknown,,,5
5905-00-493-1210__HoFL2-150A-75mV-0.5%,5905-00-493-1210,HoFL2-150A-75mV-0.5%,low,1,4,0,0,1,false,,,,,,Composite 0.0 (coverage 40%). Meets 4 of 5 measurable requirements; 1 unknown. 6 qualification clauses under MIL-PRF-39007 require testing to verify. lifecycle/availability unknown (not enriched),6,humidity_resistance|lot_traceability|qualification|solderability_per_j_std_002|thermal_shock_cycles|vibration_grms,digikey,0,40,,unknown,Milliohm Electronics,5705-HoFL2-150A-75mV-0.5%-ND,MIL-PRF-39007,false,unknown,,,6
5905-00-493-1210__HoFL2-150A75mVD11622NJ,5905-00-493-1210,HoFL2-150A75mVD11622NJ,low,1,4,0,0,1,false,,,,,,Composite 0.0 (coverage 40%). Meets 4 of 5 measurable requirements; 1 unknown. 6 qualification clauses under MIL-PRF-39007 require testing to verify. lifecycle/availability unknown (not enriched),6,humidity_resistance|lot_traceability|qualification|solderability_per_j_std_002|thermal_shock_cycles|vibration_grms,digikey,0,40,,unknown,Milliohm Electronics,5705-HoFL2-150A75mVD11622NJ-ND,MIL-PRF-39007,false,unknown,,,7
5905-00-493-1210__101-250RX,5905-00-493-1210,101-250RX,medium,2,4,0,0,1,false,,,,,,Composite 57.5 (coverage 40%). Meets 4 of 5 measurable requirements; 1 unknown. 6 qualification clauses under MIL-PRF-39007 require testing to verify. lifecycle/availability unknown (not enriched),6,humidity_resistance|lot_traceability|qualification|solderability_per_j_std_002|thermal_shock_cycles|vibration_grms,digikey,57.5,40,,unknown,Riedon products by Bourns,696-1556-ND,MIL-PRF-39007,false,unknown,,,8
5905-00-493-1210__CMF55100R00BEEB,5905-00-493-1210,CMF55100R00BEEB,medium,2,4,0,0,1,false,,,,,,Composite 57.5 (coverage 40%). Meets 4 of 5 measurable requirements; 1 unknown. 6 qualification clauses under MIL-PRF-39007 require testing to verify. lifecycle/availability unknown (not enriched),6,humidity_resistance|lot_traceability|qualification|solderability_per_j_std_002|thermal_shock_cycles|vibration_grms,digikey,57.5,40,,unknown,Vishay Dale,CMF100HBTR-ND,MIL-PRF-39007,false,unknown,,,9
5905-00-493-1210__CMF5510R000BHEA,5905-00-493-1210,CMF5510R000BHEA,medium,2,4,0,0,1,false,,,,,,Composite 57.5 (coverage 40%). Meets 4 of 5 measurable requirements; 1 unknown. 6 qualification clauses under MIL-PRF-39007 require testing to verify. lifecycle/availability unknown (not enriched),6,humidity_resistance|lot_traceability|qualification|solderability_per_j_std_002|thermal_shock_cycles|vibration_grms,digikey,57.5,40,,unknown,Vishay Dale,541-4313-2-ND,MIL-PRF-39007,false,unknown,,,10
5905-00-493-1210__CMF60250R00BHEB,5905-00-493-1210,CMF60250R00BHEB,medium,2,4,0,0,1,false,,,,,,Composite 57.5 (coverage 40%). Meets 4 of 5 measurable requirements; 1 unknown. 6 qualification clauses under MIL-PRF-39007 require testing to verify. lifecycle/availability unknown (not enriched),6,humidity_resistance|lot_traceability|qualification|solderability_per_j_std_002|thermal_shock_cycles|vibration_grms,digikey,57.5,40,,unknown,Vishay Dale,CMF250FCTR-ND,MIL-PRF-39007,false,unknown,,,11
5905-00-493-1210__CRT0603-BY-1002ELF,5905-00-493-1210,CRT0603-BY-1002ELF,medium,2,4,0,0,1,false,,,,,,Composite 57.5 (coverage 40%). Meets 4 of 5 measurable requirements; 1 unknown. 6 qualification clauses under MIL-PRF-39007 require testing to verify. lifecycle/availability unknown (not enriched),6,humidity_resistance|lot_traceability|qualification|solderability_per_j_std_002|thermal_shock_cycles|vibration_grms,digikey,57.5,40,,unknown,Bourns Inc.,CRT0603-BY-1002ELFTR-ND,MIL-PRF-39007,false,unknown,,,12
5905-00-493-1210__CRT0603-BY-1003ELF,5905-00-493-1210,CRT0603-BY-1003ELF,medium,2,4,0,0,1,false,,,,,,Composite 57.5 (coverage 40%). Meets 4 of 5 measurable requirements; 1 unknown. 6 qualification clauses under MIL-PRF-39007 require testing to verify. lifecycle/availability unknown (not enriched),6,humidity_resistance|lot_traceability|qualification|solderability_per_j_std_002|thermal_shock_cycles|vibration_grms,digikey,57.5,40,,unknown,Bourns Inc.,CRT0603-BY-1003ELFTR-ND,MIL-PRF-39007,false,unknown,,,13
5905-00-493-1210__CRT0603-BY-10R0ELF,5905-00-493-1210,CRT0603-BY-10R0ELF,medium,2,4,0,0,1,false,,,,,,Composite 57.5 (coverage 40%). Meets 4 of 5 measurable requirements; 1 unknown. 6 qualification clauses under MIL-PRF-39007 require testing to verify. lifecycle/availability unknown (not enriched),6,humidity_resistance|lot_traceability|qualification|solderability_per_j_std_002|thermal_shock_cycles|vibration_grms,digikey,57.5,40,,unknown,Bourns Inc.,CRT0603-BY-10R0ELFTR-ND,MIL-PRF-39007,false,unknown,,,14
5905-00-493-1210__ERA-3AEB123V,5905-00-493-1210,ERA-3AEB123V,medium,2,4,0,0,1,false,,,,,,Composite 57.5 (coverage 40%). Meets 4 of 5 measurable requirements; 1 unknown. 6 qualification clauses under MIL-PRF-39007 require testing to verify. lifecycle/availability unknown (not enriched),6,humidity_resistance|lot_traceability|qualification|solderability_per_j_std_002|thermal_shock_cycles|vibration_grms,digikey,57.5,40,,unknown,Panasonic Industry,P12KDBTR-ND,MIL-PRF-39007,false,unknown,,,15
5905-00-493-1210__ERA-3AEB201V,5905-00-493-1210,ERA-3AEB201V,medium,2,4,0,0,1,false,,,,,,Composite 57.5 (coverage 40%). Meets 4 of 5 measurable requirements; 1 unknown. 6 qualification clauses under MIL-PRF-39007 require testing to verify. lifecycle/availability unknown (not enriched),6,humidity_resistance|lot_traceability|qualification|solderability_per_j_std_002|thermal_shock_cycles|vibration_grms,digikey,57.5,40,,unknown,Panasonic Industry,P200DBTR-ND,MIL-PRF-39007,false,unknown,,,16
5905-00-493-1210__ERA-3AEB202V,5905-00-493-1210,ERA-3AEB202V,medium,2,4,0,0,1,false,,,,,,Composite 57.5 (coverage 40%). Meets 4 of 5 measurable requirements; 1 unknown. 6 qualification clauses under MIL-PRF-39007 require testing to verify. lifecycle/availability unknown (not enriched),6,humidity_resistance|lot_traceability|qualification|solderability_per_j_std_002|thermal_shock_cycles|vibration_grms,digikey,57.5,40,,unknown,Panasonic Industry,P2.0KDBTR-ND,MIL-PRF-39007,false,unknown,,,17
5905-00-493-1210__ERA-6AEB102V,5905-00-493-1210,ERA-6AEB102V,medium,2,4,0,0,1,false,,,,,,Composite 57.5 (coverage 40%). Meets 4 of 5 measurable requirements; 1 unknown. 6 qualification clauses under MIL-PRF-39007 require testing to verify. lifecycle/availability unknown (not enriched),6,humidity_resistance|lot_traceability|qualification|solderability_per_j_std_002|thermal_shock_cycles|vibration_grms,digikey,57.5,40,,unknown,Panasonic Industry,P1.0KDATR-ND,MIL-PRF-39007,false,unknown,,,18
5905-00-493-1210__ERA-6AEB104V,5905-00-493-1210,ERA-6AEB104V,medium,2,4,0,0,1,false,,,,,,Composite 57.5 (coverage 40%). Meets 4 of 5 measurable requirements; 1 unknown. 6 qualification clauses under MIL-PRF-39007 require testing to verify. lifecycle/availability unknown (not enriched),6,humidity_resistance|lot_traceability|qualification|solderability_per_j_std_002|thermal_shock_cycles|vibration_grms,digikey,57.5,40,,unknown,Panasonic Industry,P100KDATR-ND,MIL-PRF-39007,false,unknown,,,19
5905-00-493-1210__ERA-6AEB203V,5905-00-493-1210,ERA-6AEB203V,medium,2,4,0,0,1,false,,,,,,Composite 57.5 (coverage 40%). Meets 4 of 5 measurable requirements; 1 unknown. 6 qualification clauses under MIL-PRF-39007 require testing to verify. lifecycle/availability unknown (not enriched),6,humidity_resistance|lot_traceability|qualification|solderability_per_j_std_002|thermal_shock_cycles|vibration_grms,digikey,57.5,40,,unknown,Panasonic Industry,P20KDATR-ND,MIL-PRF-39007,false,unknown,,,20
5905-00-493-1210__HoFL2-1000A75mVC12595NJ,5905-00-493-1210,HoFL2-1000A75mVC12595NJ,medium,2,4,0,0,1,false,,,,,,Composite 57.5 (coverage 40%). Meets 4 of 5 measurable requirements; 1 unknown. 6 qualification clauses under MIL-PRF-39007 require testing to verify. lifecycle/availability unknown (not enriched),6,humidity_resistance|lot_traceability|qualification|solderability_per_j_std_002|thermal_shock_cycles|vibration_grms,digikey,57.5,40,,unknown,Milliohm Electronics,5705-HoFL2-1000A75mVC12595NJ-ND,MIL-PRF-39007,false,unknown,,,21
5905-00-493-1210__HoFL2-100A75mVC10322NJ,5905-00-493-1210,HoFL2-100A75mVC10322NJ,medium,2,4,0,0,1,false,,,,,,Composite 57.5 (coverage 40%). Meets 4 of 5 measurable requirements; 1 unknown. 6 qualification clauses under MIL-PRF-39007 require testing to verify. lifecycle/availability unknown (not enriched),6,humidity_resistance|lot_traceability|qualification|solderability_per_j_std_002|thermal_shock_cycles|vibration_grms,digikey,57.5,40,,unknown,Milliohm Electronics,5705-HoFL2-100A75mVC10322NJ-ND,MIL-PRF-39007,false,unknown,,,22
5905-00-493-1210__HoFL2-1250A75mVC125110NJ,5905-00-493-1210,HoFL2-1250A75mVC125110NJ,medium,2,4,0,0,1,false,,,,,,Composite 57.5 (coverage 40%). Meets 4 of 5 measurable requirements; 1 unknown. 6 qualification clauses under MIL-PRF-39007 require testing to verify. lifecycle/availability unknown (not enriched),6,humidity_resistance|lot_traceability|qualification|solderability_per_j_std_002|thermal_shock_cycles|vibration_grms,digikey,57.5,40,,unknown,Milliohm Electronics,5705-HoFL2-1250A75mVC125110NJ-ND,MIL-PRF-39007,false,unknown,,,23
5905-00-493-1210__HoFL2-1500A75mVC125100NJ,5905-00-493-1210,HoFL2-1500A75mVC125100NJ,medium,2,4,0,0,1,false,,,,,,Composite 57.5 (coverage 40%). Meets 4 of 5 measurable requirements; 1 unknown. 6 qualification clauses under MIL-PRF-39007 require testing to verify. lifecycle/availability unknown (not enriched),6,humidity_resistance|lot_traceability|qualification|solderability_per_j_std_002|thermal_shock_cycles|vibration_grms,digikey,57.5,40,,unknown,Milliohm Electronics,5705-HoFL2-1500A75mVC125100NJ-ND,MIL-PRF-39007,false,unknown,,,24
5905-00-493-1210__HoFL2-150A75mVC11622NJ,5905-00-493-1210,HoFL2-150A75mVC11622NJ,medium,2,4,0,0,1,false,,,,,,Composite 57.5 (coverage 40%). Meets 4 of 5 measurable requirements; 1 unknown. 6 qualification clauses under MIL-PRF-39007 require testing to verify. lifecycle/availability unknown (not enriched),6,humidity_resistance|lot_traceability|qualification|solderability_per_j_std_002|thermal_shock_cycles|vibration_grms,digikey,57.5,40,,unknown,Milliohm Electronics,5705-HoFL2-150A75mVC11622NJ-ND,MIL-PRF-39007,false,unknown,,,25
5905-00-493-1211__AC2010DK-7W100KL,5905-00-493-1211,AC2010DK-7W100KL,low,1,6,0,0,1,false,,,,,,Composite 0.0 (coverage 40%). Meets 6 of 7 measurable requirements; 1 unknown. 6 qualification clauses under MIL-PRF-39007 require testing to verify. lifecycle/availability unknown (not enriched),6,humidity_resistance|lot_traceability|qualification|solderability_per_j_std_002|thermal_shock_cycles|vibration_grms,digikey,0,40,,unknown,YAGEO,13-AC2010DK-7W100KL-ND,MIL-PRF-39007,false,unknown,,,1
5905-00-493-1211__CHP2512K1003DBTC,5905-00-493-1211,CHP2512K1003DBTC,low,1,6,0,0,1,false,,,,,,Composite 0.0 (coverage 40%). Meets 6 of 7 measurable requirements; 1 unknown. 6 qualification clauses under MIL-PRF-39007 require testing to verify. lifecycle/availability unknown (not enriched),6,humidity_resistance|lot_traceability|qualification|solderability_per_j_std_002|thermal_shock_cycles|vibration_grms,digikey,0,40,,unknown,Vishay Sfernice,716-CHP2512K1003DBTCTR-ND,MIL-PRF-39007,false,unknown,,,2
5905-00-493-1211__CHP2512K1003DNTC,5905-00-493-1211,CHP2512K1003DNTC,low,1,6,0,0,1,false,,,,,,Composite 0.0 (coverage 40%). Meets 6 of 7 measurable requirements; 1 unknown. 6 qualification clauses under MIL-PRF-39007 require testing to verify. lifecycle/availability unknown (not enriched),6,humidity_resistance|lot_traceability|qualification|solderability_per_j_std_002|thermal_shock_cycles|vibration_grms,digikey,0,40,,unknown,Vishay Sfernice,716-CHP2512K1003DNTCTR-ND,MIL-PRF-39007,false,unknown,,,3
5905-00-493-1211__CMF60100K00DEEA,5905-00-493-1211,CMF60100K00DEEA,low,1,6,0,0,1,false,,,,,,Composite 0.0 (coverage 40%). Meets 6 of 7 measurable requirements; 1 unknown. 6 qualification clauses under MIL-PRF-39007 require testing to verify. lifecycle/availability unknown (not enriched),6,humidity_resistance|lot_traceability|qualification|solderability_per_j_std_002|thermal_shock_cycles|vibration_grms,digikey,0,40,,unknown,Vishay Dale,CMF60100K00DEEA-ND,MIL-PRF-39007,false,unknown,,,4
5905-00-493-1211__CMF60100K00DEEB,5905-00-493-1211,CMF60100K00DEEB,low,1,6,0,0,1,false,,,,,,Composite 0.0 (coverage 40%). Meets 6 of 7 measurable requirements; 1 unknown. 6 qualification clauses under MIL-PRF-39007 require testing to verify. lifecycle/availability unknown (not enriched),6,humidity_resistance|lot_traceability|qualification|solderability_per_j_std_002|thermal_shock_cycles|vibration_grms,digikey,0,40,,unknown,Vishay Dale,CMF60100K00DEEB-ND,MIL-PRF-39007,false,unknown,,,5
5905-00-493-1211__CMF60100K00DER6,5905-00-493-1211,CMF60100K00DER6,low,1,6,0,0,1,false,,,,,,Composite 0.0 (coverage 40%). Meets 6 of 7 measurable requirements; 1 unknown. 6 qualification clauses under MIL-PRF-39007 require testing to verify. lifecycle/availability unknown (not enriched),6,humidity_resistance|lot_traceability|qualification|solderability_per_j_std_002|thermal_shock_cycles|vibration_grms,digikey,0,40,,unknown,Vishay Dale,CMF60100K00DER6-ND,MIL-PRF-39007,false,unknown,,,6
5905-00-493-1211__CMF60100K00DERE,5905-00-493-1211,CMF60100K00DERE,low,1,6,0,0,1,false,,,,,,Composite 0.0 (coverage 40%). Meets 6 of 7 measurable requirements; 1 unknown. 6 qualification clauses under MIL-PRF-39007 require testing to verify. lifecycle/availability unknown (not enriched),6,humidity_resistance|lot_traceability|qualification|solderability_per_j_std_002|thermal_shock_cycles|vibration_grms,digikey,0,40,,unknown,Vishay Dale,CMF60100K00DERE-ND,MIL-PRF-39007,false,unknown,,,7
5905-00-493-1211__CMF60100K00DHEA,5905-00-493-1211,CMF60100K00DHEA,low,1,6,0,0,1,false,,,,,,Composite 0.0 (coverage 40%). Meets 6 of 7 measurable requirements; 1 unknown. 6 qualification clauses under MIL-PRF-39007 require testing to verify. lifecycle/availability unknown (not enriched),6,humidity_resistance|lot_traceability|qualification|solderability_per_j_std_002|thermal_shock_cycles|vibration_grms,digikey,0,40,,unknown,Vishay Dale,CMF60100K00DHEA-ND,MIL-PRF-39007,false,unknown,,,8
5905-00-493-1211__CMF60100K00DHR6,5905-00-493-1211,CMF60100K00DHR6,low,1,6,0,0,1,false,,,,,,Composite 0.0 (coverage 40%). Meets 6 of 7 measurable requirements; 1 unknown. 6 qualification clauses under MIL-PRF-39007 require testing to verify. lifecycle/availability unknown (not enriched),6,humidity_resistance|lot_traceability|qualification|solderability_per_j_std_002|thermal_shock_cycles|vibration_grms,digikey,0,40,,unknown,Vishay Dale,CMF60100K00DHR6-ND,MIL-PRF-39007,false,unknown,,,9
5905-00-493-1211__CMF60100K00DHRE,5905-00-493-1211,CMF60100K00DHRE,low,1,6,0,0,1,false,,,,,,Composite 0.0 (coverage 40%). Meets 6 of 7 measurable requirements; 1 unknown. 6 qualification clauses under MIL-PRF-39007 require testing to verify. lifecycle/availability unknown (not enriched),6,humidity_resistance|lot_traceability|qualification|solderability_per_j_std_002|thermal_shock_cycles|vibration_grms,digikey,0,40,,unknown,Vishay Dale,CMF60100K00DHRE-ND,MIL-PRF-39007,false,unknown,,,10
5905-00-493-1211__CMF60100K00BEBF,5905-00-493-1211,CMF60100K00BEBF,medium,2,6,0,0,1,false,,,,,,Composite 57.5 (coverage 40%). Meets 6 of 7 measurable requirements; 1 unknown. 6 qualification clauses under MIL-PRF-39007 require testing to verify. lifecycle/availability unknown (not enriched),6,humidity_resistance|lot_traceability|qualification|solderability_per_j_std_002|thermal_shock_cycles|vibration_grms,digikey,57.5,40,,unknown,Vishay Dale,CMF60100K00BEBF-ND,MIL-PRF-39007,false,unknown,,,11
5905-00-493-1211__CMF60100K00BEEA,5905-00-493-1211,CMF60100K00BEEA,medium,2,6,0,0,1,false,,,,,,Composite 57.5 (coverage 40%). Meets 6 of 7 measurable requirements; 1 unknown. 6 qualification clauses under MIL-PRF-39007 require testing to verify. lifecycle/availability unknown (not enriched),6,humidity_resistance|lot_traceability|qualification|solderability_per_j_std_002|thermal_shock_cycles|vibration_grms,digikey,57.5,40,,unknown,Vishay Dale,CMF60100K00BEEA-ND,MIL-PRF-39007,false,unknown,,,12
5905-00-493-1211__CMF60100K00BEEA70,5905-00-493-1211,CMF60100K00BEEA70,medium,2,6,0,0,1,false,,,,,,Composite 57.5 (coverage 40%). Meets 6 of 7 measurable requirements; 1 unknown. 6 qualification clauses under MIL-PRF-39007 require testing to verify. lifecycle/availability unknown (not enriched),6,humidity_resistance|lot_traceability|qualification|solderability_per_j_std_002|thermal_shock_cycles|vibration_grms,digikey,57.5,40,,unknown,Vishay Dale,CMF60100K00BEEA70-ND,MIL-PRF-39007,false,unknown,,,13
5905-00-493-1211__CMF60100K00BER6,5905-00-493-1211,CMF60100K00BER6,medium,2,6,0,0,1,false,,,,,,Composite 57.5 (coverage 40%). Meets 6 of 7 measurable requirements; 1 unknown. 6 qualification clauses under MIL-PRF-39007 require testing to verify. lifecycle/availability unknown (not enriched),6,humidity_resistance|lot_traceability|qualification|solderability_per_j_std_002|thermal_shock_cycles|vibration_grms,digikey,57.5,40,,unknown,Vishay Dale,CMF60100K00BER6-ND,MIL-PRF-39007,false,unknown,,,14
5905-00-493-1211__CMF60100K00BERE,5905-00-493-1211,CMF60100K00BERE,medium,2,6,0,0,1,false,,,,,,Composite 57.5 (coverage 40%). Meets 6 of 7 measurable requirements; 1 unknown. 6 qualification clauses under MIL-PRF-39007 require testing to verify. lifecycle/availability unknown (not enriched),6,humidity_resistance|lot_traceability|qualification|solderability_per_j_std_002|thermal_shock_cycles|vibration_grms,digikey,57.5,40,,unknown,Vishay Dale,CMF60100K00BERE-ND,MIL-PRF-39007,false,unknown,,,15
5905-00-493-1211__CMF60100K00BHEA,5905-00-493-1211,CMF60100K00BHEA,medium,2,6,0,0,1,false,,,,,,Composite 57.5 (coverage 40%). Meets 6 of 7 measurable requirements; 1 unknown. 6 qualification clauses under MIL-PRF-39007 require testing to verify. lifecycle/availability unknown (not enriched),6,humidity_resistance|lot_traceability|qualification|solderability_per_j_std_002|thermal_shock_cycles|vibration_grms,digikey,57.5,40,,unknown,Vishay Dale,CMF60100K00BHEA-ND,MIL-PRF-39007,false,unknown,,,16
5905-00-493-1211__CMF60100K00BHEB,5905-00-493-1211,CMF60100K00BHEB,medium,2,6,0,0,1,false,,,,,,Composite 57.5 (coverage 40%). Meets 6 of 7 measurable requirements; 1 unknown. 6 qualification clauses under MIL-PRF-39007 require testing to verify. lifecycle/availability unknown (not enriched),6,humidity_resistance|lot_traceability|qualification|solderability_per_j_std_002|thermal_shock_cycles|vibration_grms,digikey,57.5,40,,unknown,Vishay Dale,CMF60100K00BHEB-ND,MIL-PRF-39007,false,unknown,,,17
5905-00-493-1211__CMF60100K00BHR6,5905-00-493-1211,CMF60100K00BHR6,medium,2,6,0,0,1,false,,,,,,Composite 57.5 (coverage 40%). Meets 6 of 7 measurable requirements; 1 unknown. 6 qualification clauses under MIL-PRF-39007 require testing to verify. lifecycle/availability unknown (not enriched),6,humidity_resistance|lot_traceability|qualification|solderability_per_j_std_002|thermal_shock_cycles|vibration_grms,digikey,57.5,40,,unknown,Vishay Dale,CMF60100K00BHR6-ND,MIL-PRF-39007,false,unknown,,,18
5905-00-493-1211__CMF60100K00BHRE,5905-00-493-1211,CMF60100K00BHRE,medium,2,6,0,0,1,false,,,,,,Composite 57.5 (coverage 40%). Meets 6 of 7 measurable requirements; 1 unknown. 6 qualification clauses under MIL-PRF-39007 require testing to verify. lifecycle/availability unknown (not enriched),6,humidity_resistance|lot_traceability|qualification|solderability_per_j_std_002|thermal_shock_cycles|vibration_grms,digikey,57.5,40,,unknown,Vishay Dale,CMF60100K00BHRE-ND,MIL-PRF-39007,false,unknown,,,19
5905-00-493-1211__CMF60100K00CEEA,5905-00-493-1211,CMF60100K00CEEA,medium,2,6,0,0,1,false,,,,,,Composite 57.5 (coverage 40%). Meets 6 of 7 measurable requirements; 1 unknown. 6 qualification clauses under MIL-PRF-39007 require testing to verify. lifecycle/availability unknown (not enriched),6,humidity_resistance|lot_traceability|qualification|solderability_per_j_std_002|thermal_shock_cycles|vibration_grms,digikey,57.5,40,,unknown,Vishay Dale,CMF60100K00CEEA-ND,MIL-PRF-39007,false,unknown,,,20
5905-00-493-1211__CMF60100K00CEEB,5905-00-493-1211,CMF60100K00CEEB,medium,2,6,0,0,1,false,,,,,,Composite 57.5 (coverage 40%). Meets 6 of 7 measurable requirements; 1 unknown. 6 qualification clauses under MIL-PRF-39007 require testing to verify. lifecycle/availability unknown (not enriched),6,humidity_resistance|lot_traceability|qualification|solderability_per_j_std_002|thermal_shock_cycles|vibration_grms,digikey,57.5,40,,unknown,Vishay Dale,CMF60100K00CEEB-ND,MIL-PRF-39007,false,unknown,,,21
5905-00-493-1211__CMF60100K00CER6,5905-00-493-1211,CMF60100K00CER6,medium,2,6,0,0,1,false,,,,,,Composite 57.5 (coverage 40%). Meets 6 of 7 measurable requirements; 1 unknown. 6 qualification clauses under MIL-PRF-39007 require testing to verify. lifecycle/availability unknown (not enriched),6,humidity_resistance|lot_traceability|qualification|solderability_per_j_std_002|thermal_shock_cycles|vibration_grms,digikey,57.5,40,,unknown,Vishay Dale,541-CMF60100K00CER6TR-ND,MIL-PRF-39007,false,unknown,,,22
5905-00-493-1211__CMF60100K00CERE,5905-00-493-1211,CMF60100K00CERE,medium,2,6,0,0,1,false,,,,,,Composite 57.5 (coverage 40%). Meets 6 of 7 measurable requirements; 1 unknown. 6 qualification clauses under MIL-PRF-39007 require testing to verify. lifecycle/availability unknown (not enriched),6,humidity_resistance|lot_traceability|qualification|solderability_per_j_std_002|thermal_shock_cycles|vibration_grms,digikey,57.5,40,,unknown,Vishay Dale,CMF60100K00CERE-ND,MIL-PRF-39007,false,unknown,,,23
5905-00-493-1211__CMF65100K00BEEB,5905-00-493-1211,CMF65100K00BEEB,medium,2,6,0,0,1,false,,,,,,Composite 57.5 (coverage 40%). Meets 6 of 7 measurable requirements; 1 unknown. 6 qualification clauses under MIL-PRF-39007 require testing to verify. lifecycle/availability unknown (not enriched),6,humidity_resistance|lot_traceability|qualification|solderability_per_j_std_002|thermal_shock_cycles|vibration_grms,digikey,57.5,40,,unknown,Vishay Dale,541-CMF65100K00BEEBTR-ND,MIL-PRF-39007,false,unknown,,,24
5905-00-493-1211__CMF65100K00BER6,5905-00-493-1211,CMF65100K00BER6,medium,2,6,0,0,1,false,,,,,,Composite 57.5 (coverage 40%). Meets 6 of 7 measurable requirements; 1 unknown. 6 qualification clauses under MIL-PRF-39007 require testing to verify. lifecycle/availability unknown (not enriched),6,humidity_resistance|lot_traceability|qualification|solderability_per_j_std_002|thermal_shock_cycles|vibration_grms,digikey,57.5,40,,unknown,Vishay Dale,CMF65100K00BER6-ND,MIL-PRF-39007,false,unknown,,,25
"5905-01-173-4875__2CS 1R0 0,5%",5905-01-173-4875,"2CS 1R0 0,5%",low,1,6,0,0,1,false,,,,,,Composite 0.0 (coverage 40%). Meets 6 of 7 measurable requirements; 1 unknown. 6 qualification clauses under MIL-PRF-39007 require testing to verify. lifecycle/availability unknown (not enriched),6,humidity_resistance|lot_traceability|qualification|solderability_per_j_std_002|thermal_shock_cycles|vibration_grms,digikey,0,40,,unknown,ATE Electronics s.r.l.,"6650-2CS1R00,5%-ND",MIL-PRF-39007,false,unknown,,,1
5905-01-173-4875__CPF11R0000DKE14,5905-01-173-4875,CPF11R0000DKE14,low,1,6,0,0,1,false,,,,,,Composite 0.0 (coverage 40%). Meets 6 of 7 measurable requirements; 1 unknown. 6 qualification clauses under MIL-PRF-39007 require testing to verify. lifecycle/availability unknown (not enriched),6,humidity_resistance|lot_traceability|qualification|solderability_per_j_std_002|thermal_shock_cycles|vibration_grms,digikey,0,40,,unknown,Vishay Dale,541-CPF11R0000DKE14-ND,MIL-PRF-39007,false,unknown,,,2
5905-01-173-4875__CPF31R0000DKB14,5905-01-173-4875,CPF31R0000DKB14,low,1,6,0,0,1,false,,,,,,Composite 0.0 (coverage 40%). Meets 6 of 7 measurable requirements; 1 unknown. 6 qualification clauses under MIL-PRF-39007 require testing to verify. lifecycle/availability unknown (not enriched),6,humidity_resistance|lot_traceability|qualification|solderability_per_j_std_002|thermal_shock_cycles|vibration_grms,digikey,0,40,,unknown,Vishay Dale,541-CPF31R0000DKB14-ND,MIL-PRF-39007,false,unknown,,,3
5905-01-173-4875__CRT0805-DY-1R00ELF,5905-01-173-4875,CRT0805-DY-1R00ELF,low,1,6,0,0,1,false,,,,,,Composite 0.0 (coverage 40%). Meets 6 of 7 measurable requirements; 1 unknown. 6 qualification clauses under MIL-PRF-39007 require testing to verify. lifecycle/availability unknown (not enriched),6,humidity_resistance|lot_traceability|qualification|solderability_per_j_std_002|thermal_shock_cycles|vibration_grms,digikey,0,40,,unknown,Bourns Inc.,118-CRT0805-DY-1R00ELFTR-ND,MIL-PRF-39007,false,unknown,,,4
5905-01-173-4875__CSRT0603DT1R00,5905-01-173-4875,CSRT0603DT1R00,low,1,6,0,0,1,false,,,,,,Composite 0.0 (coverage 40%). Meets 6 of 7 measurable requirements; 1 unknown. 6 qualification clauses under MIL-PRF-39007 require testing to verify. lifecycle/availability unknown (not enriched),6,humidity_resistance|lot_traceability|qualification|solderability_per_j_std_002|thermal_shock_cycles|vibration_grms,digikey,0,40,,unknown,Stackpole Electronics Inc,738-CSRT0603DT1R00TR-ND,MIL-PRF-39007,false,unknown,,,5
5905-01-173-4875__ERJ-UP6D1R00V,5905-01-173-4875,ERJ-UP6D1R00V,low,1,6,0,0,1,false,,,,,,Composite 0.0 (coverage 23%). Meets 6 of 7 measurable requirements; 1 unknown. 6 qualification clauses under MIL-PRF-39007 require testing to verify. lifecycle/availability unknown (not enriched),6,humidity_resistance|lot_traceability|qualification|solderability_per_j_std_002|thermal_shock_cycles|vibration_grms,digikey,0,23,,unknown,Panasonic Industry,10-ERJ-UP6D1R00VTR-ND,MIL-PRF-39007,false,unknown,,,6
5905-01-173-4875__ERJ-UP8D1R00V,5905-01-173-4875,ERJ-UP8D1R00V,low,1,6,0,0,1,false,,,,,,Composite 0.0 (coverage 40%). Meets 6 of 7 measurable requirements; 1 unknown. 6 qualification clauses under MIL-PRF-39007 require testing to verify. lifecycle/availability unknown (not enriched),6,humidity_resistance|lot_traceability|qualification|solderability_per_j_std_002|thermal_shock_cycles|vibration_grms,digikey,0,40,,unknown,Panasonic Industry,10-ERJ-UP8D1R00VTR-ND,MIL-PRF-39007,false,unknown,,,7
5905-01-173-4875__MAW1R0000D,5905-01-173-4875,MAW1R0000D,low,1,6,0,0,1,false,,,,,,Composite 0.0 (coverage 40%). Meets 6 of 7 measurable requirements; 1 unknown. 6 qualification clauses under MIL-PRF-39007 require testing to verify. lifecycle/availability unknown (not enriched),6,humidity_resistance|lot_traceability|qualification|solderability_per_j_std_002|thermal_shock_cycles|vibration_grms,digikey,0,40,,unknown,VPG Foil Resistors,804-MAW1R0000D-ND,MIL-PRF-39007,false,unknown,,,8
5905-01-173-4875__MCW1R0000D,5905-01-173-4875,MCW1R0000D,low,1,6,0,0,1,false,,,,,,Composite 0.0 (coverage 40%). Meets 6 of 7 measurable requirements; 1 unknown. 6 qualification clauses under MIL-PRF-39007 require testing to verify. lifecycle/availability unknown (not enriched),6,humidity_resistance|lot_traceability|qualification|solderability_per_j_std_002|thermal_shock_cycles|vibration_grms,digikey,0,40,,unknown,VPG Foil Resistors,804-MCW1R0000D-ND,MIL-PRF-39007,false,unknown,,,9
5905-01-173-4875__MWW10DT1R00,5905-01-173-4875,MWW10DT1R00,low,1,6,0,0,1,false,,,,,,Composite 0.0 (coverage 40%). Meets 6 of 7 measurable requirements; 1 unknown. 6 qualification clauses under MIL-PRF-39007 require testing to verify. lifecycle/availability unknown (not enriched),6,humidity_resistance|lot_traceability|qualification|solderability_per_j_std_002|thermal_shock_cycles|vibration_grms,digikey,0,40,,unknown,Stackpole Electronics Inc,MWW10DT1R00-ND,MIL-PRF-39007,false,unknown,,,10
5905-01-173-4875__AC0805DR-071RL,5905-01-173-4875,AC0805DR-071RL,medium,2,5,1,0,1,false,,,,,,Composite 42.5 (coverage 40%). Meets 5 of 7 measurable requirements; fails temperature_coefficient; 1 unknown. 6 qualification clauses under MIL-PRF-39007 require testing to verify. lifecycle/availability unknown (not enriched),6,humidity_resistance|lot_traceability|qualification|solderability_per_j_std_002|thermal_shock_cycles|vibration_grms,digikey,42.5,40,,unknown,YAGEO,13-AC0805DR-071RL-ND,MIL-PRF-39007,false,unknown,,,11
5905-01-173-4875__AC1206DR-071RL,5905-01-173-4875,AC1206DR-071RL,medium,2,5,1,0,1,false,,,,,,Composite 42.5 (coverage 40%). Meets 5 of 7 measurable requirements; fails temperature_coefficient; 1 unknown. 6 qualification clauses under MIL-PRF-39007 require testing to verify. lifecycle/availability unknown (not enriched),6,humidity_resistance|lot_traceability|qualification|solderability_per_j_std_002|thermal_shock_cycles|vibration_grms,digikey,42.5,40,,unknown,YAGEO,13-AC1206DR-071RL-ND,MIL-PRF-39007,false,unknown,,,12
5905-01-173-4875__AF1206DR-071RL,5905-01-173-4875,AF1206DR-071RL,medium,2,5,1,0,1,false,,,,,,Composite 42.5 (coverage 40%). Meets 5 of 7 measurable requirements; fails temperature_coefficient; 1 unknown. 6 qualification clauses under MIL-PRF-39007 require testing to verify. lifecycle/availability unknown (not enriched),6,humidity_resistance|lot_traceability|qualification|solderability_per_j_std_002|thermal_shock_cycles|vibration_grms,digikey,42.5,40,,unknown,YAGEO,13-AF1206DR-071RL-ND,MIL-PRF-39007,false,unknown,,,13
5905-01-173-4875__ERJ-H3QD1R00V,5905-01-173-4875,ERJ-H3QD1R00V,medium,2,5,1,0,1,false,,,,,,Composite 42.5 (coverage 40%). Meets 5 of 7 measurable requirements; fails temperature_coefficient; 1 unknown. 6 qualification clauses under MIL-PRF-39007 require testing to verify. lifecycle/availability unknown (not enriched),6,humidity_resistance|lot_traceability|qualification|solderability_per_j_std_002|thermal_shock_cycles|vibration_grms,digikey,42.5,40,,unknown,Panasonic Industry,10-ERJ-H3QD1R00VTR-ND,MIL-PRF-39007,false,unknown,,,14
5905-01-173-4875__CPF0805B1R0E1,5905-01-173-4875,CPF0805B1R0E1,medium,2,6,0,0,1,false,,,,,,Composite 57.5 (coverage 40%). Meets 6 of 7 measurable requirements; 1 unknown. 6 qualification clauses under MIL-PRF-39007 require testing to verify. lifecycle/availability unknown (not enriched),6,humidity_resistance|lot_traceability|qualification|solderability_per_j_std_002|thermal_shock_cycles|vibration_grms,digikey,57.5,40,,unknown,TE Connectivity Passive Product,1712-CPF0805B1R0E1TR-ND,MIL-PRF-39007,false,unknown,,,15
5905-01-173-4875__CPF1206B1R0E1,5905-01-173-4875,CPF1206B1R0E1,medium,2,6,0,0,1,false,,,,,,Composite 57.5 (coverage 40%). Meets 6 of 7 measurable requirements; 1 unknown. 6 qualification clauses under MIL-PRF-39007 require testing to verify. lifecycle/availability unknown (not enriched),6,humidity_resistance|lot_traceability|qualification|solderability_per_j_std_002|thermal_shock_cycles|vibration_grms,digikey,57.5,40,,unknown,TE Connectivity Passive Product,1712-CPF1206B1R0E1TR-ND,MIL-PRF-39007,false,unknown,,,16
5905-01-173-4875__CRT0805-CY-1R00ELF,5905-01-173-4875,CRT0805-CY-1R00ELF,medium,2,6,0,0,1,false,,,,,,Composite 57.5 (coverage 40%). Meets 6 of 7 measurable requirements; 1 unknown. 6 qualification clauses under MIL-PRF-39007 require testing to verify. lifecycle/availability unknown (not enriched),6,humidity_resistance|lot_traceability|qualification|solderability_per_j_std_002|thermal_shock_cycles|vibration_grms,digikey,57.5,40,,unknown,Bourns Inc.,CRT0805-CY-1R00ELFTR-ND,MIL-PRF-39007,false,unknown,,,17
5905-01-173-4875__FNPX1R000B,5905-01-173-4875,FNPX1R000B,medium,2,6,0,0,1,false,,,,,,Composite 57.5 (coverage 40%). Meets 6 of 7 measurable requirements; 1 unknown. 6 qualification clauses under MIL-PRF-39007 require testing to verify. lifecycle/availability unknown (not enriched),6,humidity_resistance|lot_traceability|qualification|solderability_per_j_std_002|thermal_shock_cycles|vibration_grms,digikey,57.5,40,,unknown,VPG Foil Resistors,804-FNPX1R000B-ND,MIL-PRF-39007,false,unknown,,,18
5905-01-173-4875__FNPY1R000A,5905-01-173-4875,FNPY1R000A,medium,2,6,0,0,1,false,,,,,,Composite 57.5 (coverage 40%). Meets 6 of 7 measurable requirements; 1 unknown. 6 qualification clauses under MIL-PRF-39007 require testing to verify. lifecycle/availability unknown (not enriched),6,humidity_resistance|lot_traceability|qualification|solderability_per_j_std_002|thermal_shock_cycles|vibration_grms,digikey,57.5,40,,unknown,VPG Foil Resistors,804-FNPY1R000A-ND,MIL-PRF-39007,false,unknown,,,19
5905-01-173-4875__FNPZ1R000A,5905-01-173-4875,FNPZ1R000A,medium,2,6,0,0,1,false,,,,,,Composite 57.5 (coverage 40%). Meets 6 of 7 measurable requirements; 1 unknown. 6 qualification clauses under MIL-PRF-39007 require testing to verify. lifecycle/availability unknown (not enriched),6,humidity_resistance|lot_traceability|qualification|solderability_per_j_std_002|thermal_shock_cycles|vibration_grms,digikey,57.5,40,,unknown,VPG Foil Resistors,804-FNPZ1R000A-ND,MIL-PRF-39007,false,unknown,,,20
5905-01-173-4875__MWW10BT1R00,5905-01-173-4875,MWW10BT1R00,medium,2,6,0,0,1,false,,,,,,Composite 57.5 (coverage 40%). Meets 6 of 7 measurable requirements; 1 unknown. 6 qualification clauses under MIL-PRF-39007 require testing to verify. lifecycle/availability unknown (not enriched),6,humidity_resistance|lot_traceability|qualification|solderability_per_j_std_002|thermal_shock_cycles|vibration_grms,digikey,57.5,40,,unknown,Stackpole Electronics Inc,MWW10BT1R00-ND,MIL-PRF-39007,false,unknown,,,21
5905-01-173-4875__NS02C1R000BB12,5905-01-173-4875,NS02C1R000BB12,medium,2,6,0,0,1,false,,,,,,Composite 57.5 (coverage 40%). Meets 6 of 7 measurable requirements; 1 unknown. 6 qualification clauses under MIL-PRF-39007 require testing to verify. lifecycle/availability unknown (not enriched),6,humidity_resistance|lot_traceability|qualification|solderability_per_j_std_002|thermal_shock_cycles|vibration_grms,digikey,57.5,40,,unknown,Vishay Dale,541-NS02C1R000BB12-ND,MIL-PRF-39007,false,unknown,,,22
5905-01-173-4875__PCW1R0000B,5905-01-173-4875,PCW1R0000B,medium,2,6,0,0,1,false,,,,,,Composite 57.5 (coverage 40%). Meets 6 of 7 measurable requirements; 1 unknown. 6 qualification clauses under MIL-PRF-39007 require testing to verify. lifecycle/availability unknown (not enriched),6,humidity_resistance|lot_traceability|qualification|solderability_per_j_std_002|thermal_shock_cycles|vibration_grms,digikey,57.5,40,,unknown,VPG Foil Resistors,804-PCW1R0000B-ND,MIL-PRF-39007,false,unknown,,,23
5905-01-173-4875__PCX1R0000B,5905-01-173-4875,PCX1R0000B,medium,2,6,0,0,1,false,,,,,,Composite 57.5 (coverage 40%). Meets 6 of 7 measurable requirements; 1 unknown. 6 qualification clauses under MIL-PRF-39007 require testing to verify. lifecycle/availability unknown (not enriched),6,humidity_resistance|lot_traceability|qualification|solderability_per_j_std_002|thermal_shock_cycles|vibration_grms,digikey,57.5,40,,unknown,VPG Foil Resistors,PCX1R0000B-ND,MIL-PRF-39007,false,unknown,,,24
5905-01-173-4875__FWP2274P-1R00-B,5905-01-173-4875,FWP2274P-1R00-B,high,3,5,1,0,1,false,,,,,,Hard gate failure: operating_temp_min. composite skipped (100). Meets 5 of 7 measurable requirements; fails operating_temp_min; 1 unknown. 6 qualification clauses under MIL-PRF-39007 require testing to verify. lifecycle/availability unknown (not enriched),6,humidity_resistance|lot_traceability|qualification|solderability_per_j_std_002|thermal_shock_cycles|vibration_grms,digikey,100,0,operating_temp_min,unknown,Riedon products by Bourns,696-FWP2274P-1R00-B-ND,MIL-PRF-39007,false,unknown,,,25
5905-01-290-1192__AC05AT0001500JAC00,5905-01-290-1192,AC05AT0001500JAC00,low,1,5,0,0,2,false,,,0.45514,1000,,Composite 0.0 (coverage 61%). Meets 5 of 7 measurable requirements; 2 unknown. 7 qualification clauses under MIL-PRF-55342 require testing to verify. lifecycle status unknown; 5 distributors,7,dpa_sample_required|humidity_resistance|lot_traceability|qualification|solderability_per_j_std_002|thermal_shock_cycles|vibration_grms,digikey,0,61,,unknown,Vishay,749-1829-1-ND,MIL-PRF-55342,true,unknown,5,,1
5905-01-290-1192__3522150RJT,5905-01-290-1192,3522150RJT,low,1,5,1,0,1,false,,,0.314,1000,,Composite 21.8 (coverage 78%). Meets 5 of 7 measurable requirements; fails temperature_coefficient; 1 unknown. 7 qualification clauses under MIL-PRF-55342 require testing to verify. lifecycle status unknown; 18 distributors,7,dpa_sample_required|humidity_resistance|lot_traceability|qualification|solderability_per_j_std_002|thermal_shock_cycles|vibration_grms,digikey,21.7949,78,,unknown,TE Connectivity Passive Product,A121144TR-ND,MIL-PRF-55342,true,unknown,18,,2
5905-01-290-1192__3540150RJT,5905-01-290-1192,3540150RJT,low,1,5,1,0,1,false,,,0.8296,1000,,Composite 21.8 (coverage 78%). Meets 5 of 7 measurable requirements; fails temperature_coefficient; 1 unknown. 7 qualification clauses under MIL-PRF-55342 require testing to verify. lifecycle status unknown; 8 distributors,7,dpa_sample_required|humidity_resistance|lot_traceability|qualification|solderability_per_j_std_002|thermal_shock_cycles|vibration_grms,digikey,21.7949,78,,unknown,TE Connectivity Passive Product,A143572TR-ND,MIL-PRF-55342,true,unknown,8,,3
5905-01-290-1192__3550150RJT,5905-01-290-1192,3550150RJT,medium,2,5,1,0,1,false,,,,,,Composite 42.5 (coverage 40%). Meets 5 of 7 measurable requirements; fails temperature_coefficient; 1 unknown. 7 qualification clauses under MIL-PRF-55342 require testing to verify. lifecycle/availability unknown (not enriched),7,dpa_sample_required|humidity_resistance|lot_traceability|qualification|solderability_per_j_std_002|thermal_shock_cycles|vibration_grms,digikey,42.5,40,,unknown,TE Connectivity Passive Product,A143826TR-ND,MIL-PRF-55342,false,unknown,,,4
5905-01-290-1192__3560150RJT,5905-01-290-1192,3560150RJT,medium,2,5,1,0,1,false,,,,,,Composite 42.5 (coverage 40%). Meets 5 of 7 measurable requirements; fails temperature_coefficient; 1 unknown. 7 qualification clauses under MIL-PRF-55342 require testing to verify. lifecycle/availability unknown (not enriched),7,dpa_sample_required|humidity_resistance|lot_traceability|qualification|solderability_per_j_std_002|thermal_shock_cycles|vibration_grms,digikey,42.5,40,,unknown,TE Connectivity Passive Product,A144080TR-ND,MIL-PRF-55342,false,unknown,,,5
5905-01-290-1192__AP836 150R J,5905-01-290-1192,AP836 150R J,medium,2,5,1,0,1,false,,,,,,Composite 42.5 (coverage 40%). Meets 5 of 7 measurable requirements; fails temperature_coefficient; 1 unknown. 7 qualification clauses under MIL-PRF-55342 require testing to verify. lifecycle/availability unknown (not enriched),7,dpa_sample_required|humidity_resistance|lot_traceability|qualification|solderability_per_j_std_002|thermal_shock_cycles|vibration_grms,digikey,42.5,40,,unknown,Ohmite,273-AP836150RJ-ND,MIL-PRF-55342,false,unknown,,,6
5905-01-290-1192__C10150RJL,5905-01-290-1192,C10150RJL,medium,2,5,1,0,1,false,,,,,,Composite 42.5 (coverage 40%). Meets 5 of 7 measurable requirements; fails temperature_coefficient; 1 unknown. 7 qualification clauses under MIL-PRF-55342 require testing to verify. lifecycle/availability unknown (not enriched),7,dpa_sample_required|humidity_resistance|lot_traceability|qualification|solderability_per_j_std_002|thermal_shock_cycles|vibration_grms,digikey,42.5,40,,unknown,TE Connectivity Passive Product,C10150RJL-ND,MIL-PRF-55342,false,unknown,,,7
5905-01-290-1192__805F150E,5905-01-290-1192,805F150E,medium,2,6,0,0,1,false,,,,,,Composite 57.5 (coverage 40%). Meets 6 of 7 measurable requirements; 1 unknown. 7 qualification clauses under MIL-PRF-55342 require testing to verify. lifecycle/availability unknown (not enriched),7,dpa_sample_required|humidity_resistance|lot_traceability|qualification|solderability_per_j_std_002|thermal_shock_cycles|vibration_grms,digikey,57.5,40,,unknown,Ohmite,805F150E-ND,MIL-PRF-55342,false,unknown,,,8
5905-01-290-1192__825F150E,5905-01-290-1192,825F150E,medium,2,6,0,0,1,false,,,,,,Composite 57.5 (coverage 40%). Meets 6 of 7 measurable requirements; 1 unknown. 7 qualification clauses under MIL-PRF-55342 require testing to verify. lifecycle/availability unknown (not enriched),7,dpa_sample_required|humidity_resistance|lot_traceability|qualification|solderability_per_j_std_002|thermal_shock_cycles|vibration_grms,digikey,57.5,40,,unknown,Ohmite,2266-825F150E-ND,MIL-PRF-55342,false,unknown,,,9
5905-01-290-1192__850F150E,5905-01-290-1192,850F150E,medium,2,6,0,0,1,false,,,,,,Composite 57.5 (coverage 40%). Meets 6 of 7 measurable requirements; 1 unknown. 7 qualification clauses under MIL-PRF-55342 require testing to verify. lifecycle/availability unknown (not enriched),7,dpa_sample_required|humidity_resistance|lot_traceability|qualification|solderability_per_j_std_002|thermal_shock_cycles|vibration_grms,digikey,57.5,40,,unknown,Ohmite,850F150E-ND,MIL-PRF-55342,false,unknown,,,10
5905-01-290-1192__ALX25W150RBET,5905-01-290-1192,ALX25W150RBET,medium,2,6,0,0,1,false,,,,,,Composite 57.5 (coverage 40%). Meets 6 of 7 measurable requirements; 1 unknown. 7 qualification clauses under MIL-PRF-55342 require testing to verify. lifecycle/availability unknown (not enriched),7,dpa_sample_required|humidity_resistance|lot_traceability|qualification|solderability_per_j_std_002|thermal_shock_cycles|vibration_grms,digikey,57.5,40,,unknown,Ohmite,273-ALX25W150RBETTR-ND,MIL-PRF-55342,false,unknown,,,11
5905-01-290-1192__3430A3F150RTDF,5905-01-290-1192,3430A3F150RTDF,high,3,5,1,0,1,false,,,,,,Composite 100.0 (coverage 40%). Meets 5 of 7 measurable requirements; fails temperature_coefficient; 1 unknown. 7 qualification clauses under MIL-PRF-55342 require testing to verify. lifecycle/availability unknown (not enriched),7,dpa_sample_required|humidity_resistance|lot_traceability|qualification|solderability_per_j_std_002|thermal_shock_cycles|vibration_grms,digikey,100,40,,unknown,TE Connectivity Passive Product,1712-3430A3F150RTDFTR-ND,MIL-PRF-55342,false,unknown,,,12
5905-01-290-1192__3504G3A150RFTDF,5905-01-290-1192,3504G3A150RFTDF,high,3,5,1,0,1,false,,,,,,Composite 100.0 (coverage 40%). Meets 5 of 7 measurable requirements; fails temperature_coefficient; 1 unknown. 7 qualification clauses under MIL-PRF-55342 require testing to verify. lifecycle/availability unknown (not enriched),7,dpa_sample_required|humidity_resistance|lot_traceability|qualification|solderability_per_j_std_002|thermal_shock_cycles|vibration_grms,digikey,100,40,,unknown,TE Connectivity Passive Product,1712-3504G3A150RFTDFTR-ND,MIL-PRF-55342,false,unknown,,,13
5905-01-290-1192__3522150RFT,5905-01-290-1192,3522150RFT,high,3,5,1,0,1,false,,,,,,Composite 100.0 (coverage 40%). Meets 5 of 7 measurable requirements; fails temperature_coefficient; 1 unknown. 7 qualification clauses under MIL-PRF-55342 require testing to verify. lifecycle/availability unknown (not enriched),7,dpa_sample_required|humidity_resistance|lot_traceability|qualification|solderability_per_j_std_002|thermal_shock_cycles|vibration_grms,digikey,100,40,,unknown,TE Connectivity Passive Product,A121143TR-ND,MIL-PRF-55342,false,unknown,,,14
5905-01-290-1192__3540150RFT,5905-01-290-1192,3540150RFT,high,3,5,1,0,1,false,,,,,,Composite 100.0 (coverage 40%). Meets 5 of 7 measurable requirements; fails temperature_coefficient; 1 unknown. 7 qualification clauses under MIL-PRF-55342 require testing to verify. lifecycle/availability unknown (not enriched),7,dpa_sample_required|humidity_resistance|lot_traceability|qualification|solderability_per_j_std_002|thermal_shock_cycles|vibration_grms,digikey,100,40,,unknown,TE Connectivity Passive Product,A143429TR-ND,MIL-PRF-55342,false,unknown,,,15
5905-01-290-1192__3550150RFT,5905-01-290-1192,3550150RFT,high,3,5,1,0,1,false,,,,,,Composite 100.0 (coverage 40%). Meets 5 of 7 measurable requirements; fails temperature_coefficient; 1 unknown. 7 qualification clauses under MIL-PRF-55342 require testing to verify. lifecycle/availability unknown (not enriched),7,dpa_sample_required|humidity_resistance|lot_traceability|qualification|solderability_per_j_std_002|thermal_shock_cycles|vibration_grms,digikey,100,40,,unknown,TE Connectivity Passive Product,A143683TR-ND,MIL-PRF-55342,false,unknown,,,16
5905-01-290-1192__3560150RFT,5905-01-290-1192,3560150RFT,high,3,5,1,0,1,false,,,,,,Composite 100.0 (coverage 40%). Meets 5 of 7 measurable requirements; fails temperature_coefficient; 1 unknown. 7 qualification clauses under MIL-PRF-55342 require testing to verify. lifecycle/availability unknown (not enriched),7,dpa_sample_required|humidity_resistance|lot_traceability|qualification|solderability_per_j_std_002|thermal_shock_cycles|vibration_grms,digikey,100,40,,unknown,TE Connectivity Passive Product,A143937TR-ND,MIL-PRF-55342,false,unknown,,,17
5905-01-290-1192__5-2176400-3,5905-01-290-1192,5-2176400-3,high,3,5,1,0,1,false,,,,,,Composite 100.0 (coverage 40%). Meets 5 of 7 measurable requirements; fails temperature_coefficient; 1 unknown. 7 qualification clauses under MIL-PRF-55342 require testing to verify. lifecycle/availability unknown (not enriched),7,dpa_sample_required|humidity_resistance|lot_traceability|qualification|solderability_per_j_std_002|thermal_shock_cycles|vibration_grms,digikey,100,40,,unknown,TE Connectivity,5831-5-2176400-3TR-ND,MIL-PRF-55342,false,unknown,,,18
5905-01-290-1192__ALSR03150R0FE12,5905-01-290-1192,ALSR03150R0FE12,high,3,5,1,0,1,false,,,,,,Composite 100.0 (coverage 40%). Meets 5 of 7 measurable requirements; fails temperature_coefficient; 1 unknown. 7 qualification clauses under MIL-PRF-55342 require testing to verify. lifecycle/availability unknown (not enriched),7,dpa_sample_required|humidity_resistance|lot_traceability|qualification|solderability_per_j_std_002|thermal_shock_cycles|vibration_grms,digikey,100,40,,unknown,Vishay Dale,ALSR3F-150-ND,MIL-PRF-55342,false,unknown,,,19
5905-01-290-1192__ALSR05150R0FE12,5905-01-290-1192,ALSR05150R0FE12,high,3,5,1,0,1,false,,,,,,Composite 100.0 (coverage 40%). Meets 5 of 7 measurable requirements; fails temperature_coefficient; 1 unknown. 7 qualification clauses under MIL-PRF-55342 require testing to verify. lifecycle/availability unknown (not enriched),7,dpa_sample_required|humidity_resistance|lot_traceability|qualification|solderability_per_j_std_002|thermal_shock_cycles|vibration_grms,digikey,100,40,,unknown,Vishay Dale,ALSR5F-150-ND,MIL-PRF-55342,false,unknown,,,20
5905-01-290-1192__AC04000001500JAC00,5905-01-290-1192,AC04000001500JAC00,high,3,4,1,0,2,false,,,,,,Hard gate failure: operating_temp_min. composite skipped (100). Meets 4 of 7 measurable requirements; fails operating_temp_min; 2 unknown. 7 qualification clauses under MIL-PRF-55342 require testing to verify. lifecycle/availability unknown (not enriched),7,dpa_sample_required|humidity_resistance|lot_traceability|qualification|solderability_per_j_std_002|thermal_shock_cycles|vibration_grms,digikey,100,0,operating_temp_min,unknown,Vishay,749-AC04000001500JAC00CT-ND,MIL-PRF-55342,false,unknown,,,21
5905-01-290-1192__AC05000001500JAC00,5905-01-290-1192,AC05000001500JAC00,high,3,4,1,0,2,false,,,,,,Hard gate failure: operating_temp_min. composite skipped (100). Meets 4 of 7 measurable requirements; fails operating_temp_min; 2 unknown. 7 qualification clauses under MIL-PRF-55342 require testing to verify. lifecycle/availability unknown (not enriched),7,dpa_sample_required|humidity_resistance|lot_traceability|qualification|solderability_per_j_std_002|thermal_shock_cycles|vibration_grms,digikey,100,0,operating_temp_min,unknown,Vishay,749-AC05000001500JAC00CT-ND,MIL-PRF-55342,false,unknown,,,22
5905-01-290-1192__AC07000001500JAC00,5905-01-290-1192,AC07000001500JAC00,high,3,4,1,0,2,false,,,,,,Hard gate failure: operating_temp_min. composite skipped (100). Meets 4 of 7 measurable requirements; fails operating_temp_min; 2 unknown. 7 qualification clauses under MIL-PRF-55342 require testing to verify. lifecycle/availability unknown (not enriched),7,dpa_sample_required|humidity_resistance|lot_traceability|qualification|solderability_per_j_std_002|thermal_shock_cycles|vibration_grms,digikey,100,0,operating_temp_min,unknown,Vishay,749-AC07000001500JAC00CT-ND,MIL-PRF-55342,false,unknown,,,23
5905-01-290-1192__CJP1000J150RJ,5905-01-290-1192,CJP1000J150RJ,high,3,4,2,0,1,false,,,,,,"Hard gate failure: operating_temp_min. composite skipped (100). Meets 4 of 7 measurable requirements; fails temperature_coefficient, operating_temp_min; 1 unknown. 7 qualification clauses under MIL-PRF-55342 require testing to verify. lifecycle/availability unknown (not enriched)",7,dpa_sample_required|humidity_resistance|lot_traceability|qualification|solderability_per_j_std_002|thermal_shock_cycles|vibration_grms,digikey,100,0,operating_temp_min,unknown,TE Connectivity Passive Product,1712-CJP1000J150RJ-ND,MIL-PRF-55342,false,unknown,,,24
5905-01-290-1192__CJP300J150RJ,5905-01-290-1192,CJP300J150RJ,high,3,4,2,0,1,false,,,,,,"Hard gate failure: operating_temp_min. composite skipped (100). Meets 4 of 7 measurable requirements; fails temperature_coefficient, operating_temp_min; 1 unknown. 7 qualification clauses under MIL-PRF-55342 require testing to verify. lifecycle/availability unknown (not enriched)",7,dpa_sample_required|humidity_resistance|lot_traceability|qualification|solderability_per_j_std_002|thermal_shock_cycles|vibration_grms,digikey,100,0,operating_temp_min,unknown,TE Connectivity Passive Product,1712-CJP300J150RJ-ND,MIL-PRF-55342,false,unknown,,,25
5910-00-934-0177__C1206C473KCRACAUTO,5910-00-934-0177,C1206C473KCRACAUTO,low,1,5,1,0,1,false,,,,,,Composite 15.6 (coverage 27%). Meets 5 of 7 measurable requirements; fails dielectric_type; 1 unknown. 6 qualification clauses under MIL-PRF-39014 require testing to verify. lifecycle/availability unknown (not enriched),6,humidity_resistance|lot_traceability|qualification|solderability_per_j_std_002|thermal_shock_cycles|vibration_grms,digikey,15.5556,27,,unknown,KEMET,399-C1206C473KCRACAUTOTR-ND,MIL-PRF-39014,false,unknown,,,1
5910-00-934-0177__C1206C473KCRACTU,5910-00-934-0177,C1206C473KCRACTU,low,1,5,1,0,1,false,,,,,,Composite 15.6 (coverage 27%). Meets 5 of 7 measurable requirements; fails dielectric_type; 1 unknown. 6 qualification clauses under MIL-PRF-39014 require testing to verify. lifecycle/availability unknown (not enriched),6,humidity_resistance|lot_traceability|qualification|solderability_per_j_std_002|thermal_shock_cycles|vibration_grms,digikey,15.5556,27,,unknown,KEMET,399-C1206C473KCRACTUTR-ND,MIL-PRF-39014,false,unknown,,,2
5910-00-934-0177__C1206X473KCRACTU,5910-00-934-0177,C1206X473KCRACTU,low,1,5,1,0,1,false,,,,,,Composite 15.6 (coverage 27%). Meets 5 of 7 measurable requirements; fails dielectric_type; 1 unknown. 6 qualification clauses under MIL-PRF-39014 require testing to verify. lifecycle/availability unknown (not enriched),6,humidity_resistance|lot_traceability|qualification|solderability_per_j_std_002|thermal_shock_cycles|vibration_grms,digikey,15.5556,27,,unknown,KEMET,399-C1206X473KCRACTUTR-ND,MIL-PRF-39014,false,unknown,,,3
5910-00-934-0177__C1210C473KBRACAUTO,5910-00-934-0177,C1210C473KBRACAUTO,low,1,5,1,0,1,false,,,,,,Composite 15.6 (coverage 27%). Meets 5 of 7 measurable requirements; fails dielectric_type; 1 unknown. 6 qualification clauses under MIL-PRF-39014 require testing to verify. lifecycle/availability unknown (not enriched),6,humidity_resistance|lot_traceability|qualification|solderability_per_j_std_002|thermal_shock_cycles|vibration_grms,digikey,15.5556,27,,unknown,KEMET,399-C1210C473KBRACAUTOTR-ND,MIL-PRF-39014,false,unknown,,,4
5910-00-934-0177__C1210C473KBRACTU,5910-00-934-0177,C1210C473KBRACTU,low,1,5,1,0,1,false,,,,,,Composite 15.6 (coverage 27%). Meets 5 of 7 measurable requirements; fails dielectric_type; 1 unknown. 6 qualification clauses under MIL-PRF-39014 require testing to verify. lifecycle/availability unknown (not enriched),6,humidity_resistance|lot_traceability|qualification|solderability_per_j_std_002|thermal_shock_cycles|vibration_grms,digikey,15.5556,27,,unknown,KEMET,399-C1210C473KBRACTUTR-ND,MIL-PRF-39014,false,unknown,,,5
5910-00-934-0177__C1210C473KCRACAUTO,5910-00-934-0177,C1210C473KCRACAUTO,low,1,5,1,0,1,false,,,,,,Composite 15.6 (coverage 27%). Meets 5 of 7 measurable requirements; fails dielectric_type; 1 unknown. 6 qualification clauses under MIL-PRF-39014 require testing to verify. lifecycle/availability unknown (not enriched),6,humidity_resistance|lot_traceability|qualification|solderability_per_j_std_002|thermal_shock_cycles|vibration_grms,digikey,15.5556,27,,unknown,KEMET,399-16759-2-ND,MIL-PRF-39014,false,unknown,,,6
5910-00-934-0177__C1210C473KCRACTU,5910-00-934-0177,C1210C473KCRACTU,low,1,5,1,0,1,false,,,,,,Composite 15.6 (coverage 27%). Meets 5 of 7 measurable requirements; fails dielectric_type; 1 unknown. 6 qualification clauses under MIL-PRF-39014 require testing to verify. lifecycle/availability unknown (not enriched),6,humidity_resistance|lot_traceability|qualification|solderability_per_j_std_002|thermal_shock_cycles|vibration_grms,digikey,15.5556,27,,unknown,KEMET,399-C1210C473KCRACTUTR-ND,MIL-PRF-39014,false,unknown,,,7
5910-00-934-0177__C1210C473KDRACTU,5910-00-934-0177,C1210C473KDRACTU,low,1,5,1,0,1,false,,,,,,Composite 15.6 (coverage 27%). Meets 5 of 7 measurable requirements; fails dielectric_type; 1 unknown. 6 qualification clauses under MIL-PRF-39014 require testing to verify. lifecycle/availability unknown (not enriched),6,humidity_resistance|lot_traceability|qualification|solderability_per_j_std_002|thermal_shock_cycles|vibration_grms,digikey,15.5556,27,,unknown,KEMET,399-C1210C473KDRACTUTR-ND,MIL-PRF-39014,false,unknown,,,8
5910-00-934-0177__C1210V473KDRACTU,5910-00-934-0177,C1210V473KDRACTU,low,1,5,1,0,1,false,,,,,,Composite 15.6 (coverage 27%). Meets 5 of 7 measurable requirements; fails dielectric_type; 1 unknown. 6 qualification clauses under MIL-PRF-39014 require testing to verify. lifecycle/availability unknown (not enriched),6,humidity_resistance|lot_traceability|qualification|solderability_per_j_std_002|thermal_shock_cycles|vibration_grms,digikey,15.5556,27,,unknown,KEMET,399-C1210V473KDRACTUTR-ND,MIL-PRF-39014,false,unknown,,,9
5910-00-934-0177__C1210X473KBRACTU,5910-00-934-0177,C1210X473KBRACTU,low,1,5,1,0,1,false,,,,,,Composite 15.6 (coverage 27%). Meets 5 of 7 measurable requirements; fails dielectric_type; 1 unknown. 6 qualification clauses under MIL-PRF-39014 require testing to verify. lifecycle/availability unknown (not enriched),6,humidity_resistance|lot_traceability|qualification|solderability_per_j_std_002|thermal_shock_cycles|vibration_grms,digikey,15.5556,27,,unknown,KEMET,399-C1210X473KBRACTUTR-ND,MIL-PRF-39014,false,unknown,,,10
5910-00-934-0177__C1808V473KDRACTU,5910-00-934-0177,C1808V473KDRACTU,low,1,5,1,0,1,false,,,,,,Composite 15.6 (coverage 27%). Meets 5 of 7 measurable requirements; fails dielectric_type; 1 unknown. 6 qualification clauses under MIL-PRF-39014 require testing to verify. lifecycle/availability unknown (not enriched),6,humidity_resistance|lot_traceability|qualification|solderability_per_j_std_002|thermal_shock_cycles|vibration_grms,digikey,15.5556,27,,unknown,KEMET,399-C1808V473KDRACTUTR-ND,MIL-PRF-39014,false,unknown,,,11
5910-00-934-0177__C1812C473KCRACTU,5910-00-934-0177,C1812C473KCRACTU,low,1,5,1,0,1,false,,,,,,Composite 15.6 (coverage 27%). Meets 5 of 7 measurable requirements; fails dielectric_type; 1 unknown. 6 qualification clauses under MIL-PRF-39014 require testing to verify. lifecycle/availability unknown (not enriched),6,humidity_resistance|lot_traceability|qualification|solderability_per_j_std_002|thermal_shock_cycles|vibration_grms,digikey,15.5556,27,,unknown,KEMET,399-C1812C473KCRACTUTR-ND,MIL-PRF-39014,false,unknown,,,12
5910-00-934-0177__C1812C473KDRACTU,5910-00-934-0177,C1812C473KDRACTU,low,1,5,1,0,1,false,,,,,,Composite 15.6 (coverage 27%). Meets 5 of 7 measurable requirements; fails dielectric_type; 1 unknown. 6 qualification clauses under MIL-PRF-39014 require testing to verify. lifecycle/availability unknown (not enriched),6,humidity_resistance|lot_traceability|qualification|solderability_per_j_std_002|thermal_shock_cycles|vibration_grms,digikey,15.5556,27,,unknown,KEMET,399-C1812C473KDRACTUTR-ND,MIL-PRF-39014,false,unknown,,,13
5910-00-934-0177__C1812V473KDRACTU,5910-00-934-0177,C1812V473KDRACTU,low,1,5,1,0,1,false,,,,,,Composite 15.6 (coverage 27%). Meets 5 of 7 measurable requirements; fails dielectric_type; 1 unknown. 6 qualification clauses under MIL-PRF-39014 require testing to verify. lifecycle/availability unknown (not enriched),6,humidity_resistance|lot_traceability|qualification|solderability_per_j_std_002|thermal_shock_cycles|vibration_grms,digikey,15.5556,27,,unknown,KEMET,399-C1812V473KDRACTUTR-ND,MIL-PRF-39014,false,unknown,,,14
5910-00-934-0177__C1812X473KDRACTU,5910-00-934-0177,C1812X473KDRACTU,low,1,5,1,0,1,false,,,,,,Composite 15.6 (coverage 27%). Meets 5 of 7 measurable requirements; fails dielectric_type; 1 unknown. 6 qualification clauses under MIL-PRF-39014 require testing to verify. lifecycle/availability unknown (not enriched),6,humidity_resistance|lot_traceability|qualification|solderability_per_j_std_002|thermal_shock_cycles|vibration_grms,digikey,15.5556,27,,unknown,KEMET,399-C1812X473KDRACTUTR-ND,MIL-PRF-39014,false,unknown,,,15
5910-00-934-0177__C1825X473KFRACTU,5910-00-934-0177,C1825X473KFRACTU,low,1,5,1,0,1,false,,,,,,Composite 15.6 (coverage 27%). Meets 5 of 7 measurable requirements; fails dielectric_type; 1 unknown. 6 qualification clauses under MIL-PRF-39014 require testing to verify. lifecycle/availability unknown (not enriched),6,humidity_resistance|lot_traceability|qualification|solderability_per_j_std_002|thermal_shock_cycles|vibration_grms,digikey,15.5556,27,,unknown,KEMET,399-C1825X473KFRACTUTR-ND,MIL-PRF-39014,false,unknown,,,16
5910-00-934-0177__C2220X473KFRACTU,5910-00-934-0177,C2220X473KFRACTU,low,1,5,1,0,1,false,,,,,,Composite 15.6 (coverage 27%). Meets 5 of 7 measurable requirements; fails dielectric_type; 1 unknown. 6 qualification clauses under MIL-PRF-39014 require testing to verify. lifecycle/availability unknown (not enriched),6,humidity_resistance|lot_traceability|qualification|solderability_per_j_std_002|thermal_shock_cycles|vibration_grms,digikey,15.5556,27,,unknown,KEMET,399-C2220X473KFRACTUTR-ND,MIL-PRF-39014,false,unknown,,,17
5910-00-934-0177__C330C473KFR5TA,5910-00-934-0177,C330C473KFR5TA,low,1,5,1,0,1,false,,,,,,Composite 15.6 (coverage 27%). Meets 5 of 7 measurable requirements; fails dielectric_type; 1 unknown. 6 qualification clauses under MIL-PRF-39014 require testing to verify. lifecycle/availability unknown (not enriched),6,humidity_resistance|lot_traceability|qualification|solderability_per_j_std_002|thermal_shock_cycles|vibration_grms,digikey,15.5556,27,,unknown,KEMET,399-C330C473KFR5TA-ND,MIL-PRF-39014,false,unknown,,,18
5910-00-934-0177__1812Y1K00473KST,5910-00-934-0177,1812Y1K00473KST,low,1,5,1,0,1,false,,,0.82353,1000,,Composite 29.2 (coverage 65%). Meets 5 of 7 measurable requirements; fails dielectric_type; 1 unknown. 6 qualification clauses under MIL-PRF-39014 require testing to verify. lifecycle status unknown; 5 distributors,6,humidity_resistance|lot_traceability|qualification|solderability_per_j_std_002|thermal_shock_cycles|vibration_grms,digikey,29.1966,65,,unknown,Knowles Syfer,1608-1141-2-ND,MIL-PRF-39014,true,unknown,5,,19
5910-00-934-0177__C3216X7T2J473K160AC,5910-00-934-0177,C3216X7T2J473K160AC,medium,2,5,1,0,1,false,,,,,,Composite 44.1 (coverage 27%). Meets 5 of 7 measurable requirements; fails dielectric_type; 1 unknown. 6 qualification clauses under MIL-PRF-39014 require testing to verify. lifecycle/availability unknown (not enriched),6,humidity_resistance|lot_traceability|qualification|solderability_per_j_std_002|thermal_shock_cycles|vibration_grms,digikey,44.0741,27,,unknown,TDK,445-7763-2-ND,MIL-PRF-39014,false,unknown,,,20
5910-00-934-0177__C3216X7T2J473K160AE,5910-00-934-0177,C3216X7T2J473K160AE,medium,2,5,1,0,1,false,,,,,,Composite 44.1 (coverage 27%). Meets 5 of 7 measurable requirements; fails dielectric_type; 1 unknown. 6 qualification clauses under MIL-PRF-39014 require testing to verify. lifecycle/availability unknown (not enriched),6,humidity_resistance|lot_traceability|qualification|solderability_per_j_std_002|thermal_shock_cycles|vibration_grms,digikey,44.0741,27,,unknown,TDK,445-8894-2-ND,MIL-PRF-39014,false,unknown,,,21
5910-00-934-0177__C1812C473JBGACTU,5910-00-934-0177,C1812C473JBGACTU,medium,2,5,1,0,1,false,,,,,,Composite 48.1 (coverage 27%). Meets 5 of 7 measurable requirements; fails dielectric_type; 1 unknown. 6 qualification clauses under MIL-PRF-39014 require testing to verify. lifecycle/availability unknown (not enriched),6,humidity_resistance|lot_traceability|qualification|solderability_per_j_std_002|thermal_shock_cycles|vibration_grms,digikey,48.1481,27,,unknown,KEMET,399-20942-2-ND,MIL-PRF-39014,false,unknown,,,22
5910-00-934-0177__C1812X473JBGACAUTO,5910-00-934-0177,C1812X473JBGACAUTO,medium,2,5,1,0,1,false,,,,,,Composite 48.1 (coverage 27%). Meets 5 of 7 measurable requirements; fails dielectric_type; 1 unknown. 6 qualification clauses under MIL-PRF-39014 require testing to verify. lifecycle/availability unknown (not enriched),6,humidity_resistance|lot_traceability|qualification|solderability_per_j_std_002|thermal_shock_cycles|vibration_grms,digikey,48.1481,27,,unknown,KEMET,399-20935-2-ND,MIL-PRF-39014,false,unknown,,,23
5910-00-934-0177__1825AC473KAT1A,5910-00-934-0177,1825AC473KAT1A,medium,2,5,1,0,1,false,,,0.74943,1000,,Composite 64.9 (coverage 65%). Meets 5 of 7 measurable requirements; fails dielectric_type; 1 unknown. 6 qualification clauses under MIL-PRF-39014 require testing to verify. lifecycle status unknown; 14 distributors,6,humidity_resistance|lot_traceability|qualification|solderability_per_j_std_002|thermal_shock_cycles|vibration_grms,digikey,64.9231,65,,unknown,KYOCERA AVX,478-3014-2-ND,MIL-PRF-39014,true,unknown,14,,24
5910-00-934-0177__885342208026,5910-00-934-0177,885342208026,medium,2,5,1,0,1,false,,,0.099,1000,,Composite 64.9 (coverage 65%). Meets 5 of 7 measurable requirements; fails dielectric_type; 1 unknown. 6 qualification clauses under MIL-PRF-39014 require testing to verify. lifecycle status unknown; 5 distributors,6,humidity_resistance|lot_traceability|qualification|solderability_per_j_std_002|thermal_shock_cycles|vibration_grms,digikey,64.9231,65,,unknown,Würth Elektronik,732-885342208026TR-ND,MIL-PRF-39014,true,unknown,5,,25
5910-01-204-1981__CC0603KRX7RABB103,5910-01-204-1981,CC0603KRX7RABB103,medium,2,4,2,0,1,false,,,0.027,1000,,"Composite 44.6 (coverage 65%). Meets 4 of 7 measurable requirements; fails capacitance_tolerance, dielectric_type; 1 unknown. 6 qualification clauses under MIL-PRF-123 require testing to verify. lifecycle status unknown; 10 distributors",6,humidity_resistance|lot_traceability|qualification|solderability_per_j_std_002|thermal_shock_cycles|vibration_grms,digikey,44.6496,65,,unknown,YAGEO,13-CC0603KRX7RABB103TR-ND,MIL-PRF-123,true,unknown,10,,1
5910-01-237-2621__C330C104GAG5TA7301,5910-01-237-2621,C330C104GAG5TA7301,low,1,6,0,0,1,false,,,,,,Composite 0.0 (coverage 27%). Meets 6 of 7 measurable requirements; 1 unknown. 6 qualification clauses under MIL-PRF-123 require testing to verify. lifecycle/availability unknown (not enriched),6,humidity_resistance|lot_traceability|qualification|solderability_per_j_std_002|thermal_shock_cycles|vibration_grms,digikey,0,27,,unknown,KEMET,C330C104GAG5TA7301-ND,MIL-PRF-123,false,unknown,,,1
5910-01-237-2621__C331C104G2G5TA,5910-01-237-2621,C331C104G2G5TA,low,1,6,0,0,1,false,,,,,,Composite 0.0 (coverage 27%). Meets 6 of 7 measurable requirements; 1 unknown. 6 qualification clauses under MIL-PRF-123 require testing to verify. lifecycle/availability unknown (not enriched),6,humidity_resistance|lot_traceability|qualification|solderability_per_j_std_002|thermal_shock_cycles|vibration_grms,digikey,0,27,,unknown,KEMET,C331C104G2G5TA-ND,MIL-PRF-123,false,unknown,,,2
5910-01-237-2621__C331C104GAG5TA,5910-01-237-2621,C331C104GAG5TA,low,1,6,0,0,1,false,,,,,,Composite 0.0 (coverage 27%). Meets 6 of 7 measurable requirements; 1 unknown. 6 qualification clauses under MIL-PRF-123 require testing to verify. lifecycle/availability unknown (not enriched),6,humidity_resistance|lot_traceability|qualification|solderability_per_j_std_002|thermal_shock_cycles|vibration_grms,digikey,0,27,,unknown,KEMET,C331C104GAG5TA-ND,MIL-PRF-123,false,unknown,,,3
5910-01-237-2621__C333C104G2G5TA,5910-01-237-2621,C333C104G2G5TA,low,1,6,0,0,1,false,,,,,,Composite 0.0 (coverage 27%). Meets 6 of 7 measurable requirements; 1 unknown. 6 qualification clauses under MIL-PRF-123 require testing to verify. lifecycle/availability unknown (not enriched),6,humidity_resistance|lot_traceability|qualification|solderability_per_j_std_002|thermal_shock_cycles|vibration_grms,digikey,0,27,,unknown,KEMET,C333C104G2G5TA-ND,MIL-PRF-123,false,unknown,,,4
5910-01-237-2621__C333C104G2G5TA7301,5910-01-237-2621,C333C104G2G5TA7301,low,1,6,0,0,1,false,,,,,,Composite 0.0 (coverage 27%). Meets 6 of 7 measurable requirements; 1 unknown. 6 qualification clauses under MIL-PRF-123 require testing to verify. lifecycle/availability unknown (not enriched),6,humidity_resistance|lot_traceability|qualification|solderability_per_j_std_002|thermal_shock_cycles|vibration_grms,digikey,0,27,,unknown,KEMET,C333C104G2G5TA7301-ND,MIL-PRF-123,false,unknown,,,5
5910-01-237-2621__C333C104GAG5TA,5910-01-237-2621,C333C104GAG5TA,low,1,6,0,0,1,false,,,,,,Composite 0.0 (coverage 27%). Meets 6 of 7 measurable requirements; 1 unknown. 6 qualification clauses under MIL-PRF-123 require testing to verify. lifecycle/availability unknown (not enriched),6,humidity_resistance|lot_traceability|qualification|solderability_per_j_std_002|thermal_shock_cycles|vibration_grms,digikey,0,27,,unknown,KEMET,399-C333C104GAG5TA-ND,MIL-PRF-123,false,unknown,,,6
5910-01-237-2621__C333C104GAG5TA7301,5910-01-237-2621,C333C104GAG5TA7301,low,1,6,0,0,1,false,,,,,,Composite 0.0 (coverage 27%). Meets 6 of 7 measurable requirements; 1 unknown. 6 qualification clauses under MIL-PRF-123 require testing to verify. lifecycle/availability unknown (not enriched),6,humidity_resistance|lot_traceability|qualification|solderability_per_j_std_002|thermal_shock_cycles|vibration_grms,digikey,0,27,,unknown,KEMET,C333C104GAG5TA7301-ND,MIL-PRF-123,false,unknown,,,7
5910-01-237-2621__C335C104G2G5TA,5910-01-237-2621,C335C104G2G5TA,low,1,6,0,0,1,false,,,,,,Composite 0.0 (coverage 27%). Meets 6 of 7 measurable requirements; 1 unknown. 6 qualification clauses under MIL-PRF-123 require testing to verify. lifecycle/availability unknown (not enriched),6,humidity_resistance|lot_traceability|qualification|solderability_per_j_std_002|thermal_shock_cycles|vibration_grms,digikey,0,27,,unknown,KEMET,C335C104G2G5TA-ND,MIL-PRF-123,false,unknown,,,8
5910-01-237-2621__C335C104G2G5TA7301,5910-01-237-2621,C335C104G2G5TA7301,low,1,6,0,0,1,false,,,,,,Composite 0.0 (coverage 27%). Meets 6 of 7 measurable requirements; 1 unknown. 6 qualification clauses under MIL-PRF-123 require testing to verify. lifecycle/availability unknown (not enriched),6,humidity_resistance|lot_traceability|qualification|solderability_per_j_std_002|thermal_shock_cycles|vibration_grms,digikey,0,27,,unknown,KEMET,C335C104G2G5TA7301-ND,MIL-PRF-123,false,unknown,,,9
5910-01-237-2621__C335C104GAG5TA,5910-01-237-2621,C335C104GAG5TA,low,1,6,0,0,1,false,,,,,,Composite 0.0 (coverage 27%). Meets 6 of 7 measurable requirements; 1 unknown. 6 qualification clauses under MIL-PRF-123 require testing to verify. lifecycle/availability unknown (not enriched),6,humidity_resistance|lot_traceability|qualification|solderability_per_j_std_002|thermal_shock_cycles|vibration_grms,digikey,0,27,,unknown,KEMET,C335C104GAG5TA-ND,MIL-PRF-123,false,unknown,,,10
5910-01-237-2621__C335C104GAG5TA7301,5910-01-237-2621,C335C104GAG5TA7301,low,1,6,0,0,1,false,,,,,,Composite 0.0 (coverage 27%). Meets 6 of 7 measurable requirements; 1 unknown. 6 qualification clauses under MIL-PRF-123 require testing to verify. lifecycle/availability unknown (not enriched),6,humidity_resistance|lot_traceability|qualification|solderability_per_j_std_002|thermal_shock_cycles|vibration_grms,digikey,0,27,,unknown,KEMET,C335C104GAG5TA7301-ND,MIL-PRF-123,false,unknown,,,11
5910-01-237-2621__C336C104G2G5TA,5910-01-237-2621,C336C104G2G5TA,low,1,6,0,0,1,false,,,,,,Composite 0.0 (coverage 27%). Meets 6 of 7 measurable requirements; 1 unknown. 6 qualification clauses under MIL-PRF-123 require testing to verify. lifecycle/availability unknown (not enriched),6,humidity_resistance|lot_traceability|qualification|solderability_per_j_std_002|thermal_shock_cycles|vibration_grms,digikey,0,27,,unknown,KEMET,C336C104G2G5TA-ND,MIL-PRF-123,false,unknown,,,12
5910-01-237-2621__C336C104G2G5TA7301,5910-01-237-2621,C336C104G2G5TA7301,low,1,6,0,0,1,false,,,,,,Composite 0.0 (coverage 27%). Meets 6 of 7 measurable requirements; 1 unknown. 6 qualification clauses under MIL-PRF-123 require testing to verify. lifecycle/availability unknown (not enriched),6,humidity_resistance|lot_traceability|qualification|solderability_per_j_std_002|thermal_shock_cycles|vibration_grms,digikey,0,27,,unknown,KEMET,C336C104G2G5TA7301-ND,MIL-PRF-123,false,unknown,,,13
5910-01-237-2621__C336C104GAG5TA,5910-01-237-2621,C336C104GAG5TA,low,1,6,0,0,1,false,,,,,,Composite 0.0 (coverage 27%). Meets 6 of 7 measurable requirements; 1 unknown. 6 qualification clauses under MIL-PRF-123 require testing to verify. lifecycle/availability unknown (not enriched),6,humidity_resistance|lot_traceability|qualification|solderability_per_j_std_002|thermal_shock_cycles|vibration_grms,digikey,0,27,,unknown,KEMET,C336C104GAG5TA-ND,MIL-PRF-123,false,unknown,,,14
5910-01-237-2621__C336C104GAG5TA7301,5910-01-237-2621,C336C104GAG5TA7301,low,1,6,0,0,1,false,,,,,,Composite 0.0 (coverage 27%). Meets 6 of 7 measurable requirements; 1 unknown. 6 qualification clauses under MIL-PRF-123 require testing to verify. lifecycle/availability unknown (not enriched),6,humidity_resistance|lot_traceability|qualification|solderability_per_j_std_002|thermal_shock_cycles|vibration_grms,digikey,0,27,,unknown,KEMET,C336C104GAG5TA7301-ND,MIL-PRF-123,false,unknown,,,15
5910-01-237-2621__C350C104G2G5TA,5910-01-237-2621,C350C104G2G5TA,low,1,6,0,0,1,false,,,,,,Composite 0.0 (coverage 27%). Meets 6 of 7 measurable requirements; 1 unknown. 6 qualification clauses under MIL-PRF-123 require testing to verify. lifecycle/availability unknown (not enriched),6,humidity_resistance|lot_traceability|qualification|solderability_per_j_std_002|thermal_shock_cycles|vibration_grms,digikey,0,27,,unknown,KEMET,C350C104G2G5TA-ND,MIL-PRF-123,false,unknown,,,16
5910-01-237-2621__C350C104G2G5TA7301,5910-01-237-2621,C350C104G2G5TA7301,low,1,6,0,0,1,false,,,,,,Composite 0.0 (coverage 27%). Meets 6 of 7 measurable requirements; 1 unknown. 6 qualification clauses under MIL-PRF-123 require testing to verify. lifecycle/availability unknown (not enriched),6,humidity_resistance|lot_traceability|qualification|solderability_per_j_std_002|thermal_shock_cycles|vibration_grms,digikey,0,27,,unknown,KEMET,C350C104G2G5TA7301-ND,MIL-PRF-123,false,unknown,,,17
5910-01-237-2621__C356C104G2G5TA,5910-01-237-2621,C356C104G2G5TA,low,1,6,0,0,1,false,,,,,,Composite 0.0 (coverage 27%). Meets 6 of 7 measurable requirements; 1 unknown. 6 qualification clauses under MIL-PRF-123 require testing to verify. lifecycle/availability unknown (not enriched),6,humidity_resistance|lot_traceability|qualification|solderability_per_j_std_002|thermal_shock_cycles|vibration_grms,digikey,0,27,,unknown,KEMET,C356C104G2G5TA-ND,MIL-PRF-123,false,unknown,,,18
5910-01-237-2621__C330C104GAG5TA,5910-01-237-2621,C330C104GAG5TA,medium,2,6,0,0,1,false,,,2.91476,1000,,Composite 34.1 (coverage 65%). Meets 6 of 7 measurable requirements; 1 unknown. 6 qualification clauses under MIL-PRF-123 require testing to verify. lifecycle status unknown; 2 distributors,6,humidity_resistance|lot_traceability|qualification|solderability_per_j_std_002|thermal_shock_cycles|vibration_grms,digikey,34.1026,65,,unknown,KEMET,C330C104GAG5TA-ND,MIL-PRF-123,true,unknown,2,,19
5910-01-237-2621__C350C104F2G5TA,5910-01-237-2621,C350C104F2G5TA,medium,2,6,0,0,1,false,,,,,,Composite 48.1 (coverage 27%). Meets 6 of 7 measurable requirements; 1 unknown. 6 qualification clauses under MIL-PRF-123 require testing to verify. lifecycle/availability unknown (not enriched),6,humidity_resistance|lot_traceability|qualification|solderability_per_j_std_002|thermal_shock_cycles|vibration_grms,digikey,48.1481,27,,unknown,KEMET,C350C104F2G5TA-ND,MIL-PRF-123,false,unknown,,,20
5910-01-237-2621__C350C104F2G5TA7301,5910-01-237-2621,C350C104F2G5TA7301,medium,2,6,0,0,1,false,,,,,,Composite 48.1 (coverage 27%). Meets 6 of 7 measurable requirements; 1 unknown. 6 qualification clauses under MIL-PRF-123 require testing to verify. lifecycle/availability unknown (not enriched),6,humidity_resistance|lot_traceability|qualification|solderability_per_j_std_002|thermal_shock_cycles|vibration_grms,digikey,48.1481,27,,unknown,KEMET,C350C104F2G5TA7301-ND,MIL-PRF-123,false,unknown,,,21
5910-01-237-2621__C356C104F2G5TA,5910-01-237-2621,C356C104F2G5TA,medium,2,6,0,0,1,false,,,,,,Composite 48.1 (coverage 27%). Meets 6 of 7 measurable requirements; 1 unknown. 6 qualification clauses under MIL-PRF-123 require testing to verify. lifecycle/availability unknown (not enriched),6,humidity_resistance|lot_traceability|qualification|solderability_per_j_std_002|thermal_shock_cycles|vibration_grms,digikey,48.1481,27,,unknown,KEMET,C356C104F2G5TA-ND,MIL-PRF-123,false,unknown,,,22
5910-01-237-2621__C356C104F2G5TA7301,5910-01-237-2621,C356C104F2G5TA7301,medium,2,6,0,0,1,false,,,,,,Composite 48.1 (coverage 27%). Meets 6 of 7 measurable requirements; 1 unknown. 6 qualification clauses under MIL-PRF-123 require testing to verify. lifecycle/availability unknown (not enriched),6,humidity_resistance|lot_traceability|qualification|solderability_per_j_std_002|thermal_shock_cycles|vibration_grms,digikey,48.1481,27,,unknown,KEMET,C356C104F2G5TA7301-ND,MIL-PRF-123,false,unknown,,,23
5910-01-237-2621__C330C104G2G5TA,5910-01-237-2621,C330C104G2G5TA,medium,2,6,0,0,1,false,,,2.91476,1000,,Composite 58.5 (coverage 65%). Meets 6 of 7 measurable requirements; 1 unknown. 6 qualification clauses under MIL-PRF-123 require testing to verify. lifecycle status unknown; 2 distributors,6,humidity_resistance|lot_traceability|qualification|solderability_per_j_std_002|thermal_shock_cycles|vibration_grms,digikey,58.4615,65,,unknown,KEMET,C330C104G2G5TA-ND,MIL-PRF-123,true,unknown,2,,24
5910-01-237-2621__C330C104G2G5TA7301,5910-01-237-2621,C330C104G2G5TA7301,medium,2,6,0,0,1,false,,,,,,Composite 58.5 (coverage 65%). Meets 6 of 7 measurable requirements; 1 unknown. 6 qualification clauses under MIL-PRF-123 require testing to verify. lifecycle status unknown; single-sourced (1 distributor),6,humidity_resistance|lot_traceability|qualification|solderability_per_j_std_002|thermal_shock_cycles|vibration_grms,digikey,58.4615,65,,unknown,KEMET,C330C104G2G5TA7301-ND,MIL-PRF-123,true,unknown,1,,25
5915-01-134-7687__0805J0500270MCTE07,5915-01-134-7687,0805J0500270MCTE07,low,1,4,0,0,2,false,,,,,,Composite 0.0 (coverage 20%). Meets 4 of 6 measurable requirements; 2 unknown. 6 qualification clauses under MIL-PRF-15733 require testing to verify. 2 of 6 measurable requirements could not be verified (33% unknown); lifecycle/availability unknown (not enriched),6,dpa_sample_required|humidity_resistance|lot_traceability|qualification|thermal_shock_cycles|vibration_grms,digikey,0,20,,unknown,Knowles Syfer,1608-0805J0500270MCTE07TR-ND,MIL-PRF-15733,false,unknown,,,1
5915-01-134-7687__0805J1000100MCTE07,5915-01-134-7687,0805J1000100MCTE07,low,1,4,0,0,2,false,,,,,,Composite 0.0 (coverage 20%). Meets 4 of 6 measurable requirements; 2 unknown. 6 qualification clauses under MIL-PRF-15733 require testing to verify. 2 of 6 measurable requirements could not be verified (33% unknown); lifecycle/availability unknown (not enriched),6,dpa_sample_required|humidity_resistance|lot_traceability|qualification|thermal_shock_cycles|vibration_grms,digikey,0,20,,unknown,Knowles Syfer,1608-0805J1000100MCTE07TR-ND,MIL-PRF-15733,false,unknown,,,2
5915-01-134-7687__0805J1000120MCTE07,5915-01-134-7687,0805J1000120MCTE07,low,1,4,0,0,2,false,,,,,,Composite 0.0 (coverage 20%). Meets 4 of 6 measurable requirements; 2 unknown. 6 qualification clauses under MIL-PRF-15733 require testing to verify. 2 of 6 measurable requirements could not be verified (33% unknown); lifecycle/availability unknown (not enriched),6,dpa_sample_required|humidity_resistance|lot_traceability|qualification|thermal_shock_cycles|vibration_grms,digikey,0,20,,unknown,Knowles Syfer,1608-0805J1000120MCTE07TR-ND,MIL-PRF-15733,false,unknown,,,3
5915-01-134-7687__0805J1000220MCTE07,5915-01-134-7687,0805J1000220MCTE07,low,1,4,0,0,2,false,,,,,,Composite 0.0 (coverage 20%). Meets 4 of 6 measurable requirements; 2 unknown. 6 qualification clauses under MIL-PRF-15733 require testing to verify. 2 of 6 measurable requirements could not be verified (33% unknown); lifecycle/availability unknown (not enriched),6,dpa_sample_required|humidity_resistance|lot_traceability|qualification|thermal_shock_cycles|vibration_grms,digikey,0,20,,unknown,Knowles Syfer,1608-0805J1000220MCTE07TR-ND,MIL-PRF-15733,false,unknown,,,4
5915-01-134-7687__0805J1000270MCTE07,5915-01-134-7687,0805J1000270MCTE07,low,1,4,0,0,2,false,,,,,,Composite 0.0 (coverage 20%). Meets 4 of 6 measurable requirements; 2 unknown. 6 qualification clauses under MIL-PRF-15733 require testing to verify. 2 of 6 measurable requirements could not be verified (33% unknown); lifecycle/availability unknown (not enriched),6,dpa_sample_required|humidity_resistance|lot_traceability|qualification|thermal_shock_cycles|vibration_grms,digikey,0,20,,unknown,Knowles Syfer,1608-0805J1000270MCTE07TR-ND,MIL-PRF-15733,false,unknown,,,5
5915-01-134-7687__4310-010LF,5915-01-134-7687,4310-010LF,low,1,4,0,0,2,false,,,,,,Composite 0.0 (coverage 20%). Meets 4 of 6 measurable requirements; 2 unknown. 6 qualification clauses under MIL-PRF-15733 require testing to verify. 2 of 6 measurable requirements could not be verified (33% unknown); lifecycle/availability unknown (not enriched),6,dpa_sample_required|humidity_resistance|lot_traceability|qualification|thermal_shock_cycles|vibration_grms,digikey,0,20,,unknown,Tusonix a Subsidiary of CTS Electronic Components,410-1291-ND,MIL-PRF-15733,false,unknown,,,6
5915-01-134-7687__4310-011LF,5915-01-134-7687,4310-011LF,low,1,4,0,0,2,false,,,,,,Composite 0.0 (coverage 20%). Meets 4 of 6 measurable requirements; 2 unknown. 6 qualification clauses under MIL-PRF-15733 require testing to verify. 2 of 6 measurable requirements could not be verified (33% unknown); lifecycle/availability unknown (not enriched),6,dpa_sample_required|humidity_resistance|lot_traceability|qualification|thermal_shock_cycles|vibration_grms,digikey,0,20,,unknown,Tusonix a Subsidiary of CTS Electronic Components,410-4310-011LF-ND,MIL-PRF-15733,false,unknown,,,7
5915-01-134-7687__4310-013LF,5915-01-134-7687,4310-013LF,low,1,4,0,0,2,false,,,,,,Composite 0.0 (coverage 20%). Meets 4 of 6 measurable requirements; 2 unknown. 6 qualification clauses under MIL-PRF-15733 require testing to verify. 2 of 6 measurable requirements could not be verified (33% unknown); lifecycle/availability unknown (not enriched),6,dpa_sample_required|humidity_resistance|lot_traceability|qualification|thermal_shock_cycles|vibration_grms,digikey,0,20,,unknown,Tusonix a Subsidiary of CTS Electronic Components,410-1293-ND,MIL-PRF-15733,false,unknown,,,8
5915-01-134-7687__4310-020LF,5915-01-134-7687,4310-020LF,low,1,4,0,0,2,false,,,,,,Composite 0.0 (coverage 20%). Meets 4 of 6 measurable requirements; 2 unknown. 6 qualification clauses under MIL-PRF-15733 require testing to verify. 2 of 6 measurable requirements could not be verified (33% unknown); lifecycle/availability unknown (not enriched),6,dpa_sample_required|humidity_resistance|lot_traceability|qualification|thermal_shock_cycles|vibration_grms,digikey,0,20,,unknown,Tusonix a Subsidiary of CTS Electronic Components,410-1300-ND,MIL-PRF-15733,false,unknown,,,9
5915-01-134-7687__NFM21CC102R1H3D,5915-01-134-7687,NFM21CC102R1H3D,low,1,4,0,0,2,false,,,,,,Composite 0.0 (coverage 20%). Meets 4 of 6 measurable requirements; 2 unknown. 6 qualification clauses under MIL-PRF-15733 require testing to verify. 2 of 6 measurable requirements could not be verified (33% unknown); lifecycle/availability unknown (not enriched),6,dpa_sample_required|humidity_resistance|lot_traceability|qualification|thermal_shock_cycles|vibration_grms,digikey,0,20,,unknown,Murata Electronics,490-6976-2-ND,MIL-PRF-15733,false,unknown,,,10
5915-01-134-7687__NFM21CC222R1H3D,5915-01-134-7687,NFM21CC222R1H3D,low,1,4,0,0,2,false,,,,,,Composite 0.0 (coverage 20%). Meets 4 of 6 measurable requirements; 2 unknown. 6 qualification clauses under MIL-PRF-15733 require testing to verify. 2 of 6 measurable requirements could not be verified (33% unknown); lifecycle/availability unknown (not enriched),6,dpa_sample_required|humidity_resistance|lot_traceability|qualification|thermal_shock_cycles|vibration_grms,digikey,0,20,,unknown,Murata Electronics,490-2535-2-ND,MIL-PRF-15733,false,unknown,,,11
5915-01-134-7687__NFM21CC471R1H3D,5915-01-134-7687,NFM21CC471R1H3D,low,1,4,0,0,2,false,,,,,,Composite 0.0 (coverage 20%). Meets 4 of 6 measurable requirements; 2 unknown. 6 qualification clauses under MIL-PRF-15733 require testing to verify. 2 of 6 measurable requirements could not be verified (33% unknown); lifecycle/availability unknown (not enriched),6,dpa_sample_required|humidity_resistance|lot_traceability|qualification|thermal_shock_cycles|vibration_grms,digikey,0,20,,unknown,Murata Electronics,490-6979-2-ND,MIL-PRF-15733,false,unknown,,,12
5915-01-134-7687__NFM21HC102R1H3D,5915-01-134-7687,NFM21HC102R1H3D,low,1,4,0,0,2,false,,,,,,Composite 0.0 (coverage 20%). Meets 4 of 6 measurable requirements; 2 unknown. 6 qualification clauses under MIL-PRF-15733 require testing to verify. 2 of 6 measurable requirements could not be verified (33% unknown); lifecycle/availability unknown (not enriched),6,dpa_sample_required|humidity_resistance|lot_traceability|qualification|thermal_shock_cycles|vibration_grms,digikey,0,20,,unknown,Murata Electronics,490-14851-2-ND,MIL-PRF-15733,false,unknown,,,13
5915-01-134-7687__NFM21HC222R1H3D,5915-01-134-7687,NFM21HC222R1H3D,low,1,4,0,0,2,false,,,,,,Composite 0.0 (coverage 20%). Meets 4 of 6 measurable requirements; 2 unknown. 6 qualification clauses under MIL-PRF-15733 require testing to verify. 2 of 6 measurable requirements could not be verified (33% unknown); lifecycle/availability unknown (not enriched),6,dpa_sample_required|humidity_resistance|lot_traceability|qualification|thermal_shock_cycles|vibration_grms,digikey,0,20,,unknown,Murata Electronics,490-13395-2-ND,MIL-PRF-15733,false,unknown,,,14
5915-01-134-7687__W2H15C1028AT1A,5915-01-134-7687,W2H15C1028AT1A,low,1,4,0,0,2,false,,,,,,Composite 0.0 (coverage 20%). Meets 4 of 6 measurable requirements; 2 unknown. 6 qualification clauses under MIL-PRF-15733 require testing to verify. 2 of 6 measurable requirements could not be verified (33% unknown); lifecycle/availability unknown (not enriched),6,dpa_sample_required|humidity_resistance|lot_traceability|qualification|thermal_shock_cycles|vibration_grms,digikey,0,20,,unknown,KYOCERA AVX,478-5477-2-ND,MIL-PRF-15733,false,unknown,,,15
5915-01-134-7687__W2H15C1028AT1F,5915-01-134-7687,W2H15C1028AT1F,low,1,4,0,0,2,false,,,,,,Composite 0.0 (coverage 20%). Meets 4 of 6 measurable requirements; 2 unknown. 6 qualification clauses under MIL-PRF-15733 require testing to verify. 2 of 6 measurable requirements could not be verified (33% unknown); lifecycle/availability unknown (not enriched),6,dpa_sample_required|humidity_resistance|lot_traceability|qualification|thermal_shock_cycles|vibration_grms,digikey,0,20,,unknown,KYOCERA AVX,478-5472-2-ND,MIL-PRF-15733,false,unknown,,,16
5915-01-134-7687__W2H15C10384T1A,5915-01-134-7687,W2H15C10384T1A,low,1,4,0,0,2,false,,,,,,Composite 0.0 (coverage 20%). Meets 4 of 6 measurable requirements; 2 unknown. 6 qualification clauses under MIL-PRF-15733 require testing to verify. 2 of 6 measurable requirements could not be verified (33% unknown); lifecycle/availability unknown (not enriched),6,dpa_sample_required|humidity_resistance|lot_traceability|qualification|thermal_shock_cycles|vibration_grms,digikey,0,20,,unknown,KYOCERA AVX,478-W2H15C10384T1ATR-ND,MIL-PRF-15733,false,unknown,,,17
5915-01-134-7687__W2H15C10384T1F,5915-01-134-7687,W2H15C10384T1F,low,1,4,0,0,2,false,,,,,,Composite 0.0 (coverage 20%). Meets 4 of 6 measurable requirements; 2 unknown. 6 qualification clauses under MIL-PRF-15733 require testing to verify. 2 of 6 measurable requirements could not be verified (33% unknown); lifecycle/availability unknown (not enriched),6,dpa_sample_required|humidity_resistance|lot_traceability|qualification|thermal_shock_cycles|vibration_grms,digikey,0,20,,unknown,KYOCERA AVX,478-W2H15C10384T1FTR-ND,MIL-PRF-15733,false,unknown,,,18
5915-01-134-7687__W2H15C1038AT1A,5915-01-134-7687,W2H15C1038AT1A,low,1,4,0,0,2,false,,,,,,Composite 0.0 (coverage 20%). Meets 4 of 6 measurable requirements; 2 unknown. 6 qualification clauses under MIL-PRF-15733 require testing to verify. 2 of 6 measurable requirements could not be verified (33% unknown); lifecycle/availability unknown (not enriched),6,dpa_sample_required|humidity_resistance|lot_traceability|qualification|thermal_shock_cycles|vibration_grms,digikey,0,20,,unknown,KYOCERA AVX,478-W2H15C1038AT1ATR-ND,MIL-PRF-15733,false,unknown,,,19
5915-01-134-7687__W2H15C2238AT1A,5915-01-134-7687,W2H15C2238AT1A,low,1,4,0,0,2,false,,,,,,Composite 0.0 (coverage 20%). Meets 4 of 6 measurable requirements; 2 unknown. 6 qualification clauses under MIL-PRF-15733 require testing to verify. 2 of 6 measurable requirements could not be verified (33% unknown); lifecycle/availability unknown (not enriched),6,dpa_sample_required|humidity_resistance|lot_traceability|qualification|thermal_shock_cycles|vibration_grms,digikey,0,20,,unknown,KYOCERA AVX,478-10765-2-ND,MIL-PRF-15733,false,unknown,,,20
5915-01-134-7687__YFF15SC1H101MT000N,5915-01-134-7687,YFF15SC1H101MT000N,low,1,4,0,0,2,false,,,,,,Composite 0.0 (coverage 20%). Meets 4 of 6 measurable requirements; 2 unknown. 6 qualification clauses under MIL-PRF-15733 require testing to verify. 2 of 6 measurable requirements could not be verified (33% unknown); lifecycle/availability unknown (not enriched),6,dpa_sample_required|humidity_resistance|lot_traceability|qualification|thermal_shock_cycles|vibration_grms,digikey,0,20,,unknown,TDK,445-16126-2-ND,MIL-PRF-15733,false,unknown,,,21
5915-01-134-7687__YFF15SC1H220MT000N,5915-01-134-7687,YFF15SC1H220MT000N,low,1,4,0,0,2,false,,,,,,Composite 0.0 (coverage 20%). Meets 4 of 6 measurable requirements; 2 unknown. 6 qualification clauses under MIL-PRF-15733 require testing to verify. 2 of 6 measurable requirements could not be verified (33% unknown); lifecycle/availability unknown (not enriched),6,dpa_sample_required|humidity_resistance|lot_traceability|qualification|thermal_shock_cycles|vibration_grms,digikey,0,20,,unknown,TDK,445-16127-2-ND,MIL-PRF-15733,false,unknown,,,22
5915-01-134-7687__0805J0500100MCTE07,5915-01-134-7687,0805J0500100MCTE07,medium,2,4,0,0,2,false,,,0.3624,1000,,Composite 25.5 (coverage 58%). Meets 4 of 6 measurable requirements; 2 unknown. 6 qualification clauses under MIL-PRF-15733 require testing to verify. 2 of 6 measurable requirements could not be verified (33% unknown); lifecycle status unknown; no distributor has stock,6,dpa_sample_required|humidity_resistance|lot_traceability|qualification|thermal_shock_cycles|vibration_grms,digikey,25.4789,58,,unknown,Knowles Syfer,1608-0805J0500100MCTE07TR-ND,MIL-PRF-15733,true,unknown,0,,23
5915-01-134-7687__0805J0500120MCTE07,5915-01-134-7687,0805J0500120MCTE07,medium,2,4,0,0,2,false,,,0.3624,1000,,Composite 25.5 (coverage 58%). Meets 4 of 6 measurable requirements; 2 unknown. 6 qualification clauses under MIL-PRF-15733 require testing to verify. 2 of 6 measurable requirements could not be verified (33% unknown); lifecycle status unknown; no distributor has stock,6,dpa_sample_required|humidity_resistance|lot_traceability|qualification|thermal_shock_cycles|vibration_grms,digikey,25.4789,58,,unknown,Knowles Syfer,1608-0805J0500120MCTE07TR-ND,MIL-PRF-15733,true,unknown,0,,24
5915-01-134-7687__0805J0500220MCTE07,5915-01-134-7687,0805J0500220MCTE07,medium,2,4,0,0,2,false,,,0.3824,1000,,Composite 25.5 (coverage 58%). Meets 4 of 6 measurable requirements; 2 unknown. 6 qualification clauses under MIL-PRF-15733 require testing to verify. 2 of 6 measurable requirements could not be verified (33% unknown); lifecycle status unknown; no distributor has stock,6,dpa_sample_required|humidity_resistance|lot_traceability|qualification|thermal_shock_cycles|vibration_grms,digikey,25.4789,58,,unknown,Knowles Syfer,1608-0805J0500220MCTE07TR-ND,MIL-PRF-15733,true,unknown,0,,25
5930-00-689-2834__09-1-2-17,5930-00-689-2834,09-1-2-17,high,3,4,1,0,3,false,,,,,,Hard gate failure: operating_temp_max. composite skipped (100). Meets 4 of 8 measurable requirements; fails operating_temp_max; 3 unknown. 6 qualification clauses under MIL-DTL-5809 require testing to verify. lifecycle/availability unknown (not enriched),6,humidity_resistance|lot_traceability|qualification|solderability_per_j_std_002|thermal_shock_cycles|vibration_grms,digikey,100,0,operating_temp_max,unknown,TE - Kissling,2585-09-1-2-17-ND,MIL-DTL-5809,false,unknown,,,1
5930-00-689-2834__CT35001N000,5930-00-689-2834,CT35001N000,high,3,3,2,0,3,false,,,,,,"Hard gate failure: operating_temp_min|operating_temp_max. composite skipped (100). Meets 3 of 8 measurable requirements; fails operating_temp_max, operating_temp_min; 3 unknown. 6 qualification clauses under MIL-DTL-5809 require testing to verify. lifecycle/availability unknown (not enriched)",6,humidity_resistance|lot_traceability|qualification|solderability_per_j_std_002|thermal_shock_cycles|vibration_grms,digikey,100,0,operating_temp_min|operating_temp_max,unknown,APEM Inc.,679-3595-ND,MIL-DTL-5809,false,unknown,,,2
5930-00-689-2834__CT35031N002,5930-00-689-2834,CT35031N002,high,3,3,2,0,3,false,,,,,,"Hard gate failure: operating_temp_min|operating_temp_max. composite skipped (100). Meets 3 of 8 measurable requirements; fails operating_temp_max, operating_temp_min; 3 unknown. 6 qualification clauses under MIL-DTL-5809 require testing to verify. lifecycle/availability unknown (not enriched)",6,humidity_resistance|lot_traceability|qualification|solderability_per_j_std_002|thermal_shock_cycles|vibration_grms,digikey,100,0,operating_temp_min|operating_temp_max,unknown,APEM Inc.,679-3596-ND,MIL-DTL-5809,false,unknown,,,3
5930-00-689-2834__CT36-001N022,5930-00-689-2834,CT36-001N022,high,3,3,2,0,3,false,,,,,,"Hard gate failure: operating_temp_min|operating_temp_max. composite skipped (100). Meets 3 of 8 measurable requirements; fails operating_temp_max, operating_temp_min; 3 unknown. 6 qualification clauses under MIL-DTL-5809 require testing to verify. lifecycle/availability unknown (not enriched)",6,humidity_resistance|lot_traceability|qualification|solderability_per_j_std_002|thermal_shock_cycles|vibration_grms,digikey,100,0,operating_temp_min|operating_temp_max,unknown,APEM Inc.,679-CT36-001N022-ND,MIL-DTL-5809,false,unknown,,,4
5930-00-689-2834__CT36-021N022,5930-00-689-2834,CT36-021N022,high,3,3,2,0,3,false,,,,,,"Hard gate failure: operating_temp_min|operating_temp_max. composite skipped (100). Meets 3 of 8 measurable requirements; fails operating_temp_max, operating_temp_min; 3 unknown. 6 qualification clauses under MIL-DTL-5809 require testing to verify. lifecycle/availability unknown (not enriched)",6,humidity_resistance|lot_traceability|qualification|solderability_per_j_std_002|thermal_shock_cycles|vibration_grms,digikey,100,0,operating_temp_min|operating_temp_max,unknown,APEM Inc.,679-CT36-021N022-ND,MIL-DTL-5809,false,unknown,,,5
5930-00-689-2834__CT36001N000,5930-00-689-2834,CT36001N000,high,3,3,2,0,3,false,,,,,,"Hard gate failure: operating_temp_min|operating_temp_max. composite skipped (100). Meets 3 of 8 measurable requirements; fails operating_temp_max, operating_temp_min; 3 unknown. 6 qualification clauses under MIL-DTL-5809 require testing to verify. lifecycle/availability unknown (not enriched)",6,humidity_resistance|lot_traceability|qualification|solderability_per_j_std_002|thermal_shock_cycles|vibration_grms,digikey,100,0,operating_temp_min|operating_temp_max,unknown,APEM Inc.,679-3597-ND,MIL-DTL-5809,false,unknown,,,6
5930-00-689-2834__CT36001N002,5930-00-689-2834,CT36001N002,high,3,3,2,0,3,false,,,,,,"Hard gate failure: operating_temp_min|operating_temp_max. composite skipped (100). Meets 3 of 8 measurable requirements; fails operating_temp_max, operating_temp_min; 3 unknown. 6 qualification clauses under MIL-DTL-5809 require testing to verify. lifecycle/availability unknown (not enriched)",6,humidity_resistance|lot_traceability|qualification|solderability_per_j_std_002|thermal_shock_cycles|vibration_grms,digikey,100,0,operating_temp_min|operating_temp_max,unknown,APEM Inc.,679-3598-ND,MIL-DTL-5809,false,unknown,,,7
5930-00-689-2834__CT36001N020,5930-00-689-2834,CT36001N020,high,3,3,2,0,3,false,,,,,,"Hard gate failure: operating_temp_min|operating_temp_max. composite skipped (100). Meets 3 of 8 measurable requirements; fails operating_temp_max, operating_temp_min; 3 unknown. 6 qualification clauses under MIL-DTL-5809 require testing to verify. lifecycle/availability unknown (not enriched)",6,humidity_resistance|lot_traceability|qualification|solderability_per_j_std_002|thermal_shock_cycles|vibration_grms,digikey,100,0,operating_temp_min|operating_temp_max,unknown,APEM Inc.,679-3629-ND,MIL-DTL-5809,false,unknown,,,8
5930-00-689-2834__CT36021N020,5930-00-689-2834,CT36021N020,high,3,3,2,0,3,false,,,,,,"Hard gate failure: operating_temp_min|operating_temp_max. composite skipped (100). Meets 3 of 8 measurable requirements; fails operating_temp_max, operating_temp_min; 3 unknown. 6 qualification clauses under MIL-DTL-5809 require testing to verify. lifecycle/availability unknown (not enriched)",6,humidity_resistance|lot_traceability|qualification|solderability_per_j_std_002|thermal_shock_cycles|vibration_grms,digikey,100,0,operating_temp_min|operating_temp_max,unknown,APEM Inc.,679-3630-ND,MIL-DTL-5809,false,unknown,,,9
5930-00-689-2834__CT36031N022,5930-00-689-2834,CT36031N022,high,3,3,2,0,3,false,,,,,,"Hard gate failure: operating_temp_min|operating_temp_max. composite skipped (100). Meets 3 of 8 measurable requirements; fails operating_temp_max, operating_temp_min; 3 unknown. 6 qualification clauses under MIL-DTL-5809 require testing to verify. lifecycle/availability unknown (not enriched)",6,humidity_resistance|lot_traceability|qualification|solderability_per_j_std_002|thermal_shock_cycles|vibration_grms,digikey,100,0,operating_temp_min|operating_temp_max,unknown,APEM Inc.,679-3599-ND,MIL-DTL-5809,false,unknown,,,10
5930-00-689-2834__CT37-021N022,5930-00-689-2834,CT37-021N022,high,3,3,2,0,3,false,,,,,,"Hard gate failure: operating_temp_min|operating_temp_max. composite skipped (100). Meets 3 of 8 measurable requirements; fails operating_temp_max, operating_temp_min; 3 unknown. 6 qualification clauses under MIL-DTL-5809 require testing to verify. lifecycle/availability unknown (not enriched)",6,humidity_resistance|lot_traceability|qualification|solderability_per_j_std_002|thermal_shock_cycles|vibration_grms,digikey,100,0,operating_temp_min|operating_temp_max,unknown,APEM Inc.,679-CT37-021N022-ND,MIL-DTL-5809,false,unknown,,,11
5930-00-689-2834__CT37001N000,5930-00-689-2834,CT37001N000,high,3,3,2,0,3,false,,,,,,"Hard gate failure: operating_temp_min|operating_temp_max. composite skipped (100). Meets 3 of 8 measurable requirements; fails operating_temp_max, operating_temp_min; 3 unknown. 6 qualification clauses under MIL-DTL-5809 require testing to verify. lifecycle/availability unknown (not enriched)",6,humidity_resistance|lot_traceability|qualification|solderability_per_j_std_002|thermal_shock_cycles|vibration_grms,digikey,100,0,operating_temp_min|operating_temp_max,unknown,APEM Inc.,679-3631-ND,MIL-DTL-5809,false,unknown,,,12
5930-00-689-2834__CT37001N002,5930-00-689-2834,CT37001N002,high,3,3,2,0,3,false,,,,,,"Hard gate failure: operating_temp_min|operating_temp_max. composite skipped (100). Meets 3 of 8 measurable requirements; fails operating_temp_max, operating_temp_min; 3 unknown. 6 qualification clauses under MIL-DTL-5809 require testing to verify. lifecycle/availability unknown (not enriched)",6,humidity_resistance|lot_traceability|qualification|solderability_per_j_std_002|thermal_shock_cycles|vibration_grms,digikey,100,0,operating_temp_min|operating_temp_max,unknown,APEM Inc.,679-3600-ND,MIL-DTL-5809,false,unknown,,,13
5930-00-689-2834__CT37001N020,5930-00-689-2834,CT37001N020,high,3,3,2,0,3,false,,,,,,"Hard gate failure: operating_temp_min|operating_temp_max. composite skipped (100). Meets 3 of 8 measurable requirements; fails operating_temp_max, operating_temp_min; 3 unknown. 6 qualification clauses under MIL-DTL-5809 require testing to verify. lifecycle/availability unknown (not enriched)",6,humidity_resistance|lot_traceability|qualification|solderability_per_j_std_002|thermal_shock_cycles|vibration_grms,digikey,100,0,operating_temp_min|operating_temp_max,unknown,APEM Inc.,679-3632-ND,MIL-DTL-5809,false,unknown,,,14
5930-00-689-2834__CT37001N022,5930-00-689-2834,CT37001N022,high,3,3,2,0,3,false,,,,,,"Hard gate failure: operating_temp_min|operating_temp_max. composite skipped (100). Meets 3 of 8 measurable requirements; fails operating_temp_max, operating_temp_min; 3 unknown. 6 qualification clauses under MIL-DTL-5809 require testing to verify. lifecycle/availability unknown (not enriched)",6,humidity_resistance|lot_traceability|qualification|solderability_per_j_std_002|thermal_shock_cycles|vibration_grms,digikey,100,0,operating_temp_min|operating_temp_max,unknown,APEM Inc.,679-3601-ND,MIL-DTL-5809,false,unknown,,,15
5930-00-689-2834__CT37021N020,5930-00-689-2834,CT37021N020,high,3,3,2,0,3,false,,,,,,"Hard gate failure: operating_temp_min|operating_temp_max. composite skipped (100). Meets 3 of 8 measurable requirements; fails operating_temp_max, operating_temp_min; 3 unknown. 6 qualification clauses under MIL-DTL-5809 require testing to verify. lifecycle/availability unknown (not enriched)",6,humidity_resistance|lot_traceability|qualification|solderability_per_j_std_002|thermal_shock_cycles|vibration_grms,digikey,100,0,operating_temp_min|operating_temp_max,unknown,APEM Inc.,679-3602-ND,MIL-DTL-5809,false,unknown,,,16
5930-00-689-2834__CT37031N002,5930-00-689-2834,CT37031N002,high,3,3,2,0,3,false,,,,,,"Hard gate failure: operating_temp_min|operating_temp_max. composite skipped (100). Meets 3 of 8 measurable requirements; fails operating_temp_max, operating_temp_min; 3 unknown. 6 qualification clauses under MIL-DTL-5809 require testing to verify. lifecycle/availability unknown (not enriched)",6,humidity_resistance|lot_traceability|qualification|solderability_per_j_std_002|thermal_shock_cycles|vibration_grms,digikey,100,0,operating_temp_min|operating_temp_max,unknown,APEM Inc.,679-3603-ND,MIL-DTL-5809,false,unknown,,,17
5930-00-689-2834__CT37031N022,5930-00-689-2834,CT37031N022,high,3,3,2,0,3,false,,,,,,"Hard gate failure: operating_temp_min|operating_temp_max. composite skipped (100). Meets 3 of 8 measurable requirements; fails operating_temp_max, operating_temp_min; 3 unknown. 6 qualification clauses under MIL-DTL-5809 require testing to verify. lifecycle/availability unknown (not enriched)",6,humidity_resistance|lot_traceability|qualification|solderability_per_j_std_002|thermal_shock_cycles|vibration_grms,digikey,100,0,operating_temp_min|operating_temp_max,unknown,APEM Inc.,679-3604-ND,MIL-DTL-5809,false,unknown,,,18
5930-00-689-2834__CT38-001N022,5930-00-689-2834,CT38-001N022,high,3,3,2,0,3,false,,,,,,"Hard gate failure: operating_temp_min|operating_temp_max. composite skipped (100). Meets 3 of 8 measurable requirements; fails operating_temp_max, operating_temp_min; 3 unknown. 6 qualification clauses under MIL-DTL-5809 require testing to verify. lifecycle/availability unknown (not enriched)",6,humidity_resistance|lot_traceability|qualification|solderability_per_j_std_002|thermal_shock_cycles|vibration_grms,digikey,100,0,operating_temp_min|operating_temp_max,unknown,APEM Inc.,679-CT38-001N022-ND,MIL-DTL-5809,false,unknown,,,19
5930-00-689-2834__CT39-001N022,5930-00-689-2834,CT39-001N022,high,3,3,2,0,3,false,,,,,,"Hard gate failure: operating_temp_min|operating_temp_max. composite skipped (100). Meets 3 of 8 measurable requirements; fails operating_temp_max, operating_temp_min; 3 unknown. 6 qualification clauses under MIL-DTL-5809 require testing to verify. lifecycle/availability unknown (not enriched)",6,humidity_resistance|lot_traceability|qualification|solderability_per_j_std_002|thermal_shock_cycles|vibration_grms,digikey,100,0,operating_temp_min|operating_temp_max,unknown,APEM Inc.,679-CT39-001N022-ND,MIL-DTL-5809,false,unknown,,,20
5930-00-689-2834__CT39001N000,5930-00-689-2834,CT39001N000,high,3,3,2,0,3,false,,,,,,"Hard gate failure: operating_temp_min|operating_temp_max. composite skipped (100). Meets 3 of 8 measurable requirements; fails operating_temp_max, operating_temp_min; 3 unknown. 6 qualification clauses under MIL-DTL-5809 require testing to verify. lifecycle/availability unknown (not enriched)",6,humidity_resistance|lot_traceability|qualification|solderability_per_j_std_002|thermal_shock_cycles|vibration_grms,digikey,100,0,operating_temp_min|operating_temp_max,unknown,APEM Inc.,679-3605-ND,MIL-DTL-5809,false,unknown,,,21
5930-00-689-2834__CT39001N020,5930-00-689-2834,CT39001N020,high,3,3,2,0,3,false,,,,,,"Hard gate failure: operating_temp_min|operating_temp_max. composite skipped (100). Meets 3 of 8 measurable requirements; fails operating_temp_max, operating_temp_min; 3 unknown. 6 qualification clauses under MIL-DTL-5809 require testing to verify. lifecycle/availability unknown (not enriched)",6,humidity_resistance|lot_traceability|qualification|solderability_per_j_std_002|thermal_shock_cycles|vibration_grms,digikey,100,0,operating_temp_min|operating_temp_max,unknown,APEM Inc.,679-3606-ND,MIL-DTL-5809,false,unknown,,,22
5930-00-689-2834__PT105SQQ,5930-00-689-2834,PT105SQQ,high,3,3,2,0,3,false,,,,,,"Hard gate failure: operating_temp_min|operating_temp_max. composite skipped (100). Meets 3 of 8 measurable requirements; fails operating_temp_max, operating_temp_min; 3 unknown. 6 qualification clauses under MIL-DTL-5809 require testing to verify. lifecycle/availability unknown (not enriched)",6,humidity_resistance|lot_traceability|qualification|solderability_per_j_std_002|thermal_shock_cycles|vibration_grms,digikey,100,0,operating_temp_min|operating_temp_max,unknown,C&K,CKN11543-ND,MIL-DTL-5809,false,unknown,,,23
5930-00-689-2834__PT105SSQ,5930-00-689-2834,PT105SSQ,high,3,3,2,0,3,false,,,,,,"Hard gate failure: operating_temp_min|operating_temp_max. composite skipped (100). Meets 3 of 8 measurable requirements; fails operating_temp_max, operating_temp_min; 3 unknown. 6 qualification clauses under MIL-DTL-5809 require testing to verify. lifecycle/availability unknown (not enriched)",6,humidity_resistance|lot_traceability|qualification|solderability_per_j_std_002|thermal_shock_cycles|vibration_grms,digikey,100,0,operating_temp_min|operating_temp_max,unknown,C&K,CKN11544-ND,MIL-DTL-5809,false,unknown,,,24
5930-00-689-2834__PT105SZQ,5930-00-689-2834,PT105SZQ,high,3,3,2,0,3,false,,,,,,"Hard gate failure: operating_temp_min|operating_temp_max. composite skipped (100). Meets 3 of 8 measurable requirements; fails operating_temp_max, operating_temp_min; 3 unknown. 6 qualification clauses under MIL-DTL-5809 require testing to verify. lifecycle/availability unknown (not enriched)",6,humidity_resistance|lot_traceability|qualification|solderability_per_j_std_002|thermal_shock_cycles|vibration_grms,digikey,100,0,operating_temp_min|operating_temp_max,unknown,C&K,2266-PT105SZQ-ND,MIL-DTL-5809,false,unknown,,,25
5930-01-110-7093__664103,5930-01-110-7093,664103,high,3,3,2,0,3,false,,,,,,"Hard gate failure: operating_temp_min|operating_temp_max. composite skipped (100). Meets 3 of 8 measurable requirements; fails operating_temp_max, operating_temp_min; 3 unknown. 6 qualification clauses under MIL-DTL-5809 require testing to verify. lifecycle/availability unknown (not enriched)",6,humidity_resistance|lot_traceability|qualification|solderability_per_j_std_002|thermal_shock_cycles|vibration_grms,digikey,100,0,operating_temp_min|operating_temp_max,unknown,APEM Inc.,679-664103-ND,MIL-DTL-5809,false,unknown,,,1
5930-01-110-7093__664103K2V/2,5930-01-110-7093,664103K2V/2,high,3,3,2,0,3,false,,,,,,"Hard gate failure: operating_temp_min|operating_temp_max. composite skipped (100). Meets 3 of 8 measurable requirements; fails operating_temp_max, operating_temp_min; 3 unknown. 6 qualification clauses under MIL-DTL-5809 require testing to verify. lifecycle/availability unknown (not enriched)",6,humidity_resistance|lot_traceability|qualification|solderability_per_j_std_002|thermal_shock_cycles|vibration_grms,digikey,100,0,operating_temp_min|operating_temp_max,unknown,APEM Inc.,664103K2V/2-ND,MIL-DTL-5809,false,unknown,,,2
5930-01-110-7093__664103LM,5930-01-110-7093,664103LM,high,3,3,2,0,3,false,,,,,,"Hard gate failure: operating_temp_min|operating_temp_max. composite skipped (100). Meets 3 of 8 measurable requirements; fails operating_temp_max, operating_temp_min; 3 unknown. 6 qualification clauses under MIL-DTL-5809 require testing to verify. lifecycle/availability unknown (not enriched)",6,humidity_resistance|lot_traceability|qualification|solderability_per_j_std_002|thermal_shock_cycles|vibration_grms,digikey,100,0,operating_temp_min|operating_temp_max,unknown,APEM Inc.,664103LM-ND,MIL-DTL-5809,false,unknown,,,3
5930-01-110-7093__664203LM,5930-01-110-7093,664203LM,high,3,3,2,0,3,false,,,,,,"Hard gate failure: operating_temp_min|operating_temp_max. composite skipped (100). Meets 3 of 8 measurable requirements; fails operating_temp_max, operating_temp_min; 3 unknown. 6 qualification clauses under MIL-DTL-5809 require testing to verify. lifecycle/availability unknown (not enriched)",6,humidity_resistance|lot_traceability|qualification|solderability_per_j_std_002|thermal_shock_cycles|vibration_grms,digikey,100,0,operating_temp_min|operating_temp_max,unknown,APEM Inc.,679-664203LM-ND,MIL-DTL-5809,false,unknown,,,4
5930-01-110-7093__664303LM,5930-01-110-7093,664303LM,high,3,3,2,0,3,false,,,,,,"Hard gate failure: operating_temp_min|operating_temp_max. composite skipped (100). Meets 3 of 8 measurable requirements; fails operating_temp_max, operating_temp_min; 3 unknown. 6 qualification clauses under MIL-DTL-5809 require testing to verify. lifecycle/availability unknown (not enriched)",6,humidity_resistance|lot_traceability|qualification|solderability_per_j_std_002|thermal_shock_cycles|vibration_grms,digikey,100,0,operating_temp_min|operating_temp_max,unknown,APEM Inc.,679-664303LM-ND,MIL-DTL-5809,false,unknown,,,5
5930-01-110-7093__CT41-001N022,5930-01-110-7093,CT41-001N022,high,3,3,2,0,3,false,,,,,,"Hard gate failure: operating_temp_min|operating_temp_max. composite skipped (100). Meets 3 of 8 measurable requirements; fails operating_temp_max, operating_temp_min; 3 unknown. 6 qualification clauses under MIL-DTL-5809 require testing to verify. lifecycle/availability unknown (not enriched)",6,humidity_resistance|lot_traceability|qualification|solderability_per_j_std_002|thermal_shock_cycles|vibration_grms,digikey,100,0,operating_temp_min|operating_temp_max,unknown,APEM Inc.,679-CT41-001N022-ND,MIL-DTL-5809,false,unknown,,,6
5930-01-110-7093__CT41-021N022,5930-01-110-7093,CT41-021N022,high,3,3,2,0,3,false,,,,,,"Hard gate failure: operating_temp_min|operating_temp_max. composite skipped (100). Meets 3 of 8 measurable requirements; fails operating_temp_max, operating_temp_min; 3 unknown. 6 qualification clauses under MIL-DTL-5809 require testing to verify. lifecycle/availability unknown (not enriched)",6,humidity_resistance|lot_traceability|qualification|solderability_per_j_std_002|thermal_shock_cycles|vibration_grms,digikey,100,0,operating_temp_min|operating_temp_max,unknown,APEM Inc.,679-CT41-021N022-ND,MIL-DTL-5809,false,unknown,,,7
5930-01-110-7093__CT41001N000,5930-01-110-7093,CT41001N000,high,3,3,2,0,3,false,,,,,,"Hard gate failure: operating_temp_min|operating_temp_max. composite skipped (100). Meets 3 of 8 measurable requirements; fails operating_temp_max, operating_temp_min; 3 unknown. 6 qualification clauses under MIL-DTL-5809 require testing to verify. lifecycle/availability unknown (not enriched)",6,humidity_resistance|lot_traceability|qualification|solderability_per_j_std_002|thermal_shock_cycles|vibration_grms,digikey,100,0,operating_temp_min|operating_temp_max,unknown,APEM Inc.,679-3607-ND,MIL-DTL-5809,false,unknown,,,8
5930-01-110-7093__CT41001N020,5930-01-110-7093,CT41001N020,high,3,3,2,0,3,false,,,,,,"Hard gate failure: operating_temp_min|operating_temp_max. composite skipped (100). Meets 3 of 8 measurable requirements; fails operating_temp_max, operating_temp_min; 3 unknown. 6 qualification clauses under MIL-DTL-5809 require testing to verify. lifecycle/availability unknown (not enriched)",6,humidity_resistance|lot_traceability|qualification|solderability_per_j_std_002|thermal_shock_cycles|vibration_grms,digikey,100,0,operating_temp_min|operating_temp_max,unknown,APEM Inc.,679-3608-ND,MIL-DTL-5809,false,unknown,,,9
5930-01-110-7093__CT41021N000,5930-01-110-7093,CT41021N000,high,3,3,2,0,3,false,,,,,,"Hard gate failure: operating_temp_min|operating_temp_max. composite skipped (100). Meets 3 of 8 measurable requirements; fails operating_temp_max, operating_temp_min; 3 unknown. 6 qualification clauses under MIL-DTL-5809 require testing to verify. lifecycle/availability unknown (not enriched)",6,humidity_resistance|lot_traceability|qualification|solderability_per_j_std_002|thermal_shock_cycles|vibration_grms,digikey,100,0,operating_temp_min|operating_temp_max,unknown,APEM Inc.,679-3609-ND,MIL-DTL-5809,false,unknown,,,10
5930-01-110-7093__SX0784,5930-01-110-7093,SX0784,high,3,3,2,0,3,false,,,,,,"Hard gate failure: operating_temp_min|operating_temp_max. composite skipped (100). Meets 3 of 8 measurable requirements; fails operating_temp_max, operating_temp_min; 3 unknown. 6 qualification clauses under MIL-DTL-5809 require testing to verify. lifecycle/availability unknown (not enriched)",6,humidity_resistance|lot_traceability|qualification|solderability_per_j_std_002|thermal_shock_cycles|vibration_grms,digikey,100,0,operating_temp_min|operating_temp_max,unknown,Bulgin,SX0784-ND,MIL-DTL-5809,false,unknown,,,11
5930-01-110-7093__WT21L,5930-01-110-7093,WT21L,high,3,3,2,0,3,false,,,,,,"Hard gate failure: operating_temp_min|operating_temp_max. composite skipped (100). Meets 3 of 8 measurable requirements; fails operating_temp_max, operating_temp_min; 3 unknown. 6 qualification clauses under MIL-DTL-5809 require testing to verify. lifecycle/availability unknown (not enriched)",6,humidity_resistance|lot_traceability|qualification|solderability_per_j_std_002|thermal_shock_cycles|vibration_grms,digikey,100,0,operating_temp_min|operating_temp_max,unknown,NKK Switches,360-2938-ND,MIL-DTL-5809,false,unknown,,,12
5930-01-110-7093__WT21S,5930-01-110-7093,WT21S,high,3,3,2,0,3,false,,,,,,"Hard gate failure: operating_temp_min|operating_temp_max. composite skipped (100). Meets 3 of 8 measurable requirements; fails operating_temp_max, operating_temp_min; 3 unknown. 6 qualification clauses under MIL-DTL-5809 require testing to verify. lifecycle/availability unknown (not enriched)",6,humidity_resistance|lot_traceability|qualification|solderability_per_j_std_002|thermal_shock_cycles|vibration_grms,digikey,100,0,operating_temp_min|operating_temp_max,unknown,NKK Switches,360-1957-ND,MIL-DTL-5809,false,unknown,,,13
5930-01-110-7093__WT21T,5930-01-110-7093,WT21T,high,3,3,2,0,3,false,,,,,,"Hard gate failure: operating_temp_min|operating_temp_max. composite skipped (100). Meets 3 of 8 measurable requirements; fails operating_temp_max, operating_temp_min; 3 unknown. 6 qualification clauses under MIL-DTL-5809 require testing to verify. lifecycle/availability unknown (not enriched)",6,humidity_resistance|lot_traceability|qualification|solderability_per_j_std_002|thermal_shock_cycles|vibration_grms,digikey,100,0,operating_temp_min|operating_temp_max,unknown,NKK Switches,360-1958-ND,MIL-DTL-5809,false,unknown,,,14
5930-01-110-7094__09-1-2-17,5930-01-110-7094,09-1-2-17,high,3,4,1,0,3,false,,,,,,Hard gate failure: operating_temp_max. composite skipped (100). Meets 4 of 8 measurable requirements; fails operating_temp_max; 3 unknown. 6 qualification clauses under MIL-DTL-5809 require testing to verify. lifecycle/availability unknown (not enriched),6,humidity_resistance|lot_traceability|qualification|solderability_per_j_std_002|thermal_shock_cycles|vibration_grms,digikey,100,0,operating_temp_max,unknown,TE - Kissling,2585-09-1-2-17-ND,MIL-DTL-5809,false,unknown,,,1
5930-01-110-7094__CT35001N000,5930-01-110-7094,CT35001N000,high,3,3,2,0,3,false,,,,,,"Hard gate failure: operating_temp_min|operating_temp_max. composite skipped (100). Meets 3 of 8 measurable requirements; fails operating_temp_max, operating_temp_min; 3 unknown. 6 qualification clauses under MIL-DTL-5809 require testing to verify. lifecycle/availability unknown (not enriched)",6,humidity_resistance|lot_traceability|qualification|solderability_per_j_std_002|thermal_shock_cycles|vibration_grms,digikey,100,0,operating_temp_min|operating_temp_max,unknown,APEM Inc.,679-3595-ND,MIL-DTL-5809,false,unknown,,,2
5930-01-110-7094__CT35031N002,5930-01-110-7094,CT35031N002,high,3,3,2,0,3,false,,,,,,"Hard gate failure: operating_temp_min|operating_temp_max. composite skipped (100). Meets 3 of 8 measurable requirements; fails operating_temp_max, operating_temp_min; 3 unknown. 6 qualification clauses under MIL-DTL-5809 require testing to verify. lifecycle/availability unknown (not enriched)",6,humidity_resistance|lot_traceability|qualification|solderability_per_j_std_002|thermal_shock_cycles|vibration_grms,digikey,100,0,operating_temp_min|operating_temp_max,unknown,APEM Inc.,679-3596-ND,MIL-DTL-5809,false,unknown,,,3
5930-01-110-7094__CT36-001N022,5930-01-110-7094,CT36-001N022,high,3,3,2,0,3,false,,,,,,"Hard gate failure: operating_temp_min|operating_temp_max. composite skipped (100). Meets 3 of 8 measurable requirements; fails operating_temp_max, operating_temp_min; 3 unknown. 6 qualification clauses under MIL-DTL-5809 require testing to verify. lifecycle/availability unknown (not enriched)",6,humidity_resistance|lot_traceability|qualification|solderability_per_j_std_002|thermal_shock_cycles|vibration_grms,digikey,100,0,operating_temp_min|operating_temp_max,unknown,APEM Inc.,679-CT36-001N022-ND,MIL-DTL-5809,false,unknown,,,4
5930-01-110-7094__CT36-021N022,5930-01-110-7094,CT36-021N022,high,3,3,2,0,3,false,,,,,,"Hard gate failure: operating_temp_min|operating_temp_max. composite skipped (100). Meets 3 of 8 measurable requirements; fails operating_temp_max, operating_temp_min; 3 unknown. 6 qualification clauses under MIL-DTL-5809 require testing to verify. lifecycle/availability unknown (not enriched)",6,humidity_resistance|lot_traceability|qualification|solderability_per_j_std_002|thermal_shock_cycles|vibration_grms,digikey,100,0,operating_temp_min|operating_temp_max,unknown,APEM Inc.,679-CT36-021N022-ND,MIL-DTL-5809,false,unknown,,,5
5930-01-110-7094__CT36001N000,5930-01-110-7094,CT36001N000,high,3,3,2,0,3,false,,,,,,"Hard gate failure: operating_temp_min|operating_temp_max. composite skipped (100). Meets 3 of 8 measurable requirements; fails operating_temp_max, operating_temp_min; 3 unknown. 6 qualification clauses under MIL-DTL-5809 require testing to verify. lifecycle/availability unknown (not enriched)",6,humidity_resistance|lot_traceability|qualification|solderability_per_j_std_002|thermal_shock_cycles|vibration_grms,digikey,100,0,operating_temp_min|operating_temp_max,unknown,APEM Inc.,679-3597-ND,MIL-DTL-5809,false,unknown,,,6
5930-01-110-7094__CT36001N002,5930-01-110-7094,CT36001N002,high,3,3,2,0,3,false,,,,,,"Hard gate failure: operating_temp_min|operating_temp_max. composite skipped (100). Meets 3 of 8 measurable requirements; fails operating_temp_max, operating_temp_min; 3 unknown. 6 qualification clauses under MIL-DTL-5809 require testing to verify. lifecycle/availability unknown (not enriched)",6,humidity_resistance|lot_traceability|qualification|solderability_per_j_std_002|thermal_shock_cycles|vibration_grms,digikey,100,0,operating_temp_min|operating_temp_max,unknown,APEM Inc.,679-3598-ND,MIL-DTL-5809,false,unknown,,,7
5930-01-110-7094__CT36001N020,5930-01-110-7094,CT36001N020,high,3,3,2,0,3,false,,,,,,"Hard gate failure: operating_temp_min|operating_temp_max. composite skipped (100). Meets 3 of 8 measurable requirements; fails operating_temp_max, operating_temp_min; 3 unknown. 6 qualification clauses under MIL-DTL-5809 require testing to verify. lifecycle/availability unknown (not enriched)",6,humidity_resistance|lot_traceability|qualification|solderability_per_j_std_002|thermal_shock_cycles|vibration_grms,digikey,100,0,operating_temp_min|operating_temp_max,unknown,APEM Inc.,679-3629-ND,MIL-DTL-5809,false,unknown,,,8
5930-01-110-7094__CT36021N020,5930-01-110-7094,CT36021N020,high,3,3,2,0,3,false,,,,,,"Hard gate failure: operating_temp_min|operating_temp_max. composite skipped (100). Meets 3 of 8 measurable requirements; fails operating_temp_max, operating_temp_min; 3 unknown. 6 qualification clauses under MIL-DTL-5809 require testing to verify. lifecycle/availability unknown (not enriched)",6,humidity_resistance|lot_traceability|qualification|solderability_per_j_std_002|thermal_shock_cycles|vibration_grms,digikey,100,0,operating_temp_min|operating_temp_max,unknown,APEM Inc.,679-3630-ND,MIL-DTL-5809,false,unknown,,,9
5930-01-110-7094__CT36031N022,5930-01-110-7094,CT36031N022,high,3,3,2,0,3,false,,,,,,"Hard gate failure: operating_temp_min|operating_temp_max. composite skipped (100). Meets 3 of 8 measurable requirements; fails operating_temp_max, operating_temp_min; 3 unknown. 6 qualification clauses under MIL-DTL-5809 require testing to verify. lifecycle/availability unknown (not enriched)",6,humidity_resistance|lot_traceability|qualification|solderability_per_j_std_002|thermal_shock_cycles|vibration_grms,digikey,100,0,operating_temp_min|operating_temp_max,unknown,APEM Inc.,679-3599-ND,MIL-DTL-5809,false,unknown,,,10
5930-01-110-7094__CT37-021N022,5930-01-110-7094,CT37-021N022,high,3,3,2,0,3,false,,,,,,"Hard gate failure: operating_temp_min|operating_temp_max. composite skipped (100). Meets 3 of 8 measurable requirements; fails operating_temp_max, operating_temp_min; 3 unknown. 6 qualification clauses under MIL-DTL-5809 require testing to verify. lifecycle/availability unknown (not enriched)",6,humidity_resistance|lot_traceability|qualification|solderability_per_j_std_002|thermal_shock_cycles|vibration_grms,digikey,100,0,operating_temp_min|operating_temp_max,unknown,APEM Inc.,679-CT37-021N022-ND,MIL-DTL-5809,false,unknown,,,11
5930-01-110-7094__CT37001N000,5930-01-110-7094,CT37001N000,high,3,3,2,0,3,false,,,,,,"Hard gate failure: operating_temp_min|operating_temp_max. composite skipped (100). Meets 3 of 8 measurable requirements; fails operating_temp_max, operating_temp_min; 3 unknown. 6 qualification clauses under MIL-DTL-5809 require testing to verify. lifecycle/availability unknown (not enriched)",6,humidity_resistance|lot_traceability|qualification|solderability_per_j_std_002|thermal_shock_cycles|vibration_grms,digikey,100,0,operating_temp_min|operating_temp_max,unknown,APEM Inc.,679-3631-ND,MIL-DTL-5809,false,unknown,,,12
5930-01-110-7094__CT37001N002,5930-01-110-7094,CT37001N002,high,3,3,2,0,3,false,,,,,,"Hard gate failure: operating_temp_min|operating_temp_max. composite skipped (100). Meets 3 of 8 measurable requirements; fails operating_temp_max, operating_temp_min; 3 unknown. 6 qualification clauses under MIL-DTL-5809 require testing to verify. lifecycle/availability unknown (not enriched)",6,humidity_resistance|lot_traceability|qualification|solderability_per_j_std_002|thermal_shock_cycles|vibration_grms,digikey,100,0,operating_temp_min|operating_temp_max,unknown,APEM Inc.,679-3600-ND,MIL-DTL-5809,false,unknown,,,13
5930-01-110-7094__CT37001N020,5930-01-110-7094,CT37001N020,high,3,3,2,0,3,false,,,,,,"Hard gate failure: operating_temp_min|operating_temp_max. composite skipped (100). Meets 3 of 8 measurable requirements; fails operating_temp_max, operating_temp_min; 3 unknown. 6 qualification clauses under MIL-DTL-5809 require testing to verify. lifecycle/availability unknown (not enriched)",6,humidity_resistance|lot_traceability|qualification|solderability_per_j_std_002|thermal_shock_cycles|vibration_grms,digikey,100,0,operating_temp_min|operating_temp_max,unknown,APEM Inc.,679-3632-ND,MIL-DTL-5809,false,unknown,,,14
5930-01-110-7094__CT37001N022,5930-01-110-7094,CT37001N022,high,3,3,2,0,3,false,,,,,,"Hard gate failure: operating_temp_min|operating_temp_max. composite skipped (100). Meets 3 of 8 measurable requirements; fails operating_temp_max, operating_temp_min; 3 unknown. 6 qualification clauses under MIL-DTL-5809 require testing to verify. lifecycle/availability unknown (not enriched)",6,humidity_resistance|lot_traceability|qualification|solderability_per_j_std_002|thermal_shock_cycles|vibration_grms,digikey,100,0,operating_temp_min|operating_temp_max,unknown,APEM Inc.,679-3601-ND,MIL-DTL-5809,false,unknown,,,15
5930-01-110-7094__CT37021N020,5930-01-110-7094,CT37021N020,high,3,3,2,0,3,false,,,,,,"Hard gate failure: operating_temp_min|operating_temp_max. composite skipped (100). Meets 3 of 8 measurable requirements; fails operating_temp_max, operating_temp_min; 3 unknown. 6 qualification clauses under MIL-DTL-5809 require testing to verify. lifecycle/availability unknown (not enriched)",6,humidity_resistance|lot_traceability|qualification|solderability_per_j_std_002|thermal_shock_cycles|vibration_grms,digikey,100,0,operating_temp_min|operating_temp_max,unknown,APEM Inc.,679-3602-ND,MIL-DTL-5809,false,unknown,,,16
5930-01-110-7094__CT37031N002,5930-01-110-7094,CT37031N002,high,3,3,2,0,3,false,,,,,,"Hard gate failure: operating_temp_min|operating_temp_max. composite skipped (100). Meets 3 of 8 measurable requirements; fails operating_temp_max, operating_temp_min; 3 unknown. 6 qualification clauses under MIL-DTL-5809 require testing to verify. lifecycle/availability unknown (not enriched)",6,humidity_resistance|lot_traceability|qualification|solderability_per_j_std_002|thermal_shock_cycles|vibration_grms,digikey,100,0,operating_temp_min|operating_temp_max,unknown,APEM Inc.,679-3603-ND,MIL-DTL-5809,false,unknown,,,17
5930-01-110-7094__CT37031N022,5930-01-110-7094,CT37031N022,high,3,3,2,0,3,false,,,,,,"Hard gate failure: operating_temp_min|operating_temp_max. composite skipped (100). Meets 3 of 8 measurable requirements; fails operating_temp_max, operating_temp_min; 3 unknown. 6 qualification clauses under MIL-DTL-5809 require testing to verify. lifecycle/availability unknown (not enriched)",6,humidity_resistance|lot_traceability|qualification|solderability_per_j_std_002|thermal_shock_cycles|vibration_grms,digikey,100,0,operating_temp_min|operating_temp_max,unknown,APEM Inc.,679-3604-ND,MIL-DTL-5809,false,unknown,,,18
5930-01-110-7094__CT38-001N022,5930-01-110-7094,CT38-001N022,high,3,3,2,0,3,false,,,,,,"Hard gate failure: operating_temp_min|operating_temp_max. composite skipped (100). Meets 3 of 8 measurable requirements; fails operating_temp_max, operating_temp_min; 3 unknown. 6 qualification clauses under MIL-DTL-5809 require testing to verify. lifecycle/availability unknown (not enriched)",6,humidity_resistance|lot_traceability|qualification|solderability_per_j_std_002|thermal_shock_cycles|vibration_grms,digikey,100,0,operating_temp_min|operating_temp_max,unknown,APEM Inc.,679-CT38-001N022-ND,MIL-DTL-5809,false,unknown,,,19
5930-01-110-7094__CT39-001N022,5930-01-110-7094,CT39-001N022,high,3,3,2,0,3,false,,,,,,"Hard gate failure: operating_temp_min|operating_temp_max. composite skipped (100). Meets 3 of 8 measurable requirements; fails operating_temp_max, operating_temp_min; 3 unknown. 6 qualification clauses under MIL-DTL-5809 require testing to verify. lifecycle/availability unknown (not enriched)",6,humidity_resistance|lot_traceability|qualification|solderability_per_j_std_002|thermal_shock_cycles|vibration_grms,digikey,100,0,operating_temp_min|operating_temp_max,unknown,APEM Inc.,679-CT39-001N022-ND,MIL-DTL-5809,false,unknown,,,20
5930-01-110-7094__CT39001N000,5930-01-110-7094,CT39001N000,high,3,3,2,0,3,false,,,,,,"Hard gate failure: operating_temp_min|operating_temp_max. composite skipped (100). Meets 3 of 8 measurable requirements; fails operating_temp_max, operating_temp_min; 3 unknown. 6 qualification clauses under MIL-DTL-5809 require testing to verify. lifecycle/availability unknown (not enriched)",6,humidity_resistance|lot_traceability|qualification|solderability_per_j_std_002|thermal_shock_cycles|vibration_grms,digikey,100,0,operating_temp_min|operating_temp_max,unknown,APEM Inc.,679-3605-ND,MIL-DTL-5809,false,unknown,,,21
5930-01-110-7094__CT39001N020,5930-01-110-7094,CT39001N020,high,3,3,2,0,3,false,,,,,,"Hard gate failure: operating_temp_min|operating_temp_max. composite skipped (100). Meets 3 of 8 measurable requirements; fails operating_temp_max, operating_temp_min; 3 unknown. 6 qualification clauses under MIL-DTL-5809 require testing to verify. lifecycle/availability unknown (not enriched)",6,humidity_resistance|lot_traceability|qualification|solderability_per_j_std_002|thermal_shock_cycles|vibration_grms,digikey,100,0,operating_temp_min|operating_temp_max,unknown,APEM Inc.,679-3606-ND,MIL-DTL-5809,false,unknown,,,22
5930-01-110-7094__PT105SQQ,5930-01-110-7094,PT105SQQ,high,3,3,2,0,3,false,,,,,,"Hard gate failure: operating_temp_min|operating_temp_max. composite skipped (100). Meets 3 of 8 measurable requirements; fails operating_temp_max, operating_temp_min; 3 unknown. 6 qualification clauses under MIL-DTL-5809 require testing to verify. lifecycle/availability unknown (not enriched)",6,humidity_resistance|lot_traceability|qualification|solderability_per_j_std_002|thermal_shock_cycles|vibration_grms,digikey,100,0,operating_temp_min|operating_temp_max,unknown,C&K,CKN11543-ND,MIL-DTL-5809,false,unknown,,,23
5930-01-110-7094__PT105SSQ,5930-01-110-7094,PT105SSQ,high,3,3,2,0,3,false,,,,,,"Hard gate failure: operating_temp_min|operating_temp_max. composite skipped (100). Meets 3 of 8 measurable requirements; fails operating_temp_max, operating_temp_min; 3 unknown. 6 qualification clauses under MIL-DTL-5809 require testing to verify. lifecycle/availability unknown (not enriched)",6,humidity_resistance|lot_traceability|qualification|solderability_per_j_std_002|thermal_shock_cycles|vibration_grms,digikey,100,0,operating_temp_min|operating_temp_max,unknown,C&K,CKN11544-ND,MIL-DTL-5809,false,unknown,,,24
5930-01-110-7094__PT105SZQ,5930-01-110-7094,PT105SZQ,high,3,3,2,0,3,false,,,,,,"Hard gate failure: operating_temp_min|operating_temp_max. composite skipped (100). Meets 3 of 8 measurable requirements; fails operating_temp_max, operating_temp_min; 3 unknown. 6 qualification clauses under MIL-DTL-5809 require testing to verify. lifecycle/availability unknown (not enriched)",6,humidity_resistance|lot_traceability|qualification|solderability_per_j_std_002|thermal_shock_cycles|vibration_grms,digikey,100,0,operating_temp_min|operating_temp_max,unknown,C&K,2266-PT105SZQ-ND,MIL-DTL-5809,false,unknown,,,25
5930-01-174-6031__09-1-2-17,5930-01-174-6031,09-1-2-17,high,3,4,1,0,3,false,,,,,,Hard gate failure: operating_temp_max. composite skipped (100). Meets 4 of 8 measurable requirements; fails operating_temp_max; 3 unknown. 6 qualification clauses under MIL-DTL-5809 require testing to verify. lifecycle/availability unknown (not enriched),6,humidity_resistance|lot_traceability|qualification|solderability_per_j_std_002|thermal_shock_cycles|vibration_grms,digikey,100,0,operating_temp_max,unknown,TE - Kissling,2585-09-1-2-17-ND,MIL-DTL-5809,false,unknown,,,1
5930-01-174-6031__CT35001N000,5930-01-174-6031,CT35001N000,high,3,3,2,0,3,false,,,,,,"Hard gate failure: operating_temp_min|operating_temp_max. composite skipped (100). Meets 3 of 8 measurable requirements; fails operating_temp_max, operating_temp_min; 3 unknown. 6 qualification clauses under MIL-DTL-5809 require testing to verify. lifecycle/availability unknown (not enriched)",6,humidity_resistance|lot_traceability|qualification|solderability_per_j_std_002|thermal_shock_cycles|vibration_grms,digikey,100,0,operating_temp_min|operating_temp_max,unknown,APEM Inc.,679-3595-ND,MIL-DTL-5809,false,unknown,,,2
5930-01-174-6031__CT35031N002,5930-01-174-6031,CT35031N002,high,3,3,2,0,3,false,,,,,,"Hard gate failure: operating_temp_min|operating_temp_max. composite skipped (100). Meets 3 of 8 measurable requirements; fails operating_temp_max, operating_temp_min; 3 unknown. 6 qualification clauses under MIL-DTL-5809 require testing to verify. lifecycle/availability unknown (not enriched)",6,humidity_resistance|lot_traceability|qualification|solderability_per_j_std_002|thermal_shock_cycles|vibration_grms,digikey,100,0,operating_temp_min|operating_temp_max,unknown,APEM Inc.,679-3596-ND,MIL-DTL-5809,false,unknown,,,3
5930-01-174-6031__CT36-001N022,5930-01-174-6031,CT36-001N022,high,3,3,2,0,3,false,,,,,,"Hard gate failure: operating_temp_min|operating_temp_max. composite skipped (100). Meets 3 of 8 measurable requirements; fails operating_temp_max, operating_temp_min; 3 unknown. 6 qualification clauses under MIL-DTL-5809 require testing to verify. lifecycle/availability unknown (not enriched)",6,humidity_resistance|lot_traceability|qualification|solderability_per_j_std_002|thermal_shock_cycles|vibration_grms,digikey,100,0,operating_temp_min|operating_temp_max,unknown,APEM Inc.,679-CT36-001N022-ND,MIL-DTL-5809,false,unknown,,,4
5930-01-174-6031__CT36-021N022,5930-01-174-6031,CT36-021N022,high,3,3,2,0,3,false,,,,,,"Hard gate failure: operating_temp_min|operating_temp_max. composite skipped (100). Meets 3 of 8 measurable requirements; fails operating_temp_max, operating_temp_min; 3 unknown. 6 qualification clauses under MIL-DTL-5809 require testing to verify. lifecycle/availability unknown (not enriched)",6,humidity_resistance|lot_traceability|qualification|solderability_per_j_std_002|thermal_shock_cycles|vibration_grms,digikey,100,0,operating_temp_min|operating_temp_max,unknown,APEM Inc.,679-CT36-021N022-ND,MIL-DTL-5809,false,unknown,,,5
5930-01-174-6031__CT36001N000,5930-01-174-6031,CT36001N000,high,3,3,2,0,3,false,,,,,,"Hard gate failure: operating_temp_min|operating_temp_max. composite skipped (100). Meets 3 of 8 measurable requirements; fails operating_temp_max, operating_temp_min; 3 unknown. 6 qualification clauses under MIL-DTL-5809 require testing to verify. lifecycle/availability unknown (not enriched)",6,humidity_resistance|lot_traceability|qualification|solderability_per_j_std_002|thermal_shock_cycles|vibration_grms,digikey,100,0,operating_temp_min|operating_temp_max,unknown,APEM Inc.,679-3597-ND,MIL-DTL-5809,false,unknown,,,6
5930-01-174-6031__CT36001N002,5930-01-174-6031,CT36001N002,high,3,3,2,0,3,false,,,,,,"Hard gate failure: operating_temp_min|operating_temp_max. composite skipped (100). Meets 3 of 8 measurable requirements; fails operating_temp_max, operating_temp_min; 3 unknown. 6 qualification clauses under MIL-DTL-5809 require testing to verify. lifecycle/availability unknown (not enriched)",6,humidity_resistance|lot_traceability|qualification|solderability_per_j_std_002|thermal_shock_cycles|vibration_grms,digikey,100,0,operating_temp_min|operating_temp_max,unknown,APEM Inc.,679-3598-ND,MIL-DTL-5809,false,unknown,,,7
5930-01-174-6031__CT36001N020,5930-01-174-6031,CT36001N020,high,3,3,2,0,3,false,,,,,,"Hard gate failure: operating_temp_min|operating_temp_max. composite skipped (100). Meets 3 of 8 measurable requirements; fails operating_temp_max, operating_temp_min; 3 unknown. 6 qualification clauses under MIL-DTL-5809 require testing to verify. lifecycle/availability unknown (not enriched)",6,humidity_resistance|lot_traceability|qualification|solderability_per_j_std_002|thermal_shock_cycles|vibration_grms,digikey,100,0,operating_temp_min|operating_temp_max,unknown,APEM Inc.,679-3629-ND,MIL-DTL-5809,false,unknown,,,8
5930-01-174-6031__CT36021N020,5930-01-174-6031,CT36021N020,high,3,3,2,0,3,false,,,,,,"Hard gate failure: operating_temp_min|operating_temp_max. composite skipped (100). Meets 3 of 8 measurable requirements; fails operating_temp_max, operating_temp_min; 3 unknown. 6 qualification clauses under MIL-DTL-5809 require testing to verify. lifecycle/availability unknown (not enriched)",6,humidity_resistance|lot_traceability|qualification|solderability_per_j_std_002|thermal_shock_cycles|vibration_grms,digikey,100,0,operating_temp_min|operating_temp_max,unknown,APEM Inc.,679-3630-ND,MIL-DTL-5809,false,unknown,,,9
5930-01-174-6031__CT36031N022,5930-01-174-6031,CT36031N022,high,3,3,2,0,3,false,,,,,,"Hard gate failure: operating_temp_min|operating_temp_max. composite skipped (100). Meets 3 of 8 measurable requirements; fails operating_temp_max, operating_temp_min; 3 unknown. 6 qualification clauses under MIL-DTL-5809 require testing to verify. lifecycle/availability unknown (not enriched)",6,humidity_resistance|lot_traceability|qualification|solderability_per_j_std_002|thermal_shock_cycles|vibration_grms,digikey,100,0,operating_temp_min|operating_temp_max,unknown,APEM Inc.,679-3599-ND,MIL-DTL-5809,false,unknown,,,10
5930-01-174-6031__CT37-021N022,5930-01-174-6031,CT37-021N022,high,3,3,2,0,3,false,,,,,,"Hard gate failure: operating_temp_min|operating_temp_max. composite skipped (100). Meets 3 of 8 measurable requirements; fails operating_temp_max, operating_temp_min; 3 unknown. 6 qualification clauses under MIL-DTL-5809 require testing to verify. lifecycle/availability unknown (not enriched)",6,humidity_resistance|lot_traceability|qualification|solderability_per_j_std_002|thermal_shock_cycles|vibration_grms,digikey,100,0,operating_temp_min|operating_temp_max,unknown,APEM Inc.,679-CT37-021N022-ND,MIL-DTL-5809,false,unknown,,,11
5930-01-174-6031__CT37001N000,5930-01-174-6031,CT37001N000,high,3,3,2,0,3,false,,,,,,"Hard gate failure: operating_temp_min|operating_temp_max. composite skipped (100). Meets 3 of 8 measurable requirements; fails operating_temp_max, operating_temp_min; 3 unknown. 6 qualification clauses under MIL-DTL-5809 require testing to verify. lifecycle/availability unknown (not enriched)",6,humidity_resistance|lot_traceability|qualification|solderability_per_j_std_002|thermal_shock_cycles|vibration_grms,digikey,100,0,operating_temp_min|operating_temp_max,unknown,APEM Inc.,679-3631-ND,MIL-DTL-5809,false,unknown,,,12
5930-01-174-6031__CT37001N002,5930-01-174-6031,CT37001N002,high,3,3,2,0,3,false,,,,,,"Hard gate failure: operating_temp_min|operating_temp_max. composite skipped (100). Meets 3 of 8 measurable requirements; fails operating_temp_max, operating_temp_min; 3 unknown. 6 qualification clauses under MIL-DTL-5809 require testing to verify. lifecycle/availability unknown (not enriched)",6,humidity_resistance|lot_traceability|qualification|solderability_per_j_std_002|thermal_shock_cycles|vibration_grms,digikey,100,0,operating_temp_min|operating_temp_max,unknown,APEM Inc.,679-3600-ND,MIL-DTL-5809,false,unknown,,,13
5930-01-174-6031__CT37001N020,5930-01-174-6031,CT37001N020,high,3,3,2,0,3,false,,,,,,"Hard gate failure: operating_temp_min|operating_temp_max. composite skipped (100). Meets 3 of 8 measurable requirements; fails operating_temp_max, operating_temp_min; 3 unknown. 6 qualification clauses under MIL-DTL-5809 require testing to verify. lifecycle/availability unknown (not enriched)",6,humidity_resistance|lot_traceability|qualification|solderability_per_j_std_002|thermal_shock_cycles|vibration_grms,digikey,100,0,operating_temp_min|operating_temp_max,unknown,APEM Inc.,679-3632-ND,MIL-DTL-5809,false,unknown,,,14
5930-01-174-6031__CT37001N022,5930-01-174-6031,CT37001N022,high,3,3,2,0,3,false,,,,,,"Hard gate failure: operating_temp_min|operating_temp_max. composite skipped (100). Meets 3 of 8 measurable requirements; fails operating_temp_max, operating_temp_min; 3 unknown. 6 qualification clauses under MIL-DTL-5809 require testing to verify. lifecycle/availability unknown (not enriched)",6,humidity_resistance|lot_traceability|qualification|solderability_per_j_std_002|thermal_shock_cycles|vibration_grms,digikey,100,0,operating_temp_min|operating_temp_max,unknown,APEM Inc.,679-3601-ND,MIL-DTL-5809,false,unknown,,,15
5930-01-174-6031__CT37021N020,5930-01-174-6031,CT37021N020,high,3,3,2,0,3,false,,,,,,"Hard gate failure: operating_temp_min|operating_temp_max. composite skipped (100). Meets 3 of 8 measurable requirements; fails operating_temp_max, operating_temp_min; 3 unknown. 6 qualification clauses under MIL-DTL-5809 require testing to verify. lifecycle/availability unknown (not enriched)",6,humidity_resistance|lot_traceability|qualification|solderability_per_j_std_002|thermal_shock_cycles|vibration_grms,digikey,100,0,operating_temp_min|operating_temp_max,unknown,APEM Inc.,679-3602-ND,MIL-DTL-5809,false,unknown,,,16
5930-01-174-6031__CT37031N002,5930-01-174-6031,CT37031N002,high,3,3,2,0,3,false,,,,,,"Hard gate failure: operating_temp_min|operating_temp_max. composite skipped (100). Meets 3 of 8 measurable requirements; fails operating_temp_max, operating_temp_min; 3 unknown. 6 qualification clauses under MIL-DTL-5809 require testing to verify. lifecycle/availability unknown (not enriched)",6,humidity_resistance|lot_traceability|qualification|solderability_per_j_std_002|thermal_shock_cycles|vibration_grms,digikey,100,0,operating_temp_min|operating_temp_max,unknown,APEM Inc.,679-3603-ND,MIL-DTL-5809,false,unknown,,,17
5930-01-174-6031__CT37031N022,5930-01-174-6031,CT37031N022,high,3,3,2,0,3,false,,,,,,"Hard gate failure: operating_temp_min|operating_temp_max. composite skipped (100). Meets 3 of 8 measurable requirements; fails operating_temp_max, operating_temp_min; 3 unknown. 6 qualification clauses under MIL-DTL-5809 require testing to verify. lifecycle/availability unknown (not enriched)",6,humidity_resistance|lot_traceability|qualification|solderability_per_j_std_002|thermal_shock_cycles|vibration_grms,digikey,100,0,operating_temp_min|operating_temp_max,unknown,APEM Inc.,679-3604-ND,MIL-DTL-5809,false,unknown,,,18
5930-01-174-6031__CT38-001N022,5930-01-174-6031,CT38-001N022,high,3,3,2,0,3,false,,,,,,"Hard gate failure: operating_temp_min|operating_temp_max. composite skipped (100). Meets 3 of 8 measurable requirements; fails operating_temp_max, operating_temp_min; 3 unknown. 6 qualification clauses under MIL-DTL-5809 require testing to verify. lifecycle/availability unknown (not enriched)",6,humidity_resistance|lot_traceability|qualification|solderability_per_j_std_002|thermal_shock_cycles|vibration_grms,digikey,100,0,operating_temp_min|operating_temp_max,unknown,APEM Inc.,679-CT38-001N022-ND,MIL-DTL-5809,false,unknown,,,19
5930-01-174-6031__CT39-001N022,5930-01-174-6031,CT39-001N022,high,3,3,2,0,3,false,,,,,,"Hard gate failure: operating_temp_min|operating_temp_max. composite skipped (100). Meets 3 of 8 measurable requirements; fails operating_temp_max, operating_temp_min; 3 unknown. 6 qualification clauses under MIL-DTL-5809 require testing to verify. lifecycle/availability unknown (not enriched)",6,humidity_resistance|lot_traceability|qualification|solderability_per_j_std_002|thermal_shock_cycles|vibration_grms,digikey,100,0,operating_temp_min|operating_temp_max,unknown,APEM Inc.,679-CT39-001N022-ND,MIL-DTL-5809,false,unknown,,,20
5930-01-174-6031__CT39001N000,5930-01-174-6031,CT39001N000,high,3,3,2,0,3,false,,,,,,"Hard gate failure: operating_temp_min|operating_temp_max. composite skipped (100). Meets 3 of 8 measurable requirements; fails operating_temp_max, operating_temp_min; 3 unknown. 6 qualification clauses under MIL-DTL-5809 require testing to verify. lifecycle/availability unknown (not enriched)",6,humidity_resistance|lot_traceability|qualification|solderability_per_j_std_002|thermal_shock_cycles|vibration_grms,digikey,100,0,operating_temp_min|operating_temp_max,unknown,APEM Inc.,679-3605-ND,MIL-DTL-5809,false,unknown,,,21
5930-01-174-6031__CT39001N020,5930-01-174-6031,CT39001N020,high,3,3,2,0,3,false,,,,,,"Hard gate failure: operating_temp_min|operating_temp_max. composite skipped (100). Meets 3 of 8 measurable requirements; fails operating_temp_max, operating_temp_min; 3 unknown. 6 qualification clauses under MIL-DTL-5809 require testing to verify. lifecycle/availability unknown (not enriched)",6,humidity_resistance|lot_traceability|qualification|solderability_per_j_std_002|thermal_shock_cycles|vibration_grms,digikey,100,0,operating_temp_min|operating_temp_max,unknown,APEM Inc.,679-3606-ND,MIL-DTL-5809,false,unknown,,,22
5930-01-174-6031__PT105SQQ,5930-01-174-6031,PT105SQQ,high,3,3,2,0,3,false,,,,,,"Hard gate failure: operating_temp_min|operating_temp_max. composite skipped (100). Meets 3 of 8 measurable requirements; fails operating_temp_max, operating_temp_min; 3 unknown. 6 qualification clauses under MIL-DTL-5809 require testing to verify. lifecycle/availability unknown (not enriched)",6,humidity_resistance|lot_traceability|qualification|solderability_per_j_std_002|thermal_shock_cycles|vibration_grms,digikey,100,0,operating_temp_min|operating_temp_max,unknown,C&K,CKN11543-ND,MIL-DTL-5809,false,unknown,,,23
5930-01-174-6031__PT105SSQ,5930-01-174-6031,PT105SSQ,high,3,3,2,0,3,false,,,,,,"Hard gate failure: operating_temp_min|operating_temp_max. composite skipped (100). Meets 3 of 8 measurable requirements; fails operating_temp_max, operating_temp_min; 3 unknown. 6 qualification clauses under MIL-DTL-5809 require testing to verify. lifecycle/availability unknown (not enriched)",6,humidity_resistance|lot_traceability|qualification|solderability_per_j_std_002|thermal_shock_cycles|vibration_grms,digikey,100,0,operating_temp_min|operating_temp_max,unknown,C&K,CKN11544-ND,MIL-DTL-5809,false,unknown,,,24
5930-01-174-6031__PT105SZQ,5930-01-174-6031,PT105SZQ,high,3,3,2,0,3,false,,,,,,"Hard gate failure: operating_temp_min|operating_temp_max. composite skipped (100). Meets 3 of 8 measurable requirements; fails operating_temp_max, operating_temp_min; 3 unknown. 6 qualification clauses under MIL-DTL-5809 require testing to verify. lifecycle/availability unknown (not enriched)",6,humidity_resistance|lot_traceability|qualification|solderability_per_j_std_002|thermal_shock_cycles|vibration_grms,digikey,100,0,operating_temp_min|operating_temp_max,unknown,C&K,2266-PT105SZQ-ND,MIL-DTL-5809,false,unknown,,,25
5935-00-079-5458__D38999/24TH99JD,5935-00-079-5458,D38999/24TH99JD,low,1,4,0,1,5,false,,,,,,Composite 0.0 (coverage 10%). Meets 4 of 10 measurable requirements; 5 unknown; 1 marginal. 6 qualification clauses under MIL-DTL-38999 require testing to verify. 5 of 10 measurable requirements could not be verified (50% unknown); lifecycle/availability unknown (not enriched),6,dpa_sample_required|humidity_resistance|lot_traceability|qualification|thermal_shock_cycles|vibration_grms,digikey,0,10,,unknown,Milnec,5958-D38999/24TH99JD-ND,MIL-DTL-38999,false,unknown,,,1
5935-00-079-5458__D38999/40FE6HC,5935-00-079-5458,D38999/40FE6HC,low,1,4,0,1,5,false,,,,,,Composite 0.0 (coverage 10%). Meets 4 of 10 measurable requirements; 5 unknown; 1 marginal. 6 qualification clauses under MIL-DTL-38999 require testing to verify. 5 of 10 measurable requirements could not be verified (50% unknown); lifecycle/availability unknown (not enriched),6,dpa_sample_required|humidity_resistance|lot_traceability|qualification|thermal_shock_cycles|vibration_grms,digikey,0,10,,unknown,Milnec,5958-D38999/40FE6HC-ND,MIL-DTL-38999,false,unknown,,,2
5935-00-079-5458__D38999/40FE6HD,5935-00-079-5458,D38999/40FE6HD,low,1,4,0,1,5,false,,,,,,Composite 0.0 (coverage 10%). Meets 4 of 10 measurable requirements; 5 unknown; 1 marginal. 6 qualification clauses under MIL-DTL-38999 require testing to verify. 5 of 10 measurable requirements could not be verified (50% unknown); lifecycle/availability unknown (not enriched),6,dpa_sample_required|humidity_resistance|lot_traceability|qualification|thermal_shock_cycles|vibration_grms,digikey,0,10,,unknown,Milnec,5958-D38999/40FE6HD-ND,MIL-DTL-38999,false,unknown,,,3
5935-00-079-5458__D38999/40FE6HK,5935-00-079-5458,D38999/40FE6HK,low,1,4,0,1,5,false,,,,,,Composite 0.0 (coverage 10%). Meets 4 of 10 measurable requirements; 5 unknown; 1 marginal. 6 qualification clauses under MIL-DTL-38999 require testing to verify. 5 of 10 measurable requirements could not be verified (50% unknown); lifecycle/availability unknown (not enriched),6,dpa_sample_required|humidity_resistance|lot_traceability|qualification|thermal_shock_cycles|vibration_grms,digikey,0,10,,unknown,Milnec,5958-D38999/40FE6HK-ND,MIL-DTL-38999,false,unknown,,,4
5935-00-079-5458__D38999/40FE6HL,5935-00-079-5458,D38999/40FE6HL,low,1,4,0,1,5,false,,,,,,Composite 0.0 (coverage 10%). Meets 4 of 10 measurable requirements; 5 unknown; 1 marginal. 6 qualification clauses under MIL-DTL-38999 require testing to verify. 5 of 10 measurable requirements could not be verified (50% unknown); lifecycle/availability unknown (not enriched),6,dpa_sample_required|humidity_resistance|lot_traceability|qualification|thermal_shock_cycles|vibration_grms,digikey,0,10,,unknown,Milnec,5958-D38999/40FE6HL-ND,MIL-DTL-38999,false,unknown,,,5
5935-00-079-5458__D38999/40WD5SA,5935-00-079-5458,D38999/40WD5SA,low,1,4,0,1,5,false,,,,,,Composite 0.0 (coverage 10%). Meets 4 of 10 measurable requirements; 5 unknown; 1 marginal. 6 qualification clauses under MIL-DTL-38999 require testing to verify. 5 of 10 measurable requirements could not be verified (50% unknown); lifecycle/availability unknown (not enriched),6,dpa_sample_required|humidity_resistance|lot_traceability|qualification|thermal_shock_cycles|vibration_grms,digikey,0,10,,unknown,Milnec,5958-D38999/40WD5SA-ND,MIL-DTL-38999,false,unknown,,,6
5935-00-079-5458__D38999/20GH36SN,5935-00-079-5458,D38999/20GH36SN,low,1,5,0,1,4,false,,,,,,Composite 4.1 (coverage 17%). Meets 5 of 10 measurable requirements; 4 unknown; 1 marginal. 6 qualification clauses under MIL-DTL-38999 require testing to verify. 4 of 10 measurable requirements could not be verified (40% unknown); lifecycle/availability unknown (not enriched),6,dpa_sample_required|humidity_resistance|lot_traceability|qualification|thermal_shock_cycles|vibration_grms,digikey,4.11765,17,,unknown,Milnec,5958-D38999/20GH36SN-ND,MIL-DTL-38999,false,unknown,,,7
5935-00-079-5458__D38999/20GH53HA,5935-00-079-5458,D38999/20GH53HA,low,1,5,0,1,4,false,,,,,,Composite 4.1 (coverage 17%). Meets 5 of 10 measurable requirements; 4 unknown; 1 marginal. 6 qualification clauses under MIL-DTL-38999 require testing to verify. 4 of 10 measurable requirements could not be verified (40% unknown); lifecycle/availability unknown (not enriched),6,dpa_sample_required|humidity_resistance|lot_traceability|qualification|thermal_shock_cycles|vibration_grms,digikey,4.11765,17,,unknown,Milnec,5958-D38999/20GH53HA-ND,MIL-DTL-38999,false,unknown,,,8
5935-00-079-5458__D38999/24TH32SC,5935-00-079-5458,D38999/24TH32SC,low,1,4,1,1,4,false,,,,,,Composite 12.4 (coverage 17%). Meets 4 of 10 measurable requirements; fails shell_material; 4 unknown; 1 marginal. 6 qualification clauses under MIL-DTL-38999 require testing to verify. lifecycle/availability unknown (not enriched),6,dpa_sample_required|humidity_resistance|lot_traceability|qualification|thermal_shock_cycles|vibration_grms,digikey,12.3529,17,,unknown,Milnec,5958-D38999/24TH32SC-ND,MIL-DTL-38999,false,unknown,,,9
5935-00-079-5458__D38999/24WH99SD,5935-00-079-5458,D38999/24WH99SD,low,1,4,1,1,4,false,,,,,,Composite 12.4 (coverage 17%). Meets 4 of 10 measurable requirements; fails shell_material; 4 unknown; 1 marginal. 6 qualification clauses under MIL-DTL-38999 require testing to verify. lifecycle/availability unknown (not enriched),6,dpa_sample_required|humidity_resistance|lot_traceability|qualification|thermal_shock_cycles|vibration_grms,digikey,12.3529,17,,unknown,Milnec,5958-D38999/24WH99SD-ND,MIL-DTL-38999,false,unknown,,,10
5935-00-079-5458__D38999/24WH99SE,5935-00-079-5458,D38999/24WH99SE,low,1,4,1,1,4,false,,,,,,Composite 12.4 (coverage 17%). Meets 4 of 10 measurable requirements; fails shell_material; 4 unknown; 1 marginal. 6 qualification clauses under MIL-DTL-38999 require testing to verify. lifecycle/availability unknown (not enriched),6,dpa_sample_required|humidity_resistance|lot_traceability|qualification|thermal_shock_cycles|vibration_grms,digikey,12.3529,17,,unknown,Milnec,5958-D38999/24WH99SE-ND,MIL-DTL-38999,false,unknown,,,11
5935-00-079-5458__D38999/24WH99SN,5935-00-079-5458,D38999/24WH99SN,low,1,4,1,1,4,false,,,,,,Composite 12.4 (coverage 17%). Meets 4 of 10 measurable requirements; fails shell_material; 4 unknown; 1 marginal. 6 qualification clauses under MIL-DTL-38999 require testing to verify. lifecycle/availability unknown (not enriched),6,dpa_sample_required|humidity_resistance|lot_traceability|qualification|thermal_shock_cycles|vibration_grms,digikey,12.3529,17,,unknown,Milnec,5958-D38999/24WH99SN-ND,MIL-DTL-38999,false,unknown,,,12
5935-00-079-5458__D38999/25NH34PN,5935-00-079-5458,D38999/25NH34PN,low,1,4,1,1,4,false,,,,,,Composite 12.4 (coverage 17%). Meets 4 of 10 measurable requirements; fails shell_material; 4 unknown; 1 marginal. 6 qualification clauses under MIL-DTL-38999 require testing to verify. lifecycle/availability unknown (not enriched),6,dpa_sample_required|humidity_resistance|lot_traceability|qualification|thermal_shock_cycles|vibration_grms,digikey,12.3529,17,,unknown,Milnec,5958-D38999/25NH34PN-ND,MIL-DTL-38999,false,unknown,,,13
5935-00-079-5458__D38999/25NH34XA,5935-00-079-5458,D38999/25NH34XA,low,1,4,1,1,4,false,,,,,,Composite 12.4 (coverage 17%). Meets 4 of 10 measurable requirements; fails shell_material; 4 unknown; 1 marginal. 6 qualification clauses under MIL-DTL-38999 require testing to verify. lifecycle/availability unknown (not enriched),6,dpa_sample_required|humidity_resistance|lot_traceability|qualification|thermal_shock_cycles|vibration_grms,digikey,12.3529,17,,unknown,Milnec,5958-D38999/25NH34XA-ND,MIL-DTL-38999,false,unknown,,,14
5935-00-079-5458__D38999/25NH34XC,5935-00-079-5458,D38999/25NH34XC,low,1,4,1,1,4,false,,,,,,Composite 12.4 (coverage 17%). Meets 4 of 10 measurable requirements; fails shell_material; 4 unknown; 1 marginal. 6 qualification clauses under MIL-DTL-38999 require testing to verify. lifecycle/availability unknown (not enriched),6,dpa_sample_required|humidity_resistance|lot_traceability|qualification|thermal_shock_cycles|vibration_grms,digikey,12.3529,17,,unknown,Milnec,5958-D38999/25NH34XC-ND,MIL-DTL-38999,false,unknown,,,15
5935-00-079-5458__D38999/25NH34XD,5935-00-079-5458,D38999/25NH34XD,low,1,4,1,1,4,false,,,,,,Composite 12.4 (coverage 17%). Meets 4 of 10 measurable requirements; fails shell_material; 4 unknown; 1 marginal. 6 qualification clauses under MIL-DTL-38999 require testing to verify. lifecycle/availability unknown (not enriched),6,dpa_sample_required|humidity_resistance|lot_traceability|qualification|thermal_shock_cycles|vibration_grms,digikey,12.3529,17,,unknown,Milnec,5958-D38999/25NH34XD-ND,MIL-DTL-38999,false,unknown,,,16
5935-00-079-5458__D38999/25NH34XE,5935-00-079-5458,D38999/25NH34XE,low,1,4,1,1,4,false,,,,,,Composite 12.4 (coverage 17%). Meets 4 of 10 measurable requirements; fails shell_material; 4 unknown; 1 marginal. 6 qualification clauses under MIL-DTL-38999 require testing to verify. lifecycle/availability unknown (not enriched),6,dpa_sample_required|humidity_resistance|lot_traceability|qualification|thermal_shock_cycles|vibration_grms,digikey,12.3529,17,,unknown,Milnec,5958-D38999/25NH34XE-ND,MIL-DTL-38999,false,unknown,,,17
5935-00-079-5458__D38999/26GH55HD,5935-00-079-5458,D38999/26GH55HD,low,1,4,1,1,4,false,,,,,,Composite 12.4 (coverage 17%). Meets 4 of 10 measurable requirements; fails shell_material; 4 unknown; 1 marginal. 6 qualification clauses under MIL-DTL-38999 require testing to verify. lifecycle/availability unknown (not enriched),6,dpa_sample_required|humidity_resistance|lot_traceability|qualification|thermal_shock_cycles|vibration_grms,digikey,12.3529,17,,unknown,Milnec,5958-D38999/26GH55HD-ND,MIL-DTL-38999,false,unknown,,,18
5935-00-079-5458__D38999/26GH55HE,5935-00-079-5458,D38999/26GH55HE,low,1,4,1,1,4,false,,,,,,Composite 12.4 (coverage 17%). Meets 4 of 10 measurable requirements; fails shell_material; 4 unknown; 1 marginal. 6 qualification clauses under MIL-DTL-38999 require testing to verify. lifecycle/availability unknown (not enriched),6,dpa_sample_required|humidity_resistance|lot_traceability|qualification|thermal_shock_cycles|vibration_grms,digikey,12.3529,17,,unknown,Milnec,5958-D38999/26GH55HE-ND,MIL-DTL-38999,false,unknown,,,19
5935-00-079-5458__D38999/26GH55HN,5935-00-079-5458,D38999/26GH55HN,low,1,4,1,1,4,false,,,,,,Composite 12.4 (coverage 17%). Meets 4 of 10 measurable requirements; fails shell_material; 4 unknown; 1 marginal. 6 qualification clauses under MIL-DTL-38999 require testing to verify. lifecycle/availability unknown (not enriched),6,dpa_sample_required|humidity_resistance|lot_traceability|qualification|thermal_shock_cycles|vibration_grms,digikey,12.3529,17,,unknown,Milnec,5958-D38999/26GH55HN-ND,MIL-DTL-38999,false,unknown,,,20
5935-00-079-5458__D38999/26GH55JA,5935-00-079-5458,D38999/26GH55JA,low,1,4,1,1,4,false,,,,,,Composite 12.4 (coverage 17%). Meets 4 of 10 measurable requirements; fails shell_material; 4 unknown; 1 marginal. 6 qualification clauses under MIL-DTL-38999 require testing to verify. lifecycle/availability unknown (not enriched),6,dpa_sample_required|humidity_resistance|lot_traceability|qualification|thermal_shock_cycles|vibration_grms,digikey,12.3529,17,,unknown,Milnec,5958-D38999/26GH55JA-ND,MIL-DTL-38999,false,unknown,,,21
5935-00-079-5458__D38999/26GH55JB,5935-00-079-5458,D38999/26GH55JB,low,1,4,1,1,4,false,,,,,,Composite 12.4 (coverage 17%). Meets 4 of 10 measurable requirements; fails shell_material; 4 unknown; 1 marginal. 6 qualification clauses under MIL-DTL-38999 require testing to verify. lifecycle/availability unknown (not enriched),6,dpa_sample_required|humidity_resistance|lot_traceability|qualification|thermal_shock_cycles|vibration_grms,digikey,12.3529,17,,unknown,Milnec,5958-D38999/26GH55JB-ND,MIL-DTL-38999,false,unknown,,,22
5935-00-079-5458__D38999/24GH97JN,5935-00-079-5458,D38999/24GH97JN,medium,2,4,0,1,5,false,,,958.125,1000,,Composite 15.4 (coverage 48%). Meets 4 of 10 measurable requirements; 5 unknown; 1 marginal. 6 qualification clauses under MIL-DTL-38999 require testing to verify. 5 of 10 measurable requirements could not be verified (50% unknown); lifecycle status unknown; no distributor has stock,6,dpa_sample_required|humidity_resistance|lot_traceability|qualification|thermal_shock_cycles|vibration_grms,digikey,15.3935,48,,unknown,Milnec,5958-D38999/24GH97JN-ND,MIL-DTL-38999,true,unknown,0,,23
5935-00-079-5458__D38999/24GH99JB,5935-00-079-5458,D38999/24GH99JB,medium,2,4,0,1,5,false,,,945.737,1000,,Composite 15.4 (coverage 48%). Meets 4 of 10 measurable requirements; 5 unknown; 1 marginal. 6 qualification clauses under MIL-DTL-38999 require testing to verify. 5 of 10 measurable requirements could not be verified (50% unknown); lifecycle status unknown; no distributor has stock,6,dpa_sample_required|humidity_resistance|lot_traceability|qualification|thermal_shock_cycles|vibration_grms,digikey,15.3935,48,,unknown,Milnec,5958-D38999/24GH99JB-ND,MIL-DTL-38999,true,unknown,0,,24
5935-00-079-5458__D38999/24GH99JC,5935-00-079-5458,D38999/24GH99JC,medium,2,4,0,1,5,false,,,945.737,1000,,Composite 15.4 (coverage 48%). Meets 4 of 10 measurable requirements; 5 unknown; 1 marginal. 6 qualification clauses under MIL-DTL-38999 require testing to verify. 5 of 10 measurable requirements could not be verified (50% unknown); lifecycle status unknown; no distributor has stock,6,dpa_sample_required|humidity_resistance|lot_traceability|qualification|thermal_shock_cycles|vibration_grms,digikey,15.3935,48,,unknown,Milnec,5958-D38999/24GH99JC-ND,MIL-DTL-38999,true,unknown,0,,25
5935-00-079-5458__207654-1,5935-00-079-5458,207654-1,high,3,2,1,0,7,false,,,,,,Hard gate failure: contact_count. composite skipped (100). Meets 2 of 10 measurable requirements; fails contact_count; 7 unknown. 6 qualification clauses under MIL-DTL-38999 require testing to verify. lifecycle/availability unknown (not enriched),6,dpa_sample_required|humidity_resistance|lot_traceability|qualification|thermal_shock_cycles|vibration_grms,external,100,0,contact_count,unknown,TE Connectivity,,MIL-DTL-38999,false,unknown,,,26
5935-00-079-5458__PT06A-10-6S(SR),5935-00-079-5458,PT06A-10-6S(SR),high,3,2,2,1,5,false,,,,,,"Hard gate failure: contact_count. composite skipped (100). Meets 2 of 10 measurable requirements; fails contact_count, shell_material; 5 unknown; 1 marginal. 6 qualification clauses under MIL-DTL-38999 require testing to verify. lifecycle/availability unknown (not enriched)",6,dpa_sample_required|humidity_resistance|lot_traceability|qualification|thermal_shock_cycles|vibration_grms,external,100,0,contact_count,unknown,Amphenol Industrial,,MIL-DTL-38999,false,unknown,,,27
5935-00-079-5458__PT06E-14-5P(SR),5935-00-079-5458,PT06E-14-5P(SR),high,3,2,2,1,5,false,,,,,,"Hard gate failure: contact_count. composite skipped (100). Meets 2 of 10 measurable requirements; fails contact_count, shell_material; 5 unknown; 1 marginal. 6 qualification clauses under MIL-DTL-38999 require testing to verify. lifecycle/availability unknown (not enriched)",6,dpa_sample_required|humidity_resistance|lot_traceability|qualification|thermal_shock_cycles|vibration_grms,external,100,0,contact_count,unknown,Amphenol Industrial,,MIL-DTL-38999,false,unknown,,,28
5935-00-079-5458__200821-1,5935-00-079-5458,200821-1,high,3,1,2,0,7,false,,,,,,"Hard gate failure: operating_temp_max|contact_count. composite skipped (100). Meets 1 of 10 measurable requirements; fails contact_count, operating_temp_max; 7 unknown. 6 qualification clauses under MIL-DTL-38999 require testing to verify. lifecycle/availability unknown (not enriched)",6,dpa_sample_required|humidity_resistance|lot_traceability|qualification|thermal_shock_cycles|vibration_grms,external,100,0,operating_temp_max|contact_count,unknown,TE Connectivity,,MIL-DTL-38999,false,unknown,,,29
5935-00-079-5458__HBL5666VY,5935-00-079-5458,HBL5666VY,high,3,0,3,0,7,false,,,,,,"Hard gate failure: operating_temp_min|operating_temp_max|contact_count. composite skipped (100). Meets 0 of 10 measurable requirements; fails contact_count, operating_temp_max, operating_temp_min; 7 unknown. 6 qualification clauses under MIL-DTL-38999 require testing to verify. lifecycle/availability unknown (not enriched)",6,dpa_sample_required|humidity_resistance|lot_traceability|qualification|thermal_shock_cycles|vibration_grms,external,100,0,operating_temp_min|operating_temp_max|contact_count,unknown,Hubbell Wiring Device-Kellems,,MIL-DTL-38999,false,unknown,,,30
5935-00-079-5458__HBL5865VY,5935-00-079-5458,HBL5865VY,high,3,0,4,0,6,false,,,,,,"Hard gate failure: operating_temp_min|operating_temp_max|contact_count. composite skipped (100). Meets 0 of 10 measurable requirements; fails contact_count, contact_plating, operating_temp_max, operating_temp_min; 6 unknown. 6 qualification clauses under MIL-DTL-38999 require testing to verify. lifecycle/availability unknown (not enriched)",6,dpa_sample_required|humidity_resistance|lot_traceability|qualification|thermal_shock_cycles|vibration_grms,external,100,0,operating_temp_min|operating_temp_max|contact_count,unknown,Hubbell Wiring Device-Kellems,,MIL-DTL-38999,false,unknown,,,31
5935-00-079-5458__1811633-1,5935-00-079-5458,1811633-1,unscored,4,2,0,0,8,false,,,,,,No scoreable composite attributes (weight coverage 0%); insufficient data to score. Meets 2 of 10 measurable requirements; 8 unknown. 6 qualification clauses under MIL-DTL-38999 require testing to verify. 8 of 10 measurable requirements could not be verified (80% unknown); lifecycle/availability unknown (not enriched),6,dpa_sample_required|humidity_resistance|lot_traceability|qualification|thermal_shock_cycles|vibration_grms,external,,0,,unknown,TE Connectivity,,MIL-DTL-38999,false,unknown,,,32
5935-00-104-9650__TXR15AB00-1008AI,5935-00-104-9650,TXR15AB00-1008AI,high,3,1,1,0,8,false,,,196.9,1000,,Hard gate failure: operating_temp_max. composite skipped (100). Meets 1 of 10 measurable requirements; fails operating_temp_max; 8 unknown. 6 qualification clauses under MIL-DTL-83723 require testing to verify. lifecycle status unknown; 14 distributors,6,humidity_resistance|lot_traceability|qualification|solderability_per_j_std_002|thermal_shock_cycles|vibration_grms,external,100,0,operating_temp_max,unknown,TE Connectivity / Raychem,,MIL-DTL-83723,true,unknown,14,,1
5935-00-104-9650__TXR40AB00-1210BI,5935-00-104-9650,TXR40AB00-1210BI,high,3,1,1,0,8,false,,,287.978,1000,,Hard gate failure: operating_temp_max. composite skipped (100). Meets 1 of 10 measurable requirements; fails operating_temp_max; 8 unknown. 6 qualification clauses under MIL-DTL-83723 require testing to verify. lifecycle status unknown; 12 distributors,6,humidity_resistance|lot_traceability|qualification|solderability_per_j_std_002|thermal_shock_cycles|vibration_grms,external,100,0,operating_temp_max,unknown,TE Connectivity / Raychem,,MIL-DTL-83723,true,unknown,12,,2
5935-00-104-9650__TXR40AB90-2412BI,5935-00-104-9650,TXR40AB90-2412BI,high,3,1,1,0,8,false,,,272.307,1000,,Hard gate failure: operating_temp_max. composite skipped (100). Meets 1 of 10 measurable requirements; fails operating_temp_max; 8 unknown. 6 qualification clauses under MIL-DTL-83723 require testing to verify. lifecycle status unknown; 9 distributors,6,humidity_resistance|lot_traceability|qualification|solderability_per_j_std_002|thermal_shock_cycles|vibration_grms,external,100,0,operating_temp_max,unknown,TE Connectivity / Raychem,,MIL-DTL-83723,true,unknown,9,,3
5935-00-104-9650__TXR41AB90-1810AI,5935-00-104-9650,TXR41AB90-1810AI,high,3,1,1,0,8,false,,,,,,Hard gate failure: operating_temp_max. composite skipped (100). Meets 1 of 10 measurable requirements; fails operating_temp_max; 8 unknown. 6 qualification clauses under MIL-DTL-83723 require testing to verify. lifecycle/availability unknown (not enriched),6,humidity_resistance|lot_traceability|qualification|solderability_per_j_std_002|thermal_shock_cycles|vibration_grms,external,100,0,operating_temp_max,unknown,TE Connectivity / Raychem,,MIL-DTL-83723,false,unknown,,,4
5935-00-104-9650__2081559-1,5935-00-104-9650,2081559-1,high,3,1,2,0,7,false,,,,,,"Hard gate failure: operating_temp_max|contact_count. composite skipped (100). Meets 1 of 10 measurable requirements; fails contact_count, operating_temp_max; 7 unknown. 6 qualification clauses under MIL-DTL-83723 require testing to verify. lifecycle/availability unknown (not enriched)",6,humidity_resistance|lot_traceability|qualification|solderability_per_j_std_002|thermal_shock_cycles|vibration_grms,external,100,0,operating_temp_max|contact_count,unknown,TE Connectivity,,MIL-DTL-83723,false,unknown,,,5
5935-00-104-9650__2081888-1,5935-00-104-9650,2081888-1,high,3,1,2,0,7,false,,,,,,"Hard gate failure: operating_temp_max. composite skipped (100). Meets 1 of 10 measurable requirements; fails shell_material, operating_temp_max; 7 unknown. 6 qualification clauses under MIL-DTL-83723 require testing to verify. lifecycle/availability unknown (not enriched)",6,humidity_resistance|lot_traceability|qualification|solderability_per_j_std_002|thermal_shock_cycles|vibration_grms,external,100,0,operating_temp_max,unknown,TE Connectivity,,MIL-DTL-83723,false,unknown,,,6
5935-00-104-9650__2081890-1,5935-00-104-9650,2081890-1,high,3,1,2,0,7,false,,,,,,"Hard gate failure: operating_temp_max. composite skipped (100). Meets 1 of 10 measurable requirements; fails shell_material, operating_temp_max; 7 unknown. 6 qualification clauses under MIL-DTL-83723 require testing to verify. lifecycle/availability unknown (not enriched)",6,humidity_resistance|lot_traceability|qualification|solderability_per_j_std_002|thermal_shock_cycles|vibration_grms,external,100,0,operating_temp_max,unknown,TE Connectivity,,MIL-DTL-83723,false,unknown,,,7
5935-00-104-9650__2081554-1,5935-00-104-9650,2081554-1,high,3,0,3,0,7,false,,,,,,"Hard gate failure: operating_temp_min|operating_temp_max|contact_count. composite skipped (100). Meets 0 of 10 measurable requirements; fails contact_count, operating_temp_max, operating_temp_min; 7 unknown. 6 qualification clauses under MIL-DTL-83723 require testing to verify. lifecycle/availability unknown (not enriched)",6,humidity_resistance|lot_traceability|qualification|solderability_per_j_std_002|thermal_shock_cycles|vibration_grms,external,100,0,operating_temp_min|operating_temp_max|contact_count,unknown,TE Connectivity,,MIL-DTL-83723,false,unknown,,,8
5935-00-104-9650__TXR40AC00-2410AI,5935-00-104-9650,TXR40AC00-2410AI,unscored,4,2,0,0,8,false,,,,,,No scoreable composite attributes (weight coverage 0%); insufficient data to score. Meets 2 of 10 measurable requirements; 8 unknown. 6 qualification clauses under MIL-DTL-83723 require testing to verify. 8 of 10 measurable requirements could not be verified (80% unknown); lifecycle/availability unknown (not enriched),6,humidity_resistance|lot_traceability|qualification|solderability_per_j_std_002|thermal_shock_cycles|vibration_grms,external,,0,,unknown,TE Connectivity / Raychem,,MIL-DTL-83723,false,unknown,,,9
5935-00-104-9650__1-1437720-3,5935-00-104-9650,1-1437720-3,unscored,4,0,0,0,10,false,,,,,,No scoreable composite attributes (weight coverage 0%); insufficient data to score. Meets 0 of 10 measurable requirements; 10 unknown. 6 qualification clauses under MIL-DTL-83723 require testing to verify. 10 of 10 measurable requirements could not be verified (100% unknown); lifecycle/availability unknown (not enriched),6,humidity_resistance|lot_traceability|qualification|solderability_per_j_std_002|thermal_shock_cycles|vibration_grms,digikey,,0,,unknown,TE Connectivity AMP Connectors,A111895-ND,MIL-DTL-83723,false,unknown,,,10
5935-00-104-9650__1-1437720-4,5935-00-104-9650,1-1437720-4,unscored,4,0,0,0,10,false,,,,,,No scoreable composite attributes (weight coverage 0%); insufficient data to score. Meets 0 of 10 measurable requirements; 10 unknown. 6 qualification clauses under MIL-DTL-83723 require testing to verify. 10 of 10 measurable requirements could not be verified (100% unknown); lifecycle/availability unknown (not enriched),6,humidity_resistance|lot_traceability|qualification|solderability_per_j_std_002|thermal_shock_cycles|vibration_grms,digikey,,0,,unknown,TE Connectivity AMP Connectors,1-1437720-4-ND,MIL-DTL-83723,false,unknown,,,11
5935-00-104-9650__1200330001,5935-00-104-9650,1200330001,unscored,4,0,0,0,10,false,,,,,,No scoreable composite attributes (weight coverage 0%); insufficient data to score. Meets 0 of 10 measurable requirements; 10 unknown. 6 qualification clauses under MIL-DTL-83723 require testing to verify. 10 of 10 measurable requirements could not be verified (100% unknown); lifecycle/availability unknown (not enriched),6,humidity_resistance|lot_traceability|qualification|solderability_per_j_std_002|thermal_shock_cycles|vibration_grms,digikey,,0,,unknown,Molex,WM16815-ND,MIL-DTL-83723,false,unknown,,,12
5935-00-104-9650__1200680137,5935-00-104-9650,1200680137,unscored,4,0,0,0,10,false,,,,,,No scoreable composite attributes (weight coverage 0%); insufficient data to score. Meets 0 of 10 measurable requirements; 10 unknown. 6 qualification clauses under MIL-DTL-83723 require testing to verify. 10 of 10 measurable requirements could not be verified (100% unknown); lifecycle/availability unknown (not enriched),6,humidity_resistance|lot_traceability|qualification|solderability_per_j_std_002|thermal_shock_cycles|vibration_grms,digikey,,0,,unknown,Molex,WM21486-ND,MIL-DTL-83723,false,unknown,,,13
5935-00-104-9650__1200680229,5935-00-104-9650,1200680229,unscored,4,0,0,0,10,false,,,,,,No scoreable composite attributes (weight coverage 0%); insufficient data to score. Meets 0 of 10 measurable requirements; 10 unknown. 6 qualification clauses under MIL-DTL-83723 require testing to verify. 10 of 10 measurable requirements could not be verified (100% unknown); lifecycle/availability unknown (not enriched),6,humidity_resistance|lot_traceability|qualification|solderability_per_j_std_002|thermal_shock_cycles|vibration_grms,digikey,,0,,unknown,Molex,23-1200680229-ND,MIL-DTL-83723,false,unknown,,,14
5935-00-104-9650__1200688009,5935-00-104-9650,1200688009,unscored,4,0,0,0,10,false,,,,,,No scoreable composite attributes (weight coverage 0%); insufficient data to score. Meets 0 of 10 measurable requirements; 10 unknown. 6 qualification clauses under MIL-DTL-83723 require testing to verify. 10 of 10 measurable requirements could not be verified (100% unknown); lifecycle/availability unknown (not enriched),6,humidity_resistance|lot_traceability|qualification|solderability_per_j_std_002|thermal_shock_cycles|vibration_grms,digikey,,0,,unknown,Molex,WM19374-ND,MIL-DTL-83723,false,unknown,,,15
5935-00-104-9650__1200895003,5935-00-104-9650,1200895003,unscored,4,0,0,0,10,false,,,,,,No scoreable composite attributes (weight coverage 0%); insufficient data to score. Meets 0 of 10 measurable requirements; 10 unknown. 6 qualification clauses under MIL-DTL-83723 require testing to verify. 10 of 10 measurable requirements could not be verified (100% unknown); lifecycle/availability unknown (not enriched),6,humidity_resistance|lot_traceability|qualification|solderability_per_j_std_002|thermal_shock_cycles|vibration_grms,digikey,,0,,unknown,Molex,1200895003-ND,MIL-DTL-83723,false,unknown,,,16
5935-00-104-9650__1201010001,5935-00-104-9650,1201010001,unscored,4,0,0,0,10,false,,,,,,No scoreable composite attributes (weight coverage 0%); insufficient data to score. Meets 0 of 10 measurable requirements; 10 unknown. 6 qualification clauses under MIL-DTL-83723 require testing to verify. 10 of 10 measurable requirements could not be verified (100% unknown); lifecycle/availability unknown (not enriched),6,humidity_resistance|lot_traceability|qualification|solderability_per_j_std_002|thermal_shock_cycles|vibration_grms,digikey,,0,,unknown,Molex,2266-1201010001-ND,MIL-DTL-83723,false,unknown,,,17
5935-00-104-9650__1300180217,5935-00-104-9650,1300180217,unscored,4,0,0,0,10,false,,,,,,No scoreable composite attributes (weight coverage 0%); insufficient data to score. Meets 0 of 10 measurable requirements; 10 unknown. 6 qualification clauses under MIL-DTL-83723 require testing to verify. 10 of 10 measurable requirements could not be verified (100% unknown); lifecycle/availability unknown (not enriched),6,humidity_resistance|lot_traceability|qualification|solderability_per_j_std_002|thermal_shock_cycles|vibration_grms,digikey,,0,,unknown,Molex,WM15405-ND,MIL-DTL-83723,false,unknown,,,18
5935-00-104-9650__1300350057,5935-00-104-9650,1300350057,unscored,4,0,0,0,10,false,,,,,,No scoreable composite attributes (weight coverage 0%); insufficient data to score. Meets 0 of 10 measurable requirements; 10 unknown. 6 qualification clauses under MIL-DTL-83723 require testing to verify. 10 of 10 measurable requirements could not be verified (100% unknown); lifecycle/availability unknown (not enriched),6,humidity_resistance|lot_traceability|qualification|solderability_per_j_std_002|thermal_shock_cycles|vibration_grms,digikey,,0,,unknown,Molex,WM15386-ND,MIL-DTL-83723,false,unknown,,,19
5935-00-104-9650__1300350085,5935-00-104-9650,1300350085,unscored,4,0,0,0,10,false,,,,,,No scoreable composite attributes (weight coverage 0%); insufficient data to score. Meets 0 of 10 measurable requirements; 10 unknown. 6 qualification clauses under MIL-DTL-83723 require testing to verify. 10 of 10 measurable requirements could not be verified (100% unknown); lifecycle/availability unknown (not enriched),6,humidity_resistance|lot_traceability|qualification|solderability_per_j_std_002|thermal_shock_cycles|vibration_grms,digikey,,0,,unknown,Molex,2266-1300350085-ND,MIL-DTL-83723,false,unknown,,,20
5935-00-104-9650__1419920,5935-00-104-9650,1419920,unscored,4,0,0,0,10,false,,,,,,No scoreable composite attributes (weight coverage 0%); insufficient data to score. Meets 0 of 10 measurable requirements; 10 unknown. 6 qualification clauses under MIL-DTL-83723 require testing to verify. 10 of 10 measurable requirements could not be verified (100% unknown); lifecycle/availability unknown (not enriched),6,humidity_resistance|lot_traceability|qualification|solderability_per_j_std_002|thermal_shock_cycles|vibration_grms,digikey,,0,,unknown,Phoenix Contact,1419920-ND,MIL-DTL-83723,false,unknown,,,21
5935-00-104-9650__1419933,5935-00-104-9650,1419933,unscored,4,0,0,0,10,false,,,,,,No scoreable composite attributes (weight coverage 0%); insufficient data to score. Meets 0 of 10 measurable requirements; 10 unknown. 6 qualification clauses under MIL-DTL-83723 require testing to verify. 10 of 10 measurable requirements could not be verified (100% unknown); lifecycle/availability unknown (not enriched),6,humidity_resistance|lot_traceability|qualification|solderability_per_j_std_002|thermal_shock_cycles|vibration_grms,digikey,,0,,unknown,Phoenix Contact,277-13103-ND,MIL-DTL-83723,false,unknown,,,22
5935-00-104-9650__1419946,5935-00-104-9650,1419946,unscored,4,0,0,0,10,false,,,,,,No scoreable composite attributes (weight coverage 0%); insufficient data to score. Meets 0 of 10 measurable requirements; 10 unknown. 6 qualification clauses under MIL-DTL-83723 require testing to verify. 10 of 10 measurable requirements could not be verified (100% unknown); lifecycle/availability unknown (not enriched),6,humidity_resistance|lot_traceability|qualification|solderability_per_j_std_002|thermal_shock_cycles|vibration_grms,digikey,,0,,unknown,Phoenix Contact,277-13104-ND,MIL-DTL-83723,false,unknown,,,23
5935-00-104-9650__1424326,5935-00-104-9650,1424326,unscored,4,0,0,0,10,false,,,,,,No scoreable composite attributes (weight coverage 0%); insufficient data to score. Meets 0 of 10 measurable requirements; 10 unknown. 6 qualification clauses under MIL-DTL-83723 require testing to verify. 10 of 10 measurable requirements could not be verified (100% unknown); lifecycle/availability unknown (not enriched),6,humidity_resistance|lot_traceability|qualification|solderability_per_j_std_002|thermal_shock_cycles|vibration_grms,digikey,,0,,unknown,Phoenix Contact,277-10945-ND,MIL-DTL-83723,false,unknown,,,24
5935-00-104-9650__1438079,5935-00-104-9650,1438079,unscored,4,0,0,0,10,false,,,,,,No scoreable composite attributes (weight coverage 0%); insufficient data to score. Meets 0 of 10 measurable requirements; 10 unknown. 6 qualification clauses under MIL-DTL-83723 require testing to verify. 10 of 10 measurable requirements could not be verified (100% unknown); lifecycle/availability unknown (not enriched),6,humidity_resistance|lot_traceability|qualification|solderability_per_j_std_002|thermal_shock_cycles|vibration_grms,digikey,,0,,unknown,Phoenix Contact,1438079-ND,MIL-DTL-83723,false,unknown,,,25
5935-00-104-9650__1454972,5935-00-104-9650,1454972,unscored,4,0,0,0,10,false,,,,,,No scoreable composite attributes (weight coverage 0%); insufficient data to score. Meets 0 of 10 measurable requirements; 10 unknown. 6 qualification clauses under MIL-DTL-83723 require testing to verify. 10 of 10 measurable requirements could not be verified (100% unknown); lifecycle/availability unknown (not enriched),6,humidity_resistance|lot_traceability|qualification|solderability_per_j_std_002|thermal_shock_cycles|vibration_grms,digikey,,0,,unknown,Phoenix Contact,277-16536-ND,MIL-DTL-83723,false,unknown,,,26
5935-00-104-9650__1526253,5935-00-104-9650,1526253,unscored,4,0,0,0,10,false,,,,,,No scoreable composite attributes (weight coverage 0%); insufficient data to score. Meets 0 of 10 measurable requirements; 10 unknown. 6 qualification clauses under MIL-DTL-83723 require testing to verify. 10 of 10 measurable requirements could not be verified (100% unknown); lifecycle/availability unknown (not enriched),6,humidity_resistance|lot_traceability|qualification|solderability_per_j_std_002|thermal_shock_cycles|vibration_grms,digikey,,0,,unknown,Phoenix Contact,277-13392-ND,MIL-DTL-83723,false,unknown,,,27
5935-00-104-9650__1541186,5935-00-104-9650,1541186,unscored,4,0,0,0,10,false,,,,,,No scoreable composite attributes (weight coverage 0%); insufficient data to score. Meets 0 of 10 measurable requirements; 10 unknown. 6 qualification clauses under MIL-DTL-83723 require testing to verify. 10 of 10 measurable requirements could not be verified (100% unknown); lifecycle/availability unknown (not enriched),6,humidity_resistance|lot_traceability|qualification|solderability_per_j_std_002|thermal_shock_cycles|vibration_grms,digikey,,0,,unknown,Phoenix Contact,277-4267-ND,MIL-DTL-83723,false,unknown,,,28
5935-00-104-9650__1551671,5935-00-104-9650,1551671,unscored,4,0,0,0,10,false,,,,,,No scoreable composite attributes (weight coverage 0%); insufficient data to score. Meets 0 of 10 measurable requirements; 10 unknown. 6 qualification clauses under MIL-DTL-83723 require testing to verify. 10 of 10 measurable requirements could not be verified (100% unknown); lifecycle/availability unknown (not enriched),6,humidity_resistance|lot_traceability|qualification|solderability_per_j_std_002|thermal_shock_cycles|vibration_grms,digikey,,0,,unknown,Phoenix Contact,277-2712-ND,MIL-DTL-83723,false,unknown,,,29
5935-00-104-9650__1551697,5935-00-104-9650,1551697,unscored,4,0,0,0,10,false,,,,,,No scoreable composite attributes (weight coverage 0%); insufficient data to score. Meets 0 of 10 measurable requirements; 10 unknown. 6 qualification clauses under MIL-DTL-83723 require testing to verify. 10 of 10 measurable requirements could not be verified (100% unknown); lifecycle/availability unknown (not enriched),6,humidity_resistance|lot_traceability|qualification|solderability_per_j_std_002|thermal_shock_cycles|vibration_grms,digikey,,0,,unknown,Phoenix Contact,277-8389-ND,MIL-DTL-83723,false,unknown,,,30
5935-00-104-9650__1572443,5935-00-104-9650,1572443,unscored,4,0,0,0,10,false,,,,,,No scoreable composite attributes (weight coverage 0%); insufficient data to score. Meets 0 of 10 measurable requirements; 10 unknown. 6 qualification clauses under MIL-DTL-83723 require testing to verify. 10 of 10 measurable requirements could not be verified (100% unknown); lifecycle/availability unknown (not enriched),6,humidity_resistance|lot_traceability|qualification|solderability_per_j_std_002|thermal_shock_cycles|vibration_grms,digikey,,0,,unknown,Phoenix Contact,277-16573-ND,MIL-DTL-83723,false,unknown,,,31
5935-00-104-9650__1683455,5935-00-104-9650,1683455,unscored,4,0,0,0,10,false,,,,,,No scoreable composite attributes (weight coverage 0%); insufficient data to score. Meets 0 of 10 measurable requirements; 10 unknown. 6 qualification clauses under MIL-DTL-83723 require testing to verify. 10 of 10 measurable requirements could not be verified (100% unknown); lifecycle/availability unknown (not enriched),6,humidity_resistance|lot_traceability|qualification|solderability_per_j_std_002|thermal_shock_cycles|vibration_grms,digikey,,0,,unknown,Phoenix Contact,277-4159-ND,MIL-DTL-83723,false,unknown,,,32
5935-00-104-9650__1683468,5935-00-104-9650,1683468,unscored,4,0,0,0,10,false,,,,,,No scoreable composite attributes (weight coverage 0%); insufficient data to score. Meets 0 of 10 measurable requirements; 10 unknown. 6 qualification clauses under MIL-DTL-83723 require testing to verify. 10 of 10 measurable requirements could not be verified (100% unknown); lifecycle/availability unknown (not enriched),6,humidity_resistance|lot_traceability|qualification|solderability_per_j_std_002|thermal_shock_cycles|vibration_grms,digikey,,0,,unknown,Phoenix Contact,277-4185-ND,MIL-DTL-83723,false,unknown,,,33
5935-00-104-9650__1683471,5935-00-104-9650,1683471,unscored,4,0,0,0,10,false,,,,,,No scoreable composite attributes (weight coverage 0%); insufficient data to score. Meets 0 of 10 measurable requirements; 10 unknown. 6 qualification clauses under MIL-DTL-83723 require testing to verify. 10 of 10 measurable requirements could not be verified (100% unknown); lifecycle/availability unknown (not enriched),6,humidity_resistance|lot_traceability|qualification|solderability_per_j_std_002|thermal_shock_cycles|vibration_grms,digikey,,0,,unknown,Phoenix Contact,277-4186-ND,MIL-DTL-83723,false,unknown,,,34
5935-00-105-4641__D38999/20GF30JA,5935-00-105-4641,D38999/20GF30JA,low,1,4,0,1,5,false,,,,,,Composite 0.0 (coverage 10%). Meets 4 of 10 measurable requirements; 5 unknown; 1 marginal. 6 qualification clauses under MIL-DTL-38999 require testing to verify. 5 of 10 measurable requirements could not be verified (50% unknown); lifecycle/availability unknown (not enriched),6,dpa_sample_required|humidity_resistance|lot_traceability|qualification|thermal_shock_cycles|vibration_grms,digikey,0,10,,unknown,Milnec,5958-D38999/20GF30JA-ND,MIL-DTL-38999,false,unknown,,,1
5935-00-105-4641__D38999/20GF30JB,5935-00-105-4641,D38999/20GF30JB,low,1,4,0,1,5,false,,,,,,Composite 0.0 (coverage 10%). Meets 4 of 10 measurable requirements; 5 unknown; 1 marginal. 6 qualification clauses under MIL-DTL-38999 require testing to verify. 5 of 10 measurable requirements could not be verified (50% unknown); lifecycle/availability unknown (not enriched),6,dpa_sample_required|humidity_resistance|lot_traceability|qualification|thermal_shock_cycles|vibration_grms,digikey,0,10,,unknown,Milnec,5958-D38999/20GF30JB-ND,MIL-DTL-38999,false,unknown,,,2
5935-00-105-4641__D38999/24WF32JA,5935-00-105-4641,D38999/24WF32JA,low,1,4,0,1,5,false,,,,,,Composite 0.0 (coverage 10%). Meets 4 of 10 measurable requirements; 5 unknown; 1 marginal. 6 qualification clauses under MIL-DTL-38999 require testing to verify. 5 of 10 measurable requirements could not be verified (50% unknown); lifecycle/availability unknown (not enriched),6,dpa_sample_required|humidity_resistance|lot_traceability|qualification|thermal_shock_cycles|vibration_grms,digikey,0,10,,unknown,Milnec,5958-D38999/24WF32JA-ND,MIL-DTL-38999,false,unknown,,,3
5935-00-105-4641__D38999/24WF32JC,5935-00-105-4641,D38999/24WF32JC,low,1,4,0,1,5,false,,,,,,Composite 0.0 (coverage 10%). Meets 4 of 10 measurable requirements; 5 unknown; 1 marginal. 6 qualification clauses under MIL-DTL-38999 require testing to verify. 5 of 10 measurable requirements could not be verified (50% unknown); lifecycle/availability unknown (not enriched),6,dpa_sample_required|humidity_resistance|lot_traceability|qualification|thermal_shock_cycles|vibration_grms,digikey,0,10,,unknown,Milnec,5958-D38999/24WF32JC-ND,MIL-DTL-38999,false,unknown,,,4
5935-00-105-4641__D38999/24WF32JD,5935-00-105-4641,D38999/24WF32JD,low,1,4,0,1,5,false,,,,,,Composite 0.0 (coverage 10%). Meets 4 of 10 measurable requirements; 5 unknown; 1 marginal. 6 qualification clauses under MIL-DTL-38999 require testing to verify. 5 of 10 measurable requirements could not be verified (50% unknown); lifecycle/availability unknown (not enriched),6,dpa_sample_required|humidity_resistance|lot_traceability|qualification|thermal_shock_cycles|vibration_grms,digikey,0,10,,unknown,Milnec,5958-D38999/24WF32JD-ND,MIL-DTL-38999,false,unknown,,,5
5935-00-105-4641__D38999/24WF45HA,5935-00-105-4641,D38999/24WF45HA,low,1,4,0,1,5,false,,,,,,Composite 0.0 (coverage 10%). Meets 4 of 10 measurable requirements; 5 unknown; 1 marginal. 6 qualification clauses under MIL-DTL-38999 require testing to verify. 5 of 10 measurable requirements could not be verified (50% unknown); lifecycle/availability unknown (not enriched),6,dpa_sample_required|humidity_resistance|lot_traceability|qualification|thermal_shock_cycles|vibration_grms,digikey,0,10,,unknown,Milnec,5958-D38999/24WF45HA-ND,MIL-DTL-38999,false,unknown,,,6
5935-00-105-4641__D38999/40WH32JM,5935-00-105-4641,D38999/40WH32JM,low,1,4,0,1,5,false,,,,,,Composite 0.0 (coverage 10%). Meets 4 of 10 measurable requirements; 5 unknown; 1 marginal. 6 qualification clauses under MIL-DTL-38999 require testing to verify. 5 of 10 measurable requirements could not be verified (50% unknown); lifecycle/availability unknown (not enriched),6,dpa_sample_required|humidity_resistance|lot_traceability|qualification|thermal_shock_cycles|vibration_grms,digikey,0,10,,unknown,Milnec,5958-D38999/40WH32JM-ND,MIL-DTL-38999,false,unknown,,,7
5935-00-105-4641__D38999/40WH32JN,5935-00-105-4641,D38999/40WH32JN,low,1,4,0,1,5,false,,,,,,Composite 0.0 (coverage 10%). Meets 4 of 10 measurable requirements; 5 unknown; 1 marginal. 6 qualification clauses under MIL-DTL-38999 require testing to verify. 5 of 10 measurable requirements could not be verified (50% unknown); lifecycle/availability unknown (not enriched),6,dpa_sample_required|humidity_resistance|lot_traceability|qualification|thermal_shock_cycles|vibration_grms,digikey,0,10,,unknown,Milnec,5958-D38999/40WH32JN-ND,MIL-DTL-38999,false,unknown,,,8
5935-00-105-4641__D38999/40WH32JR,5935-00-105-4641,D38999/40WH32JR,low,1,4,0,1,5,false,,,,,,Composite 0.0 (coverage 10%). Meets 4 of 10 measurable requirements; 5 unknown; 1 marginal. 6 qualification clauses under MIL-DTL-38999 require testing to verify. 5 of 10 measurable requirements could not be verified (50% unknown); lifecycle/availability unknown (not enriched),6,dpa_sample_required|humidity_resistance|lot_traceability|qualification|thermal_shock_cycles|vibration_grms,digikey,0,10,,unknown,Milnec,5958-D38999/40WH32JR-ND,MIL-DTL-38999,false,unknown,,,9
5935-00-105-4641__D38999/24TF30HE,5935-00-105-4641,D38999/24TF30HE,low,1,4,0,2,4,false,,,,,,Composite 12.4 (coverage 17%). Meets 4 of 10 measurable requirements; 4 unknown; 2 marginal. 6 qualification clauses under MIL-DTL-38999 require testing to verify. 4 of 10 measurable requirements could not be verified (40% unknown); lifecycle/availability unknown (not enriched),6,dpa_sample_required|humidity_resistance|lot_traceability|qualification|thermal_shock_cycles|vibration_grms,digikey,12.3529,17,,unknown,Milnec,5958-D38999/24TF30HE-ND,MIL-DTL-38999,false,unknown,,,10
5935-00-105-4641__D38999/24TF45PC,5935-00-105-4641,D38999/24TF45PC,low,1,4,0,2,4,false,,,,,,Composite 12.4 (coverage 17%). Meets 4 of 10 measurable requirements; 4 unknown; 2 marginal. 6 qualification clauses under MIL-DTL-38999 require testing to verify. 4 of 10 measurable requirements could not be verified (40% unknown); lifecycle/availability unknown (not enriched),6,dpa_sample_required|humidity_resistance|lot_traceability|qualification|thermal_shock_cycles|vibration_grms,digikey,12.3529,17,,unknown,Milnec,5958-D38999/24TF45PC-ND,MIL-DTL-38999,false,unknown,,,11
5935-00-105-4641__D38999/25NF30CA,5935-00-105-4641,D38999/25NF30CA,low,1,4,0,2,4,false,,,,,,Composite 12.4 (coverage 17%). Meets 4 of 10 measurable requirements; 4 unknown; 2 marginal. 6 qualification clauses under MIL-DTL-38999 require testing to verify. 4 of 10 measurable requirements could not be verified (40% unknown); lifecycle/availability unknown (not enriched),6,dpa_sample_required|humidity_resistance|lot_traceability|qualification|thermal_shock_cycles|vibration_grms,digikey,12.3529,17,,unknown,Milnec,5958-D38999/25NF30CA-ND,MIL-DTL-38999,false,unknown,,,12
5935-00-105-4641__D38999/25NF30CB,5935-00-105-4641,D38999/25NF30CB,low,1,4,0,2,4,false,,,,,,Composite 12.4 (coverage 17%). Meets 4 of 10 measurable requirements; 4 unknown; 2 marginal. 6 qualification clauses under MIL-DTL-38999 require testing to verify. 4 of 10 measurable requirements could not be verified (40% unknown); lifecycle/availability unknown (not enriched),6,dpa_sample_required|humidity_resistance|lot_traceability|qualification|thermal_shock_cycles|vibration_grms,digikey,12.3529,17,,unknown,Milnec,5958-D38999/25NF30CB-ND,MIL-DTL-38999,false,unknown,,,13
5935-00-105-4641__D38999/26FF18JN,5935-00-105-4641,D38999/26FF18JN,low,1,4,0,2,4,false,,,,,,Composite 12.4 (coverage 17%). Meets 4 of 10 measurable requirements; 4 unknown; 2 marginal. 6 qualification clauses under MIL-DTL-38999 require testing to verify. 4 of 10 measurable requirements could not be verified (40% unknown); lifecycle/availability unknown (not enriched),6,dpa_sample_required|humidity_resistance|lot_traceability|qualification|thermal_shock_cycles|vibration_grms,digikey,12.3529,17,,unknown,Milnec,5958-D38999/26FF18JN-ND,MIL-DTL-38999,false,unknown,,,14
5935-00-105-4641__D38999/26GF18PD,5935-00-105-4641,D38999/26GF18PD,low,1,4,0,2,4,false,,,,,,Composite 12.4 (coverage 17%). Meets 4 of 10 measurable requirements; 4 unknown; 2 marginal. 6 qualification clauses under MIL-DTL-38999 require testing to verify. 4 of 10 measurable requirements could not be verified (40% unknown); lifecycle/availability unknown (not enriched),6,dpa_sample_required|humidity_resistance|lot_traceability|qualification|thermal_shock_cycles|vibration_grms,digikey,12.3529,17,,unknown,Milnec,5958-D38999/26GF18PD-ND,MIL-DTL-38999,false,unknown,,,15
5935-00-105-4641__D38999/26GF18PE,5935-00-105-4641,D38999/26GF18PE,low,1,4,0,2,4,false,,,,,,Composite 12.4 (coverage 17%). Meets 4 of 10 measurable requirements; 4 unknown; 2 marginal. 6 qualification clauses under MIL-DTL-38999 require testing to verify. 4 of 10 measurable requirements could not be verified (40% unknown); lifecycle/availability unknown (not enriched),6,dpa_sample_required|humidity_resistance|lot_traceability|qualification|thermal_shock_cycles|vibration_grms,digikey,12.3529,17,,unknown,Milnec,5958-D38999/26GF18PE-ND,MIL-DTL-38999,false,unknown,,,16
5935-00-105-4641__D38999/26GF18PN,5935-00-105-4641,D38999/26GF18PN,low,1,4,0,2,4,false,,,,,,Composite 12.4 (coverage 17%). Meets 4 of 10 measurable requirements; 4 unknown; 2 marginal. 6 qualification clauses under MIL-DTL-38999 require testing to verify. 4 of 10 measurable requirements could not be verified (40% unknown); lifecycle/availability unknown (not enriched),6,dpa_sample_required|humidity_resistance|lot_traceability|qualification|thermal_shock_cycles|vibration_grms,digikey,12.3529,17,,unknown,Milnec,5958-D38999/26GF18PN-ND,MIL-DTL-38999,false,unknown,,,17
5935-00-105-4641__D38999/40FD19PB,5935-00-105-4641,D38999/40FD19PB,low,1,4,0,2,4,false,,,,,,Composite 12.4 (coverage 17%). Meets 4 of 10 measurable requirements; 4 unknown; 2 marginal. 6 qualification clauses under MIL-DTL-38999 require testing to verify. 4 of 10 measurable requirements could not be verified (40% unknown); lifecycle/availability unknown (not enriched),6,dpa_sample_required|humidity_resistance|lot_traceability|qualification|thermal_shock_cycles|vibration_grms,digikey,12.3529,17,,unknown,Milnec,5958-D38999/40FD19PB-ND,MIL-DTL-38999,false,unknown,,,18
5935-00-105-4641__D38999/40FD19PC,5935-00-105-4641,D38999/40FD19PC,low,1,4,0,2,4,false,,,,,,Composite 12.4 (coverage 17%). Meets 4 of 10 measurable requirements; 4 unknown; 2 marginal. 6 qualification clauses under MIL-DTL-38999 require testing to verify. 4 of 10 measurable requirements could not be verified (40% unknown); lifecycle/availability unknown (not enriched),6,dpa_sample_required|humidity_resistance|lot_traceability|qualification|thermal_shock_cycles|vibration_grms,digikey,12.3529,17,,unknown,Milnec,5958-D38999/40FD19PC-ND,MIL-DTL-38999,false,unknown,,,19
5935-00-105-4641__D38999/40FD19PD,5935-00-105-4641,D38999/40FD19PD,low,1,4,0,2,4,false,,,,,,Composite 12.4 (coverage 17%). Meets 4 of 10 measurable requirements; 4 unknown; 2 marginal. 6 qualification clauses under MIL-DTL-38999 require testing to verify. 4 of 10 measurable requirements could not be verified (40% unknown); lifecycle/availability unknown (not enriched),6,dpa_sample_required|humidity_resistance|lot_traceability|qualification|thermal_shock_cycles|vibration_grms,digikey,12.3529,17,,unknown,Milnec,5958-D38999/40FD19PD-ND,MIL-DTL-38999,false,unknown,,,20
5935-00-105-4641__D38999/40FD35HM,5935-00-105-4641,D38999/40FD35HM,low,1,4,0,2,4,false,,,,,,Composite 12.4 (coverage 17%). Meets 4 of 10 measurable requirements; 4 unknown; 2 marginal. 6 qualification clauses under MIL-DTL-38999 require testing to verify. 4 of 10 measurable requirements could not be verified (40% unknown); lifecycle/availability unknown (not enriched),6,dpa_sample_required|humidity_resistance|lot_traceability|qualification|thermal_shock_cycles|vibration_grms,digikey,12.3529,17,,unknown,Milnec,5958-D38999/40FD35HM-ND,MIL-DTL-38999,false,unknown,,,21
5935-00-105-4641__D38999/40FD35HN,5935-00-105-4641,D38999/40FD35HN,low,1,4,0,2,4,false,,,,,,Composite 12.4 (coverage 17%). Meets 4 of 10 measurable requirements; 4 unknown; 2 marginal. 6 qualification clauses under MIL-DTL-38999 require testing to verify. 4 of 10 measurable requirements could not be verified (40% unknown); lifecycle/availability unknown (not enriched),6,dpa_sample_required|humidity_resistance|lot_traceability|qualification|thermal_shock_cycles|vibration_grms,digikey,12.3529,17,,unknown,Milnec,5958-D38999/40FD35HN-ND,MIL-DTL-38999,false,unknown,,,22
5935-00-105-4641__D38999/20GF30HD,5935-00-105-4641,D38999/20GF30HD,medium,2,4,0,1,5,false,,,1119.9,1000,,Composite 15.4 (coverage 48%). Meets 4 of 10 measurable requirements; 5 unknown; 1 marginal. 6 qualification clauses under MIL-DTL-38999 require testing to verify. 5 of 10 measurable requirements could not be verified (50% unknown); lifecycle status unknown; single-sourced (1 distributor),6,dpa_sample_required|humidity_resistance|lot_traceability|qualification|thermal_shock_cycles|vibration_grms,digikey,15.3935,48,,unknown,Milnec,5958-D38999/20GF30HD-ND,MIL-DTL-38999,true,unknown,1,,23
5935-00-105-4641__D38999/20GF30HE,5935-00-105-4641,D38999/20GF30HE,medium,2,4,0,1,5,false,,,1119.67,1000,,Composite 15.4 (coverage 48%). Meets 4 of 10 measurable requirements; 5 unknown; 1 marginal. 6 qualification clauses under MIL-DTL-38999 require testing to verify. 5 of 10 measurable requirements could not be verified (50% unknown); lifecycle status unknown; single-sourced (1 distributor),6,dpa_sample_required|humidity_resistance|lot_traceability|qualification|thermal_shock_cycles|vibration_grms,digikey,15.3935,48,,unknown,Milnec,5958-D38999/20GF30HE-ND,MIL-DTL-38999,true,unknown,1,,24
5935-00-105-4641__D38999/20GF30HN,5935-00-105-4641,D38999/20GF30HN,medium,2,4,0,1,5,false,,,1119.67,1000,,Composite 15.4 (coverage 48%). Meets 4 of 10 measurable requirements; 5 unknown; 1 marginal. 6 qualification clauses under MIL-DTL-38999 require testing to verify. 5 of 10 measurable requirements could not be verified (50% unknown); lifecycle status unknown; single-sourced (1 distributor),6,dpa_sample_required|humidity_resistance|lot_traceability|qualification|thermal_shock_cycles|vibration_grms,digikey,15.3935,48,,unknown,Milnec,5958-D38999/20GF30HN-ND,MIL-DTL-38999,true,unknown,1,,25
5935-00-105-4641__PT06A-10-6S(SR),5935-00-105-4641,PT06A-10-6S(SR),high,3,2,1,2,5,false,,,,,,Hard gate failure: contact_count. composite skipped (100). Meets 2 of 10 measurable requirements; fails contact_count; 5 unknown; 2 marginal. 6 qualification clauses under MIL-DTL-38999 require testing to verify. lifecycle/availability unknown (not enriched),6,dpa_sample_required|humidity_resistance|lot_traceability|qualification|thermal_shock_cycles|vibration_grms,external,100,0,contact_count,unknown,Amphenol Industrial,,MIL-DTL-38999,false,unknown,,,26
5935-00-105-4641__PT06E-14-5P(SR),5935-00-105-4641,PT06E-14-5P(SR),high,3,2,1,2,5,false,,,,,,Hard gate failure: contact_count. composite skipped (100). Meets 2 of 10 measurable requirements; fails contact_count; 5 unknown; 2 marginal. 6 qualification clauses under MIL-DTL-38999 require testing to verify. lifecycle/availability unknown (not enriched),6,dpa_sample_required|humidity_resistance|lot_traceability|qualification|thermal_shock_cycles|vibration_grms,external,100,0,contact_count,unknown,Amphenol Industrial,,MIL-DTL-38999,false,unknown,,,27
5935-00-105-4641__207654-1,5935-00-105-4641,207654-1,high,3,2,1,0,7,false,,,,,,Hard gate failure: contact_count. composite skipped (100). Meets 2 of 10 measurable requirements; fails contact_count; 7 unknown. 6 qualification clauses under MIL-DTL-38999 require testing to verify. lifecycle/availability unknown (not enriched),6,dpa_sample_required|humidity_resistance|lot_traceability|qualification|thermal_shock_cycles|vibration_grms,external,100,0,contact_count,unknown,TE Connectivity,,MIL-DTL-38999,false,unknown,,,28
5935-00-105-4641__200821-1,5935-00-105-4641,200821-1,high,3,1,2,0,7,false,,,,,,"Hard gate failure: operating_temp_max|contact_count. composite skipped (100). Meets 1 of 10 measurable requirements; fails contact_count, operating_temp_max; 7 unknown. 6 qualification clauses under MIL-DTL-38999 require testing to verify. lifecycle/availability unknown (not enriched)",6,dpa_sample_required|humidity_resistance|lot_traceability|qualification|thermal_shock_cycles|vibration_grms,external,100,0,operating_temp_max|contact_count,unknown,TE Connectivity,,MIL-DTL-38999,false,unknown,,,29
5935-00-105-4641__HBL5666VY,5935-00-105-4641,HBL5666VY,high,3,0,3,0,7,false,,,,,,"Hard gate failure: operating_temp_min|operating_temp_max|contact_count. composite skipped (100). Meets 0 of 10 measurable requirements; fails contact_count, operating_temp_max, operating_temp_min; 7 unknown. 6 qualification clauses under MIL-DTL-38999 require testing to verify. lifecycle/availability unknown (not enriched)",6,dpa_sample_required|humidity_resistance|lot_traceability|qualification|thermal_shock_cycles|vibration_grms,external,100,0,operating_temp_min|operating_temp_max|contact_count,unknown,Hubbell Wiring Device-Kellems,,MIL-DTL-38999,false,unknown,,,30
5935-00-105-4641__HBL5865VY,5935-00-105-4641,HBL5865VY,high,3,0,4,0,6,false,,,,,,"Hard gate failure: operating_temp_min|operating_temp_max|contact_count. composite skipped (100). Meets 0 of 10 measurable requirements; fails contact_count, contact_plating, operating_temp_max, operating_temp_min; 6 unknown. 6 qualification clauses under MIL-DTL-38999 require testing to verify. lifecycle/availability unknown (not enriched)",6,dpa_sample_required|humidity_resistance|lot_traceability|qualification|thermal_shock_cycles|vibration_grms,external,100,0,operating_temp_min|operating_temp_max|contact_count,unknown,Hubbell Wiring Device-Kellems,,MIL-DTL-38999,false,unknown,,,31
5935-00-105-4641__1811633-1,5935-00-105-4641,1811633-1,unscored,4,2,0,0,8,false,,,,,,No scoreable composite attributes (weight coverage 0%); insufficient data to score. Meets 2 of 10 measurable requirements; 8 unknown. 6 qualification clauses under MIL-DTL-38999 require testing to verify. 8 of 10 measurable requirements could not be verified (80% unknown); lifecycle/availability unknown (not enriched),6,dpa_sample_required|humidity_resistance|lot_traceability|qualification|thermal_shock_cycles|vibration_grms,external,,0,,unknown,TE Connectivity,,MIL-DTL-38999,false,unknown,,,32
5935-00-330-3329__D38999/25YG24XN,5935-00-330-3329,D38999/25YG24XN,low,1,4,0,1,5,false,,,,,,Composite 0.0 (coverage 10%). Meets 4 of 10 measurable requirements; 5 unknown; 1 marginal. 6 qualification clauses under MIL-DTL-38999 require testing to verify. 5 of 10 measurable requirements could not be verified (50% unknown); lifecycle/availability unknown (not enriched),6,dpa_sample_required|humidity_resistance|lot_traceability|qualification|thermal_shock_cycles|vibration_grms,digikey,0,10,,unknown,Milnec,5958-D38999/25YG24XN-ND,MIL-DTL-38999,false,unknown,,,1
5935-00-330-3329__D38999/25YG25CA,5935-00-330-3329,D38999/25YG25CA,low,1,4,0,1,5,false,,,,,,Composite 0.0 (coverage 10%). Meets 4 of 10 measurable requirements; 5 unknown; 1 marginal. 6 qualification clauses under MIL-DTL-38999 require testing to verify. 5 of 10 measurable requirements could not be verified (50% unknown); lifecycle/availability unknown (not enriched),6,dpa_sample_required|humidity_resistance|lot_traceability|qualification|thermal_shock_cycles|vibration_grms,digikey,0,10,,unknown,Milnec,5958-D38999/25YG25CA-ND,MIL-DTL-38999,false,unknown,,,2
5935-00-330-3329__D38999/25YG25CB,5935-00-330-3329,D38999/25YG25CB,low,1,4,0,1,5,false,,,,,,Composite 0.0 (coverage 10%). Meets 4 of 10 measurable requirements; 5 unknown; 1 marginal. 6 qualification clauses under MIL-DTL-38999 require testing to verify. 5 of 10 measurable requirements could not be verified (50% unknown); lifecycle/availability unknown (not enriched),6,dpa_sample_required|humidity_resistance|lot_traceability|qualification|thermal_shock_cycles|vibration_grms,digikey,0,10,,unknown,Milnec,5958-D38999/25YG25CB-ND,MIL-DTL-38999,false,unknown,,,3
5935-00-330-3329__D38999/25YG25CC,5935-00-330-3329,D38999/25YG25CC,low,1,4,0,1,5,false,,,,,,Composite 0.0 (coverage 10%). Meets 4 of 10 measurable requirements; 5 unknown; 1 marginal. 6 qualification clauses under MIL-DTL-38999 require testing to verify. 5 of 10 measurable requirements could not be verified (50% unknown); lifecycle/availability unknown (not enriched),6,dpa_sample_required|humidity_resistance|lot_traceability|qualification|thermal_shock_cycles|vibration_grms,digikey,0,10,,unknown,Milnec,5958-D38999/25YG25CC-ND,MIL-DTL-38999,false,unknown,,,4
5935-00-330-3329__D38999/25YG25CD,5935-00-330-3329,D38999/25YG25CD,low,1,4,0,1,5,false,,,,,,Composite 0.0 (coverage 10%). Meets 4 of 10 measurable requirements; 5 unknown; 1 marginal. 6 qualification clauses under MIL-DTL-38999 require testing to verify. 5 of 10 measurable requirements could not be verified (50% unknown); lifecycle/availability unknown (not enriched),6,dpa_sample_required|humidity_resistance|lot_traceability|qualification|thermal_shock_cycles|vibration_grms,digikey,0,10,,unknown,Milnec,5958-D38999/25YG25CD-ND,MIL-DTL-38999,false,unknown,,,5
5935-00-330-3329__D38999/25YG25CE,5935-00-330-3329,D38999/25YG25CE,low,1,4,0,1,5,false,,,,,,Composite 0.0 (coverage 10%). Meets 4 of 10 measurable requirements; 5 unknown; 1 marginal. 6 qualification clauses under MIL-DTL-38999 require testing to verify. 5 of 10 measurable requirements could not be verified (50% unknown); lifecycle/availability unknown (not enriched),6,dpa_sample_required|humidity_resistance|lot_traceability|qualification|thermal_shock_cycles|vibration_grms,digikey,0,10,,unknown,Milnec,5958-D38999/25YG25CE-ND,MIL-DTL-38999,false,unknown,,,6
5935-00-330-3329__D38999/20GG27JN,5935-00-330-3329,D38999/20GG27JN,low,1,4,1,1,4,false,,,,,,Composite 12.4 (coverage 17%). Meets 4 of 10 measurable requirements; fails shell_material; 4 unknown; 1 marginal. 6 qualification clauses under MIL-DTL-38999 require testing to verify. lifecycle/availability unknown (not enriched),6,dpa_sample_required|humidity_resistance|lot_traceability|qualification|thermal_shock_cycles|vibration_grms,digikey,12.3529,17,,unknown,Milnec,5958-D38999/20GG27JN-ND,MIL-DTL-38999,false,unknown,,,7
5935-00-330-3329__D38999/20GG27PA,5935-00-330-3329,D38999/20GG27PA,low,1,4,1,1,4,false,,,,,,Composite 12.4 (coverage 17%). Meets 4 of 10 measurable requirements; fails shell_material; 4 unknown; 1 marginal. 6 qualification clauses under MIL-DTL-38999 require testing to verify. lifecycle/availability unknown (not enriched),6,dpa_sample_required|humidity_resistance|lot_traceability|qualification|thermal_shock_cycles|vibration_grms,digikey,12.3529,17,,unknown,Milnec,5958-D38999/20GG27PA-ND,MIL-DTL-38999,false,unknown,,,8
5935-00-330-3329__D38999/20GG27PB,5935-00-330-3329,D38999/20GG27PB,low,1,4,1,1,4,false,,,,,,Composite 12.4 (coverage 17%). Meets 4 of 10 measurable requirements; fails shell_material; 4 unknown; 1 marginal. 6 qualification clauses under MIL-DTL-38999 require testing to verify. lifecycle/availability unknown (not enriched),6,dpa_sample_required|humidity_resistance|lot_traceability|qualification|thermal_shock_cycles|vibration_grms,digikey,12.3529,17,,unknown,Milnec,5958-D38999/20GG27PB-ND,MIL-DTL-38999,false,unknown,,,9
5935-00-330-3329__D38999/20GG27PC,5935-00-330-3329,D38999/20GG27PC,low,1,4,1,1,4,false,,,,,,Composite 12.4 (coverage 17%). Meets 4 of 10 measurable requirements; fails shell_material; 4 unknown; 1 marginal. 6 qualification clauses under MIL-DTL-38999 require testing to verify. lifecycle/availability unknown (not enriched),6,dpa_sample_required|humidity_resistance|lot_traceability|qualification|thermal_shock_cycles|vibration_grms,digikey,12.3529,17,,unknown,Milnec,5958-D38999/20GG27PC-ND,MIL-DTL-38999,false,unknown,,,10
5935-00-330-3329__D38999/20GG27PD,5935-00-330-3329,D38999/20GG27PD,low,1,4,1,1,4,false,,,,,,Composite 12.4 (coverage 17%). Meets 4 of 10 measurable requirements; fails shell_material; 4 unknown; 1 marginal. 6 qualification clauses under MIL-DTL-38999 require testing to verify. lifecycle/availability unknown (not enriched),6,dpa_sample_required|humidity_resistance|lot_traceability|qualification|thermal_shock_cycles|vibration_grms,digikey,12.3529,17,,unknown,Milnec,5958-D38999/20GG27PD-ND,MIL-DTL-38999,false,unknown,,,11
5935-00-330-3329__D38999/20GG27PE,5935-00-330-3329,D38999/20GG27PE,low,1,4,1,1,4,false,,,,,,Composite 12.4 (coverage 17%). Meets 4 of 10 measurable requirements; fails shell_material; 4 unknown; 1 marginal. 6 qualification clauses under MIL-DTL-38999 require testing to verify. lifecycle/availability unknown (not enriched),6,dpa_sample_required|humidity_resistance|lot_traceability|qualification|thermal_shock_cycles|vibration_grms,digikey,12.3529,17,,unknown,Milnec,5958-D38999/20GG27PE-ND,MIL-DTL-38999,false,unknown,,,12
5935-00-330-3329__D38999/25NG39PA,5935-00-330-3329,D38999/25NG39PA,low,1,4,1,1,4,false,,,,,,Composite 12.4 (coverage 17%). Meets 4 of 10 measurable requirements; fails shell_material; 4 unknown; 1 marginal. 6 qualification clauses under MIL-DTL-38999 require testing to verify. lifecycle/availability unknown (not enriched),6,dpa_sample_required|humidity_resistance|lot_traceability|qualification|thermal_shock_cycles|vibration_grms,digikey,12.3529,17,,unknown,Milnec,5958-D38999/25NG39PA-ND,MIL-DTL-38999,false,unknown,,,13
5935-00-330-3329__D38999/25NG39PB,5935-00-330-3329,D38999/25NG39PB,low,1,4,1,1,4,false,,,,,,Composite 12.4 (coverage 17%). Meets 4 of 10 measurable requirements; fails shell_material; 4 unknown; 1 marginal. 6 qualification clauses under MIL-DTL-38999 require testing to verify. lifecycle/availability unknown (not enriched),6,dpa_sample_required|humidity_resistance|lot_traceability|qualification|thermal_shock_cycles|vibration_grms,digikey,12.3529,17,,unknown,Milnec,5958-D38999/25NG39PB-ND,MIL-DTL-38999,false,unknown,,,14
5935-00-330-3329__D38999/25NG39PC,5935-00-330-3329,D38999/25NG39PC,low,1,4,1,1,4,false,,,,,,Composite 12.4 (coverage 17%). Meets 4 of 10 measurable requirements; fails shell_material; 4 unknown; 1 marginal. 6 qualification clauses under MIL-DTL-38999 require testing to verify. lifecycle/availability unknown (not enriched),6,dpa_sample_required|humidity_resistance|lot_traceability|qualification|thermal_shock_cycles|vibration_grms,digikey,12.3529,17,,unknown,Milnec,5958-D38999/25NG39PC-ND,MIL-DTL-38999,false,unknown,,,15
5935-00-330-3329__D38999/25NG39PD,5935-00-330-3329,D38999/25NG39PD,low,1,4,1,1,4,false,,,,,,Composite 12.4 (coverage 17%). Meets 4 of 10 measurable requirements; fails shell_material; 4 unknown; 1 marginal. 6 qualification clauses under MIL-DTL-38999 require testing to verify. lifecycle/availability unknown (not enriched),6,dpa_sample_required|humidity_resistance|lot_traceability|qualification|thermal_shock_cycles|vibration_grms,digikey,12.3529,17,,unknown,Milnec,5958-D38999/25NG39PD-ND,MIL-DTL-38999,false,unknown,,,16
5935-00-330-3329__D38999/25NG39PE,5935-00-330-3329,D38999/25NG39PE,low,1,4,1,1,4,false,,,,,,Composite 12.4 (coverage 17%). Meets 4 of 10 measurable requirements; fails shell_material; 4 unknown; 1 marginal. 6 qualification clauses under MIL-DTL-38999 require testing to verify. lifecycle/availability unknown (not enriched),6,dpa_sample_required|humidity_resistance|lot_traceability|qualification|thermal_shock_cycles|vibration_grms,digikey,12.3529,17,,unknown,Milnec,5958-D38999/25NG39PE-ND,MIL-DTL-38999,false,unknown,,,17
5935-00-330-3329__D38999/25NG39PN,5935-00-330-3329,D38999/25NG39PN,low,1,4,1,1,4,false,,,,,,Composite 12.4 (coverage 17%). Meets 4 of 10 measurable requirements; fails shell_material; 4 unknown; 1 marginal. 6 qualification clauses under MIL-DTL-38999 require testing to verify. lifecycle/availability unknown (not enriched),6,dpa_sample_required|humidity_resistance|lot_traceability|qualification|thermal_shock_cycles|vibration_grms,digikey,12.3529,17,,unknown,Milnec,5958-D38999/25NG39PN-ND,MIL-DTL-38999,false,unknown,,,18
5935-00-330-3329__D38999/25NG39XA,5935-00-330-3329,D38999/25NG39XA,low,1,4,1,1,4,false,,,,,,Composite 12.4 (coverage 17%). Meets 4 of 10 measurable requirements; fails shell_material; 4 unknown; 1 marginal. 6 qualification clauses under MIL-DTL-38999 require testing to verify. lifecycle/availability unknown (not enriched),6,dpa_sample_required|humidity_resistance|lot_traceability|qualification|thermal_shock_cycles|vibration_grms,digikey,12.3529,17,,unknown,Milnec,5958-D38999/25NG39XA-ND,MIL-DTL-38999,false,unknown,,,19
5935-00-330-3329__D38999/25NG39XB,5935-00-330-3329,D38999/25NG39XB,low,1,4,1,1,4,false,,,,,,Composite 12.4 (coverage 17%). Meets 4 of 10 measurable requirements; fails shell_material; 4 unknown; 1 marginal. 6 qualification clauses under MIL-DTL-38999 require testing to verify. lifecycle/availability unknown (not enriched),6,dpa_sample_required|humidity_resistance|lot_traceability|qualification|thermal_shock_cycles|vibration_grms,digikey,12.3529,17,,unknown,Milnec,5958-D38999/25NG39XB-ND,MIL-DTL-38999,false,unknown,,,20
5935-00-330-3329__D38999/25NG39XC,5935-00-330-3329,D38999/25NG39XC,low,1,4,1,1,4,false,,,,,,Composite 12.4 (coverage 17%). Meets 4 of 10 measurable requirements; fails shell_material; 4 unknown; 1 marginal. 6 qualification clauses under MIL-DTL-38999 require testing to verify. lifecycle/availability unknown (not enriched),6,dpa_sample_required|humidity_resistance|lot_traceability|qualification|thermal_shock_cycles|vibration_grms,digikey,12.3529,17,,unknown,Milnec,5958-D38999/25NG39XC-ND,MIL-DTL-38999,false,unknown,,,21
5935-00-330-3329__D38999/25NG39XD,5935-00-330-3329,D38999/25NG39XD,low,1,4,1,1,4,false,,,,,,Composite 12.4 (coverage 17%). Meets 4 of 10 measurable requirements; fails shell_material; 4 unknown; 1 marginal. 6 qualification clauses under MIL-DTL-38999 require testing to verify. lifecycle/availability unknown (not enriched),6,dpa_sample_required|humidity_resistance|lot_traceability|qualification|thermal_shock_cycles|vibration_grms,digikey,12.3529,17,,unknown,Milnec,5958-D38999/25NG39XD-ND,MIL-DTL-38999,false,unknown,,,22
5935-00-330-3329__D38999/25YG24XC,5935-00-330-3329,D38999/25YG24XC,medium,2,4,0,1,5,false,,,200.22,1000,,Composite 0.0 (coverage 10%). Meets 4 of 10 measurable requirements; 5 unknown; 1 marginal. 6 qualification clauses under MIL-DTL-38999 require testing to verify. 5 of 10 measurable requirements could not be verified (50% unknown); lifecycle status unknown; no distributor has stock,6,dpa_sample_required|humidity_resistance|lot_traceability|qualification|thermal_shock_cycles|vibration_grms,digikey,0,10,,unknown,Milnec,5958-D38999/25YG24XC-ND,MIL-DTL-38999,true,unknown,0,,23
5935-00-330-3329__D38999/25YG24XD,5935-00-330-3329,D38999/25YG24XD,medium,2,4,0,1,5,false,,,200.22,1000,,Composite 0.0 (coverage 10%). Meets 4 of 10 measurable requirements; 5 unknown; 1 marginal. 6 qualification clauses under MIL-DTL-38999 require testing to verify. 5 of 10 measurable requirements could not be verified (50% unknown); lifecycle status unknown; no distributor has stock,6,dpa_sample_required|humidity_resistance|lot_traceability|qualification|thermal_shock_cycles|vibration_grms,digikey,0,10,,unknown,Milnec,5958-D38999/25YG24XD-ND,MIL-DTL-38999,true,unknown,0,,24
5935-00-330-3329__D38999/25YG24XE,5935-00-330-3329,D38999/25YG24XE,medium,2,4,0,1,5,false,,,200.22,1000,,Composite 0.0 (coverage 10%). Meets 4 of 10 measurable requirements; 5 unknown; 1 marginal. 6 qualification clauses under MIL-DTL-38999 require testing to verify. 5 of 10 measurable requirements could not be verified (50% unknown); lifecycle status unknown; no distributor has stock,6,dpa_sample_required|humidity_resistance|lot_traceability|qualification|thermal_shock_cycles|vibration_grms,digikey,0,10,,unknown,Milnec,5958-D38999/25YG24XE-ND,MIL-DTL-38999,true,unknown,0,,25
5935-00-812-3399__D38999/24MC98PN,5935-00-812-3399,D38999/24MC98PN,low,1,4,1,1,4,false,,,,,,Composite 4.1 (coverage 17%). Meets 4 of 10 measurable requirements; fails shell_material; 4 unknown; 1 marginal. 6 qualification clauses under MIL-DTL-38999 require testing to verify. lifecycle/availability unknown (not enriched),6,dpa_sample_required|humidity_resistance|lot_traceability|qualification|thermal_shock_cycles|vibration_grms,digikey,4.11765,17,,unknown,Amphenol Aerospace Operations,3937-D38999/24MC98PN-ND,MIL-DTL-38999,false,unknown,,,1
5935-00-812-3399__D38999/24MC98SN,5935-00-812-3399,D38999/24MC98SN,low,1,4,1,1,4,false,,,,,,Composite 4.1 (coverage 17%). Meets 4 of 10 measurable requirements; fails shell_material; 4 unknown; 1 marginal. 6 qualification clauses under MIL-DTL-38999 require testing to verify. lifecycle/availability unknown (not enriched),6,dpa_sample_required|humidity_resistance|lot_traceability|qualification|thermal_shock_cycles|vibration_grms,digikey,4.11765,17,,unknown,Amphenol Aerospace Operations,3937-D38999/24MC98SN-ND,MIL-DTL-38999,false,unknown,,,2
5935-00-812-3399__D38999/20KC98PN,5935-00-812-3399,D38999/20KC98PN,low,1,5,0,1,4,false,,,,,,Composite 8.2 (coverage 17%). Meets 5 of 10 measurable requirements; 4 unknown; 1 marginal. 6 qualification clauses under MIL-DTL-38999 require testing to verify. 4 of 10 measurable requirements could not be verified (40% unknown); lifecycle/availability unknown (not enriched),6,dpa_sample_required|humidity_resistance|lot_traceability|qualification|thermal_shock_cycles|vibration_grms,digikey,8.23529,17,,unknown,Amphenol Aerospace Operations,1178-D38999/20KC98PN-ND,MIL-DTL-38999,false,unknown,,,3
5935-00-812-3399__D38999/20FC98PN,5935-00-812-3399,D38999/20FC98PN,low,1,4,1,1,4,false,,,,,,Composite 12.4 (coverage 17%). Meets 4 of 10 measurable requirements; fails shell_material; 4 unknown; 1 marginal. 6 qualification clauses under MIL-DTL-38999 require testing to verify. lifecycle/availability unknown (not enriched),6,dpa_sample_required|humidity_resistance|lot_traceability|qualification|thermal_shock_cycles|vibration_grms,digikey,12.3529,17,,unknown,Conesys,2403-D38999/20FC98PN-ND,MIL-DTL-38999,false,unknown,,,4
5935-00-812-3399__D38999/20FC98SN,5935-00-812-3399,D38999/20FC98SN,low,1,4,1,1,4,false,,,,,,Composite 12.4 (coverage 17%). Meets 4 of 10 measurable requirements; fails shell_material; 4 unknown; 1 marginal. 6 qualification clauses under MIL-DTL-38999 require testing to verify. lifecycle/availability unknown (not enriched),6,dpa_sample_required|humidity_resistance|lot_traceability|qualification|thermal_shock_cycles|vibration_grms,digikey,12.3529,17,,unknown,Amphenol Aerospace Operations,AD38999/20FC98SN-ND,MIL-DTL-38999,false,unknown,,,5
5935-00-812-3399__D38999/20WC98PA,5935-00-812-3399,D38999/20WC98PA,low,1,4,1,1,4,false,,,,,,Composite 12.4 (coverage 17%). Meets 4 of 10 measurable requirements; fails shell_material; 4 unknown; 1 marginal. 6 qualification clauses under MIL-DTL-38999 require testing to verify. lifecycle/availability unknown (not enriched),6,dpa_sample_required|humidity_resistance|lot_traceability|qualification|thermal_shock_cycles|vibration_grms,digikey,12.3529,17,,unknown,Conesys,2403-D38999/20WC98PA-ND,MIL-DTL-38999,false,unknown,,,6
5935-00-812-3399__D38999/20WC98PN,5935-00-812-3399,D38999/20WC98PN,low,1,4,1,1,4,false,,,,,,Composite 12.4 (coverage 17%). Meets 4 of 10 measurable requirements; fails shell_material; 4 unknown; 1 marginal. 6 qualification clauses under MIL-DTL-38999 require testing to verify. lifecycle/availability unknown (not enriched),6,dpa_sample_required|humidity_resistance|lot_traceability|qualification|thermal_shock_cycles|vibration_grms,digikey,12.3529,17,,unknown,Amphenol Aerospace Operations,D38999/20WC98PN-ND,MIL-DTL-38999,false,unknown,,,7
5935-00-812-3399__D38999/20WC98SA,5935-00-812-3399,D38999/20WC98SA,low,1,4,1,1,4,false,,,,,,Composite 12.4 (coverage 17%). Meets 4 of 10 measurable requirements; fails shell_material; 4 unknown; 1 marginal. 6 qualification clauses under MIL-DTL-38999 require testing to verify. lifecycle/availability unknown (not enriched),6,dpa_sample_required|humidity_resistance|lot_traceability|qualification|thermal_shock_cycles|vibration_grms,digikey,12.3529,17,,unknown,Conesys,2403-D38999/20WC98SA-ND,MIL-DTL-38999,false,unknown,,,8
5935-00-812-3399__D38999/20WC98SB,5935-00-812-3399,D38999/20WC98SB,low,1,4,1,1,4,false,,,,,,Composite 12.4 (coverage 17%). Meets 4 of 10 measurable requirements; fails shell_material; 4 unknown; 1 marginal. 6 qualification clauses under MIL-DTL-38999 require testing to verify. lifecycle/availability unknown (not enriched),6,dpa_sample_required|humidity_resistance|lot_traceability|qualification|thermal_shock_cycles|vibration_grms,digikey,12.3529,17,,unknown,Souriau-Sunbank by Eaton,1792-221749-ND,MIL-DTL-38999,false,unknown,,,9
5935-00-812-3399__D38999/20WC98SN,5935-00-812-3399,D38999/20WC98SN,low,1,4,1,1,4,false,,,,,,Composite 12.4 (coverage 17%). Meets 4 of 10 measurable requirements; fails shell_material; 4 unknown; 1 marginal. 6 qualification clauses under MIL-DTL-38999 require testing to verify. lifecycle/availability unknown (not enriched),6,dpa_sample_required|humidity_resistance|lot_traceability|qualification|thermal_shock_cycles|vibration_grms,digikey,12.3529,17,,unknown,Amphenol Aerospace Operations,D38999/20WC98SN-ND,MIL-DTL-38999,false,unknown,,,10
5935-00-812-3399__D38999/24FC98PA,5935-00-812-3399,D38999/24FC98PA,low,1,4,1,1,4,false,,,,,,Composite 12.4 (coverage 17%). Meets 4 of 10 measurable requirements; fails shell_material; 4 unknown; 1 marginal. 6 qualification clauses under MIL-DTL-38999 require testing to verify. lifecycle/availability unknown (not enriched),6,dpa_sample_required|humidity_resistance|lot_traceability|qualification|thermal_shock_cycles|vibration_grms,digikey,12.3529,17,,unknown,Conesys,2403-D38999/24FC98PA-ND,MIL-DTL-38999,false,unknown,,,11
5935-00-812-3399__D38999/24FC98PB,5935-00-812-3399,D38999/24FC98PB,low,1,4,1,1,4,false,,,,,,Composite 12.4 (coverage 17%). Meets 4 of 10 measurable requirements; fails shell_material; 4 unknown; 1 marginal. 6 qualification clauses under MIL-DTL-38999 require testing to verify. lifecycle/availability unknown (not enriched),6,dpa_sample_required|humidity_resistance|lot_traceability|qualification|thermal_shock_cycles|vibration_grms,digikey,12.3529,17,,unknown,Conesys,2403-D38999/24FC98PB-ND,MIL-DTL-38999,false,unknown,,,12
5935-00-812-3399__D38999/24FC98PN,5935-00-812-3399,D38999/24FC98PN,low,1,4,1,1,4,false,,,,,,Composite 12.4 (coverage 17%). Meets 4 of 10 measurable requirements; fails shell_material; 4 unknown; 1 marginal. 6 qualification clauses under MIL-DTL-38999 require testing to verify. lifecycle/availability unknown (not enriched),6,dpa_sample_required|humidity_resistance|lot_traceability|qualification|thermal_shock_cycles|vibration_grms,digikey,12.3529,17,,unknown,Conesys,2403-D38999/24FC98PN-ND,MIL-DTL-38999,false,unknown,,,13
5935-00-812-3399__D38999/24FC98SA,5935-00-812-3399,D38999/24FC98SA,low,1,4,1,1,4,false,,,,,,Composite 12.4 (coverage 17%). Meets 4 of 10 measurable requirements; fails shell_material; 4 unknown; 1 marginal. 6 qualification clauses under MIL-DTL-38999 require testing to verify. lifecycle/availability unknown (not enriched),6,dpa_sample_required|humidity_resistance|lot_traceability|qualification|thermal_shock_cycles|vibration_grms,digikey,12.3529,17,,unknown,Conesys,2403-D38999/24FC98SA-ND,MIL-DTL-38999,false,unknown,,,14
5935-00-812-3399__D38999/24FC98SB,5935-00-812-3399,D38999/24FC98SB,low,1,4,1,1,4,false,,,,,,Composite 12.4 (coverage 17%). Meets 4 of 10 measurable requirements; fails shell_material; 4 unknown; 1 marginal. 6 qualification clauses under MIL-DTL-38999 require testing to verify. lifecycle/availability unknown (not enriched),6,dpa_sample_required|humidity_resistance|lot_traceability|qualification|thermal_shock_cycles|vibration_grms,digikey,12.3529,17,,unknown,Conesys,2403-D38999/24FC98SB-ND,MIL-DTL-38999,false,unknown,,,15
5935-00-812-3399__D38999/24FC98SN,5935-00-812-3399,D38999/24FC98SN,low,1,4,1,1,4,false,,,,,,Composite 12.4 (coverage 17%). Meets 4 of 10 measurable requirements; fails shell_material; 4 unknown; 1 marginal. 6 qualification clauses under MIL-DTL-38999 require testing to verify. lifecycle/availability unknown (not enriched),6,dpa_sample_required|humidity_resistance|lot_traceability|qualification|thermal_shock_cycles|vibration_grms,digikey,12.3529,17,,unknown,Conesys,2403-D38999/24FC98SN-ND,MIL-DTL-38999,false,unknown,,,16
5935-00-812-3399__D38999/24WC98PA,5935-00-812-3399,D38999/24WC98PA,low,1,4,1,1,4,false,,,,,,Composite 12.4 (coverage 17%). Meets 4 of 10 measurable requirements; fails shell_material; 4 unknown; 1 marginal. 6 qualification clauses under MIL-DTL-38999 require testing to verify. lifecycle/availability unknown (not enriched),6,dpa_sample_required|humidity_resistance|lot_traceability|qualification|thermal_shock_cycles|vibration_grms,digikey,12.3529,17,,unknown,Conesys,2403-D38999/24WC98PA-ND,MIL-DTL-38999,false,unknown,,,17
5935-00-812-3399__D38999/24WC98PN,5935-00-812-3399,D38999/24WC98PN,low,1,4,1,1,4,false,,,,,,Composite 12.4 (coverage 17%). Meets 4 of 10 measurable requirements; fails shell_material; 4 unknown; 1 marginal. 6 qualification clauses under MIL-DTL-38999 require testing to verify. lifecycle/availability unknown (not enriched),6,dpa_sample_required|humidity_resistance|lot_traceability|qualification|thermal_shock_cycles|vibration_grms,digikey,12.3529,17,,unknown,Amphenol Aerospace Operations,D38999/24WC98PN-ND,MIL-DTL-38999,false,unknown,,,18
5935-00-812-3399__D38999/24WC98SA,5935-00-812-3399,D38999/24WC98SA,low,1,4,1,1,4,false,,,,,,Composite 12.4 (coverage 17%). Meets 4 of 10 measurable requirements; fails shell_material; 4 unknown; 1 marginal. 6 qualification clauses under MIL-DTL-38999 require testing to verify. lifecycle/availability unknown (not enriched),6,dpa_sample_required|humidity_resistance|lot_traceability|qualification|thermal_shock_cycles|vibration_grms,digikey,12.3529,17,,unknown,Conesys,2403-D38999/24WC98SA-ND,MIL-DTL-38999,false,unknown,,,19
5935-00-812-3399__D38999/24WC98SN,5935-00-812-3399,D38999/24WC98SN,low,1,4,1,1,4,false,,,,,,Composite 12.4 (coverage 17%). Meets 4 of 10 measurable requirements; fails shell_material; 4 unknown; 1 marginal. 6 qualification clauses under MIL-DTL-38999 require testing to verify. lifecycle/availability unknown (not enriched),6,dpa_sample_required|humidity_resistance|lot_traceability|qualification|thermal_shock_cycles|vibration_grms,digikey,12.3529,17,,unknown,Amphenol Aerospace Operations,D38999/24WC98SN-ND,MIL-DTL-38999,false,unknown,,,20
5935-00-812-3399__D38999/24ZC98PN,5935-00-812-3399,D38999/24ZC98PN,low,1,4,1,1,4,false,,,,,,Composite 12.4 (coverage 17%). Meets 4 of 10 measurable requirements; fails shell_material; 4 unknown; 1 marginal. 6 qualification clauses under MIL-DTL-38999 require testing to verify. lifecycle/availability unknown (not enriched),6,dpa_sample_required|humidity_resistance|lot_traceability|qualification|thermal_shock_cycles|vibration_grms,digikey,12.3529,17,,unknown,Conesys,2403-D38999/24ZC98PN-ND,MIL-DTL-38999,false,unknown,,,21
5935-00-812-3399__D38999/24ZC98SN,5935-00-812-3399,D38999/24ZC98SN,low,1,4,1,1,4,false,,,,,,Composite 12.4 (coverage 17%). Meets 4 of 10 measurable requirements; fails shell_material; 4 unknown; 1 marginal. 6 qualification clauses under MIL-DTL-38999 require testing to verify. lifecycle/availability unknown (not enriched),6,dpa_sample_required|humidity_resistance|lot_traceability|qualification|thermal_shock_cycles|vibration_grms,digikey,12.3529,17,,unknown,Conesys,3937-D38999/24ZC98SN-600258-ND,MIL-DTL-38999,false,unknown,,,22
5935-00-812-3399__D38999/20JC98PN,5935-00-812-3399,D38999/20JC98PN,medium,2,4,1,1,4,false,,,78.3751,1000,,Composite 44.3 (coverage 55%). Meets 4 of 10 measurable requirements; fails shell_material; 4 unknown; 1 marginal. 6 qualification clauses under MIL-DTL-38999 require testing to verify. lifecycle status unknown; 7 distributors,6,dpa_sample_required|humidity_resistance|lot_traceability|qualification|thermal_shock_cycles|vibration_grms,digikey,44.2626,55,,unknown,Amphenol Aerospace Operations,3937-D38999/20JC98PN-ND,MIL-DTL-38999,true,unknown,7,,23
5935-00-812-3399__D38999/20MC98PN,5935-00-812-3399,D38999/20MC98PN,medium,2,4,1,1,4,false,,,80.302,1000,,Composite 44.3 (coverage 55%). Meets 4 of 10 measurable requirements; fails shell_material; 4 unknown; 1 marginal. 6 qualification clauses under MIL-DTL-38999 require testing to verify. lifecycle status unknown; 11 distributors,6,dpa_sample_required|humidity_resistance|lot_traceability|qualification|thermal_shock_cycles|vibration_grms,digikey,44.2626,55,,unknown,Amphenol Aerospace Operations,1178-D38999/20MC98PN-ND,MIL-DTL-38999,true,unknown,11,,24
5935-00-812-3399__D38999/20MC98SN,5935-00-812-3399,D38999/20MC98SN,medium,2,4,1,1,4,false,,,96.78,1000,,Composite 44.3 (coverage 55%). Meets 4 of 10 measurable requirements; fails shell_material; 4 unknown; 1 marginal. 6 qualification clauses under MIL-DTL-38999 require testing to verify. lifecycle status unknown; 8 distributors,6,dpa_sample_required|humidity_resistance|lot_traceability|qualification|thermal_shock_cycles|vibration_grms,digikey,44.2626,55,,unknown,Souriau-Sunbank by Eaton,1792-218025-ND,MIL-DTL-38999,true,unknown,8,,25
5935-00-987-0797__D38999/20GE2PN,5935-00-987-0797,D38999/20GE2PN,low,1,5,0,0,5,false,,,,,,Composite 0.0 (coverage 10%). Meets 5 of 10 measurable requirements; 5 unknown. 5 qualification clauses under MIL-DTL-5015 require testing to verify. 5 of 10 measurable requirements could not be verified (50% unknown); lifecycle/availability unknown (not enriched),5,humidity_resistance|lot_traceability|qualification|thermal_shock_cycles|vibration_grms,digikey,0,10,,unknown,Milnec,5958-D38999/20GE2PN-ND,MIL-DTL-5015,false,unknown,,,1
5935-00-987-0797__D38999/20GE2SA,5935-00-987-0797,D38999/20GE2SA,low,1,5,0,0,5,false,,,,,,Composite 0.0 (coverage 10%). Meets 5 of 10 measurable requirements; 5 unknown. 5 qualification clauses under MIL-DTL-5015 require testing to verify. 5 of 10 measurable requirements could not be verified (50% unknown); lifecycle/availability unknown (not enriched),5,humidity_resistance|lot_traceability|qualification|thermal_shock_cycles|vibration_grms,digikey,0,10,,unknown,Milnec,5958-D38999/20GE2SA-ND,MIL-DTL-5015,false,unknown,,,2
5935-00-987-0797__D38999/26GE2JC,5935-00-987-0797,D38999/26GE2JC,low,1,5,0,0,5,false,,,,,,Composite 0.0 (coverage 10%). Meets 5 of 10 measurable requirements; 5 unknown. 5 qualification clauses under MIL-DTL-5015 require testing to verify. 5 of 10 measurable requirements could not be verified (50% unknown); lifecycle/availability unknown (not enriched),5,humidity_resistance|lot_traceability|qualification|thermal_shock_cycles|vibration_grms,digikey,0,10,,unknown,Milnec,5958-D38999/26GE2JC-ND,MIL-DTL-5015,false,unknown,,,3
5935-00-987-0797__D38999/26GE2JD,5935-00-987-0797,D38999/26GE2JD,low,1,5,0,0,5,false,,,,,,Composite 0.0 (coverage 10%). Meets 5 of 10 measurable requirements; 5 unknown. 5 qualification clauses under MIL-DTL-5015 require testing to verify. 5 of 10 measurable requirements could not be verified (50% unknown); lifecycle/availability unknown (not enriched),5,humidity_resistance|lot_traceability|qualification|thermal_shock_cycles|vibration_grms,digikey,0,10,,unknown,Milnec,5958-D38999/26GE2JD-ND,MIL-DTL-5015,false,unknown,,,4
5935-00-987-0797__ACT90WE19PN,5935-00-987-0797,ACT90WE19PN,low,1,5,1,0,4,false,,,,,,Composite 4.1 (coverage 17%). Meets 5 of 10 measurable requirements; fails shell_material; 4 unknown. 5 qualification clauses under MIL-DTL-5015 require testing to verify. lifecycle/availability unknown (not enriched),5,humidity_resistance|lot_traceability|qualification|thermal_shock_cycles|vibration_grms,digikey,4.11765,17,,unknown,TE Connectivity Deutsch Connectors,2992-ACT90WE19PN-ND,MIL-DTL-5015,false,unknown,,,5
5935-00-987-0797__ACT96WE19SN,5935-00-987-0797,ACT96WE19SN,low,1,5,1,0,4,false,,,,,,Composite 4.1 (coverage 17%). Meets 5 of 10 measurable requirements; fails shell_material; 4 unknown. 5 qualification clauses under MIL-DTL-5015 require testing to verify. lifecycle/availability unknown (not enriched),5,humidity_resistance|lot_traceability|qualification|thermal_shock_cycles|vibration_grms,digikey,4.11765,17,,unknown,TE Connectivity Deutsch Connectors,2992-ACT96WE19SN-ND,MIL-DTL-5015,false,unknown,,,6
5935-00-987-0797__D38999/24TE2JN,5935-00-987-0797,D38999/24TE2JN,low,1,5,0,1,4,false,,,,,,Composite 12.4 (coverage 17%). Meets 5 of 10 measurable requirements; 4 unknown; 1 marginal. 5 qualification clauses under MIL-DTL-5015 require testing to verify. 4 of 10 measurable requirements could not be verified (40% unknown); lifecycle/availability unknown (not enriched),5,humidity_resistance|lot_traceability|qualification|thermal_shock_cycles|vibration_grms,digikey,12.3529,17,,unknown,Milnec,5958-D38999/24TE2JN-ND,MIL-DTL-5015,false,unknown,,,7
5935-00-987-0797__D38999/24TE2PA,5935-00-987-0797,D38999/24TE2PA,low,1,5,0,1,4,false,,,,,,Composite 12.4 (coverage 17%). Meets 5 of 10 measurable requirements; 4 unknown; 1 marginal. 5 qualification clauses under MIL-DTL-5015 require testing to verify. 4 of 10 measurable requirements could not be verified (40% unknown); lifecycle/availability unknown (not enriched),5,humidity_resistance|lot_traceability|qualification|thermal_shock_cycles|vibration_grms,digikey,12.3529,17,,unknown,Milnec,5958-D38999/24TE2PA-ND,MIL-DTL-5015,false,unknown,,,8
5935-00-987-0797__D38999/24TE2PB,5935-00-987-0797,D38999/24TE2PB,low,1,5,0,1,4,false,,,,,,Composite 12.4 (coverage 17%). Meets 5 of 10 measurable requirements; 4 unknown; 1 marginal. 5 qualification clauses under MIL-DTL-5015 require testing to verify. 4 of 10 measurable requirements could not be verified (40% unknown); lifecycle/availability unknown (not enriched),5,humidity_resistance|lot_traceability|qualification|thermal_shock_cycles|vibration_grms,digikey,12.3529,17,,unknown,Milnec,5958-D38999/24TE2PB-ND,MIL-DTL-5015,false,unknown,,,9
5935-00-987-0797__D38999/25NE26CA,5935-00-987-0797,D38999/25NE26CA,low,1,5,0,1,4,false,,,,,,Composite 12.4 (coverage 17%). Meets 5 of 10 measurable requirements; 4 unknown; 1 marginal. 5 qualification clauses under MIL-DTL-5015 require testing to verify. 4 of 10 measurable requirements could not be verified (40% unknown); lifecycle/availability unknown (not enriched),5,humidity_resistance|lot_traceability|qualification|thermal_shock_cycles|vibration_grms,digikey,12.3529,17,,unknown,Milnec,5958-D38999/25NE26CA-ND,MIL-DTL-5015,false,unknown,,,10
5935-00-987-0797__D38999/25NE26CB,5935-00-987-0797,D38999/25NE26CB,low,1,5,0,1,4,false,,,,,,Composite 12.4 (coverage 17%). Meets 5 of 10 measurable requirements; 4 unknown; 1 marginal. 5 qualification clauses under MIL-DTL-5015 require testing to verify. 4 of 10 measurable requirements could not be verified (40% unknown); lifecycle/availability unknown (not enriched),5,humidity_resistance|lot_traceability|qualification|thermal_shock_cycles|vibration_grms,digikey,12.3529,17,,unknown,Milnec,5958-D38999/25NE26CB-ND,MIL-DTL-5015,false,unknown,,,11
5935-00-987-0797__D38999/25NE26CC,5935-00-987-0797,D38999/25NE26CC,low,1,5,0,1,4,false,,,,,,Composite 12.4 (coverage 17%). Meets 5 of 10 measurable requirements; 4 unknown; 1 marginal. 5 qualification clauses under MIL-DTL-5015 require testing to verify. 4 of 10 measurable requirements could not be verified (40% unknown); lifecycle/availability unknown (not enriched),5,humidity_resistance|lot_traceability|qualification|thermal_shock_cycles|vibration_grms,digikey,12.3529,17,,unknown,Milnec,5958-D38999/25NE26CC-ND,MIL-DTL-5015,false,unknown,,,12
5935-00-987-0797__D38999/25NE26CD,5935-00-987-0797,D38999/25NE26CD,low,1,5,0,1,4,false,,,,,,Composite 12.4 (coverage 17%). Meets 5 of 10 measurable requirements; 4 unknown; 1 marginal. 5 qualification clauses under MIL-DTL-5015 require testing to verify. 4 of 10 measurable requirements could not be verified (40% unknown); lifecycle/availability unknown (not enriched),5,humidity_resistance|lot_traceability|qualification|thermal_shock_cycles|vibration_grms,digikey,12.3529,17,,unknown,Milnec,5958-D38999/25NE26CD-ND,MIL-DTL-5015,false,unknown,,,13
5935-00-987-0797__D38999/25NE26CE,5935-00-987-0797,D38999/25NE26CE,low,1,5,0,1,4,false,,,,,,Composite 12.4 (coverage 17%). Meets 5 of 10 measurable requirements; 4 unknown; 1 marginal. 5 qualification clauses under MIL-DTL-5015 require testing to verify. 4 of 10 measurable requirements could not be verified (40% unknown); lifecycle/availability unknown (not enriched),5,humidity_resistance|lot_traceability|qualification|thermal_shock_cycles|vibration_grms,digikey,12.3529,17,,unknown,Milnec,5958-D38999/25NE26CE-ND,MIL-DTL-5015,false,unknown,,,14
5935-00-987-0797__D38999/25NE26CN,5935-00-987-0797,D38999/25NE26CN,low,1,5,0,1,4,false,,,,,,Composite 12.4 (coverage 17%). Meets 5 of 10 measurable requirements; 4 unknown; 1 marginal. 5 qualification clauses under MIL-DTL-5015 require testing to verify. 4 of 10 measurable requirements could not be verified (40% unknown); lifecycle/availability unknown (not enriched),5,humidity_resistance|lot_traceability|qualification|thermal_shock_cycles|vibration_grms,digikey,12.3529,17,,unknown,Milnec,5958-D38999/25NE26CN-ND,MIL-DTL-5015,false,unknown,,,15
5935-00-987-0797__D38999/25NE6PA,5935-00-987-0797,D38999/25NE6PA,low,1,5,0,1,4,false,,,,,,Composite 12.4 (coverage 17%). Meets 5 of 10 measurable requirements; 4 unknown; 1 marginal. 5 qualification clauses under MIL-DTL-5015 require testing to verify. 4 of 10 measurable requirements could not be verified (40% unknown); lifecycle/availability unknown (not enriched),5,humidity_resistance|lot_traceability|qualification|thermal_shock_cycles|vibration_grms,digikey,12.3529,17,,unknown,Milnec,5958-D38999/25NE6PA-ND,MIL-DTL-5015,false,unknown,,,16
5935-00-987-0797__D38999/25NE6PB,5935-00-987-0797,D38999/25NE6PB,low,1,5,0,1,4,false,,,,,,Composite 12.4 (coverage 17%). Meets 5 of 10 measurable requirements; 4 unknown; 1 marginal. 5 qualification clauses under MIL-DTL-5015 require testing to verify. 4 of 10 measurable requirements could not be verified (40% unknown); lifecycle/availability unknown (not enriched),5,humidity_resistance|lot_traceability|qualification|thermal_shock_cycles|vibration_grms,digikey,12.3529,17,,unknown,Milnec,5958-D38999/25NE6PB-ND,MIL-DTL-5015,false,unknown,,,17
5935-00-987-0797__D38999/25NE6PC,5935-00-987-0797,D38999/25NE6PC,low,1,5,0,1,4,false,,,,,,Composite 12.4 (coverage 17%). Meets 5 of 10 measurable requirements; 4 unknown; 1 marginal. 5 qualification clauses under MIL-DTL-5015 require testing to verify. 4 of 10 measurable requirements could not be verified (40% unknown); lifecycle/availability unknown (not enriched),5,humidity_resistance|lot_traceability|qualification|thermal_shock_cycles|vibration_grms,digikey,12.3529,17,,unknown,Milnec,5958-D38999/25NE6PC-ND,MIL-DTL-5015,false,unknown,,,18
5935-00-987-0797__D38999/25NE6PD,5935-00-987-0797,D38999/25NE6PD,low,1,5,0,1,4,false,,,,,,Composite 12.4 (coverage 17%). Meets 5 of 10 measurable requirements; 4 unknown; 1 marginal. 5 qualification clauses under MIL-DTL-5015 require testing to verify. 4 of 10 measurable requirements could not be verified (40% unknown); lifecycle/availability unknown (not enriched),5,humidity_resistance|lot_traceability|qualification|thermal_shock_cycles|vibration_grms,digikey,12.3529,17,,unknown,Milnec,5958-D38999/25NE6PD-ND,MIL-DTL-5015,false,unknown,,,19
5935-00-987-0797__D38999/26FE8HA,5935-00-987-0797,D38999/26FE8HA,low,1,5,0,1,4,false,,,,,,Composite 12.4 (coverage 17%). Meets 5 of 10 measurable requirements; 4 unknown; 1 marginal. 5 qualification clauses under MIL-DTL-5015 require testing to verify. 4 of 10 measurable requirements could not be verified (40% unknown); lifecycle/availability unknown (not enriched),5,humidity_resistance|lot_traceability|qualification|thermal_shock_cycles|vibration_grms,digikey,12.3529,17,,unknown,Milnec,5958-D38999/26FE8HA-ND,MIL-DTL-5015,false,unknown,,,20
5935-00-987-0797__D38999/26FE8HB,5935-00-987-0797,D38999/26FE8HB,low,1,5,0,1,4,false,,,,,,Composite 12.4 (coverage 17%). Meets 5 of 10 measurable requirements; 4 unknown; 1 marginal. 5 qualification clauses under MIL-DTL-5015 require testing to verify. 4 of 10 measurable requirements could not be verified (40% unknown); lifecycle/availability unknown (not enriched),5,humidity_resistance|lot_traceability|qualification|thermal_shock_cycles|vibration_grms,digikey,12.3529,17,,unknown,Milnec,5958-D38999/26FE8HB-ND,MIL-DTL-5015,false,unknown,,,21
5935-00-987-0797__D38999/26FE8HC,5935-00-987-0797,D38999/26FE8HC,low,1,5,0,1,4,false,,,,,,Composite 12.4 (coverage 17%). Meets 5 of 10 measurable requirements; 4 unknown; 1 marginal. 5 qualification clauses under MIL-DTL-5015 require testing to verify. 4 of 10 measurable requirements could not be verified (40% unknown); lifecycle/availability unknown (not enriched),5,humidity_resistance|lot_traceability|qualification|thermal_shock_cycles|vibration_grms,digikey,12.3529,17,,unknown,Milnec,5958-D38999/26FE8HC-ND,MIL-DTL-5015,false,unknown,,,22
5935-00-987-0797__D38999/20GE2PC,5935-00-987-0797,D38999/20GE2PC,medium,2,5,0,0,5,false,,,1197.78,1000,,Composite 15.4 (coverage 48%). Meets 5 of 10 measurable requirements; 5 unknown. 5 qualification clauses under MIL-DTL-5015 require testing to verify. 5 of 10 measurable requirements could not be verified (50% unknown); lifecycle status unknown; single-sourced (1 distributor),5,humidity_resistance|lot_traceability|qualification|thermal_shock_cycles|vibration_grms,digikey,15.3935,48,,unknown,Milnec,5958-D38999/20GE2PC-ND,MIL-DTL-5015,true,unknown,1,,23
5935-00-987-0797__D38999/20GE2PD,5935-00-987-0797,D38999/20GE2PD,medium,2,5,0,0,5,false,,,1197.78,1000,,Composite 15.4 (coverage 48%). Meets 5 of 10 measurable requirements; 5 unknown. 5 qualification clauses under MIL-DTL-5015 require testing to verify. 5 of 10 measurable requirements could not be verified (50% unknown); lifecycle status unknown; single-sourced (1 distributor),5,humidity_resistance|lot_traceability|qualification|thermal_shock_cycles|vibration_grms,digikey,15.3935,48,,unknown,Milnec,5958-D38999/20GE2PD-ND,MIL-DTL-5015,true,unknown,1,,24
5935-00-987-0797__D38999/20GE2PE,5935-00-987-0797,D38999/20GE2PE,medium,2,5,0,0,5,false,,,1197.78,1000,,Composite 15.4 (coverage 48%). Meets 5 of 10 measurable requirements; 5 unknown. 5 qualification clauses under MIL-DTL-5015 require testing to verify. 5 of 10 measurable requirements could not be verified (50% unknown); lifecycle status unknown; single-sourced (1 distributor),5,humidity_resistance|lot_traceability|qualification|thermal_shock_cycles|vibration_grms,digikey,15.3935,48,,unknown,Milnec,5958-D38999/20GE2PE-ND,MIL-DTL-5015,true,unknown,1,,25
5935-01-050-8241__0409-201-1800,5935-01-050-8241,0409-201-1800,low,1,0,0,0,10,false,,,9.44,1000,,Composite 0.0 (coverage 38%). Meets 0 of 10 measurable requirements; 10 unknown. 6 qualification clauses under MIL-DTL-83723 require testing to verify. 10 of 10 measurable requirements could not be verified (100% unknown); lifecycle status unknown; 14 distributors,6,humidity_resistance|lot_traceability|qualification|solderability_per_j_std_002|thermal_shock_cycles|vibration_grms,digikey,0,38,,unknown,TE Connectivity Deutsch Connectors,2992-0409-201-1800-ND,MIL-DTL-83723,true,unknown,14,,1
5935-01-050-8241__0409-201-2400,5935-01-050-8241,0409-201-2400,low,1,0,0,0,10,false,,,9.18,1000,,Composite 0.0 (coverage 38%). Meets 0 of 10 measurable requirements; 10 unknown. 6 qualification clauses under MIL-DTL-83723 require testing to verify. 10 of 10 measurable requirements could not be verified (100% unknown); lifecycle status unknown; 18 distributors,6,humidity_resistance|lot_traceability|qualification|solderability_per_j_std_002|thermal_shock_cycles|vibration_grms,digikey,0,38,,unknown,TE Connectivity Deutsch Connectors,1734-1107-ND,MIL-DTL-83723,true,unknown,18,,2
5935-01-050-8241__1-206062-3,5935-01-050-8241,1-206062-3,low,1,0,0,0,10,false,,,6.30725,1000,,Composite 0.0 (coverage 38%). Meets 0 of 10 measurable requirements; 10 unknown. 6 qualification clauses under MIL-DTL-83723 require testing to verify. 10 of 10 measurable requirements could not be verified (100% unknown); lifecycle status unknown; 21 distributors,6,humidity_resistance|lot_traceability|qualification|solderability_per_j_std_002|thermal_shock_cycles|vibration_grms,digikey,0,38,,unknown,TE Connectivity AMP Connectors,A111987-ND,MIL-DTL-83723,true,unknown,21,,3
5935-01-050-8241__1-206062-4,5935-01-050-8241,1-206062-4,unscored,4,0,0,0,10,false,,,,,,No scoreable composite attributes (weight coverage 0%); insufficient data to score. Meets 0 of 10 measurable requirements; 10 unknown. 6 qualification clauses under MIL-DTL-83723 require testing to verify. 10 of 10 measurable requirements could not be verified (100% unknown); lifecycle/availability unknown (not enriched),6,humidity_resistance|lot_traceability|qualification|solderability_per_j_std_002|thermal_shock_cycles|vibration_grms,digikey,,0,,unknown,TE Connectivity AMP Connectors,A32515-ND,MIL-DTL-83723,false,unknown,,,4
5935-01-050-8241__1-206062-5,5935-01-050-8241,1-206062-5,unscored,4,0,0,0,10,false,,,,,,No scoreable composite attributes (weight coverage 0%); insufficient data to score. Meets 0 of 10 measurable requirements; 10 unknown. 6 qualification clauses under MIL-DTL-83723 require testing to verify. 10 of 10 measurable requirements could not be verified (100% unknown); lifecycle/availability unknown (not enriched),6,humidity_resistance|lot_traceability|qualification|solderability_per_j_std_002|thermal_shock_cycles|vibration_grms,digikey,,0,,unknown,TE Connectivity AMP Connectors,A104910-ND,MIL-DTL-83723,false,unknown,,,5
5935-01-050-8241__1-206062-6,5935-01-050-8241,1-206062-6,unscored,4,0,0,0,10,false,,,,,,No scoreable composite attributes (weight coverage 0%); insufficient data to score. Meets 0 of 10 measurable requirements; 10 unknown. 6 qualification clauses under MIL-DTL-83723 require testing to verify. 10 of 10 measurable requirements could not be verified (100% unknown); lifecycle/availability unknown (not enriched),6,humidity_resistance|lot_traceability|qualification|solderability_per_j_std_002|thermal_shock_cycles|vibration_grms,digikey,,0,,unknown,TE Connectivity AMP Connectors,A32514-ND,MIL-DTL-83723,false,unknown,,,6
5935-01-050-8241__1-206062-7,5935-01-050-8241,1-206062-7,unscored,4,0,0,0,10,false,,,,,,No scoreable composite attributes (weight coverage 0%); insufficient data to score. Meets 0 of 10 measurable requirements; 10 unknown. 6 qualification clauses under MIL-DTL-83723 require testing to verify. 10 of 10 measurable requirements could not be verified (100% unknown); lifecycle/availability unknown (not enriched),6,humidity_resistance|lot_traceability|qualification|solderability_per_j_std_002|thermal_shock_cycles|vibration_grms,digikey,,0,,unknown,TE Connectivity AMP Connectors,A105209-ND,MIL-DTL-83723,false,unknown,,,7
5935-01-050-8241__1-206070-1,5935-01-050-8241,1-206070-1,unscored,4,0,0,0,10,false,,,,,,No scoreable composite attributes (weight coverage 0%); insufficient data to score. Meets 0 of 10 measurable requirements; 10 unknown. 6 qualification clauses under MIL-DTL-83723 require testing to verify. 10 of 10 measurable requirements could not be verified (100% unknown); lifecycle/availability unknown (not enriched),6,humidity_resistance|lot_traceability|qualification|solderability_per_j_std_002|thermal_shock_cycles|vibration_grms,digikey,,0,,unknown,TE Connectivity AMP Connectors,A122110-ND,MIL-DTL-83723,false,unknown,,,8
5935-01-050-8241__206070-8,5935-01-050-8241,206070-8,unscored,4,0,0,0,10,false,,,,,,No scoreable composite attributes (weight coverage 0%); insufficient data to score. Meets 0 of 10 measurable requirements; 10 unknown. 6 qualification clauses under MIL-DTL-83723 require testing to verify. 10 of 10 measurable requirements could not be verified (100% unknown); lifecycle/availability unknown (not enriched),6,humidity_resistance|lot_traceability|qualification|solderability_per_j_std_002|thermal_shock_cycles|vibration_grms,digikey,,0,,unknown,TE Connectivity AMP Connectors,2266-206070-8-ND,MIL-DTL-83723,false,unknown,,,9
5935-01-050-8241__206138-8,5935-01-050-8241,206138-8,unscored,4,0,0,0,10,false,,,,,,No scoreable composite attributes (weight coverage 0%); insufficient data to score. Meets 0 of 10 measurable requirements; 10 unknown. 6 qualification clauses under MIL-DTL-83723 require testing to verify. 10 of 10 measurable requirements could not be verified (100% unknown); lifecycle/availability unknown (not enriched),6,humidity_resistance|lot_traceability|qualification|solderability_per_j_std_002|thermal_shock_cycles|vibration_grms,digikey,,0,,unknown,TE Connectivity AMP Connectors,A32517-ND,MIL-DTL-83723,false,unknown,,,10
5935-01-050-8241__206358-5,5935-01-050-8241,206358-5,unscored,4,0,0,0,10,false,,,,,,No scoreable composite attributes (weight coverage 0%); insufficient data to score. Meets 0 of 10 measurable requirements; 10 unknown. 6 qualification clauses under MIL-DTL-83723 require testing to verify. 10 of 10 measurable requirements could not be verified (100% unknown); lifecycle/availability unknown (not enriched),6,humidity_resistance|lot_traceability|qualification|solderability_per_j_std_002|thermal_shock_cycles|vibration_grms,digikey,,0,,unknown,TE Connectivity AMP Connectors,A32518-ND,MIL-DTL-83723,false,unknown,,,11
5935-01-050-8241__206966-7,5935-01-050-8241,206966-7,unscored,4,0,0,0,10,false,,,,,,No scoreable composite attributes (weight coverage 0%); insufficient data to score. Meets 0 of 10 measurable requirements; 10 unknown. 6 qualification clauses under MIL-DTL-83723 require testing to verify. 10 of 10 measurable requirements could not be verified (100% unknown); lifecycle/availability unknown (not enriched),6,humidity_resistance|lot_traceability|qualification|solderability_per_j_std_002|thermal_shock_cycles|vibration_grms,digikey,,0,,unknown,TE Connectivity AMP Connectors,A32519-ND,MIL-DTL-83723,false,unknown,,,12
5935-01-050-8241__206966-9,5935-01-050-8241,206966-9,unscored,4,0,0,0,10,false,,,,,,No scoreable composite attributes (weight coverage 0%); insufficient data to score. Meets 0 of 10 measurable requirements; 10 unknown. 6 qualification clauses under MIL-DTL-83723 require testing to verify. 10 of 10 measurable requirements could not be verified (100% unknown); lifecycle/availability unknown (not enriched),6,humidity_resistance|lot_traceability|qualification|solderability_per_j_std_002|thermal_shock_cycles|vibration_grms,digikey,,0,,unknown,TE Connectivity AMP Connectors,A106559-ND,MIL-DTL-83723,false,unknown,,,13
5935-01-050-8241__97-3057-1004,5935-01-050-8241,97-3057-1004,unscored,4,0,0,0,10,false,,,,,,No scoreable composite attributes (weight coverage 0%); insufficient data to score. Meets 0 of 10 measurable requirements; 10 unknown. 6 qualification clauses under MIL-DTL-83723 require testing to verify. 10 of 10 measurable requirements could not be verified (100% unknown); lifecycle/availability unknown (not enriched),6,humidity_resistance|lot_traceability|qualification|solderability_per_j_std_002|thermal_shock_cycles|vibration_grms,digikey,,0,,unknown,Amphenol Industrial Operations,339-97-3057-1004-ND,MIL-DTL-83723,false,unknown,,,14
5935-01-050-8241__97-3057-1004-1,5935-01-050-8241,97-3057-1004-1,unscored,4,0,0,0,10,false,,,,,,No scoreable composite attributes (weight coverage 0%); insufficient data to score. Meets 0 of 10 measurable requirements; 10 unknown. 6 qualification clauses under MIL-DTL-83723 require testing to verify. 10 of 10 measurable requirements could not be verified (100% unknown); lifecycle/availability unknown (not enriched),6,humidity_resistance|lot_traceability|qualification|solderability_per_j_std_002|thermal_shock_cycles|vibration_grms,digikey,,0,,unknown,Amphenol Industrial Operations,339-97-3057-1004-1-ND,MIL-DTL-83723,false,unknown,,,15
5935-01-050-8241__97-3057-1007,5935-01-050-8241,97-3057-1007,unscored,4,0,0,0,10,false,,,,,,No scoreable composite attributes (weight coverage 0%); insufficient data to score. Meets 0 of 10 measurable requirements; 10 unknown. 6 qualification clauses under MIL-DTL-83723 require testing to verify. 10 of 10 measurable requirements could not be verified (100% unknown); lifecycle/availability unknown (not enriched),6,humidity_resistance|lot_traceability|qualification|solderability_per_j_std_002|thermal_shock_cycles|vibration_grms,digikey,,0,,unknown,Amphenol Industrial Operations,339-97-3057-1007-ND,MIL-DTL-83723,false,unknown,,,16
5935-01-050-8241__97-3057-1007(621),5935-01-050-8241,97-3057-1007(621),unscored,4,0,0,0,10,false,,,,,,No scoreable composite attributes (weight coverage 0%); insufficient data to score. Meets 0 of 10 measurable requirements; 10 unknown. 6 qualification clauses under MIL-DTL-83723 require testing to verify. 10 of 10 measurable requirements could not be verified (100% unknown); lifecycle/availability unknown (not enriched),6,humidity_resistance|lot_traceability|qualification|solderability_per_j_std_002|thermal_shock_cycles|vibration_grms,digikey,,0,,unknown,Amphenol Industrial Operations,339-97-3057-1007(621)-ND,MIL-DTL-83723,false,unknown,,,17
5935-01-050-8241__97-3057-1007-1,5935-01-050-8241,97-3057-1007-1,unscored,4,0,0,0,10,false,,,,,,No scoreable composite attributes (weight coverage 0%); insufficient data to score. Meets 0 of 10 measurable requirements; 10 unknown. 6 qualification clauses under MIL-DTL-83723 require testing to verify. 10 of 10 measurable requirements could not be verified (100% unknown); lifecycle/availability unknown (not enriched),6,humidity_resistance|lot_traceability|qualification|solderability_per_j_std_002|thermal_shock_cycles|vibration_grms,digikey,,0,,unknown,Amphenol Industrial Operations,339-97-3057-1007-1-ND,MIL-DTL-83723,false,unknown,,,18
5935-01-050-8241__97-3057-1007-1(621),5935-01-050-8241,97-3057-1007-1(621),unscored,4,0,0,0,10,false,,,,,,No scoreable composite attributes (weight coverage 0%); insufficient data to score. Meets 0 of 10 measurable requirements; 10 unknown. 6 qualification clauses under MIL-DTL-83723 require testing to verify. 10 of 10 measurable requirements could not be verified (100% unknown); lifecycle/availability unknown (not enriched),6,humidity_resistance|lot_traceability|qualification|solderability_per_j_std_002|thermal_shock_cycles|vibration_grms,digikey,,0,,unknown,Amphenol Industrial Operations,339-97-3057-1007-1(621)-ND,MIL-DTL-83723,false,unknown,,,19
5935-01-050-8241__97-3057-1008,5935-01-050-8241,97-3057-1008,unscored,4,0,0,0,10,false,,,,,,No scoreable composite attributes (weight coverage 0%); insufficient data to score. Meets 0 of 10 measurable requirements; 10 unknown. 6 qualification clauses under MIL-DTL-83723 require testing to verify. 10 of 10 measurable requirements could not be verified (100% unknown); lifecycle/availability unknown (not enriched),6,humidity_resistance|lot_traceability|qualification|solderability_per_j_std_002|thermal_shock_cycles|vibration_grms,digikey,,0,,unknown,Amphenol Industrial Operations,97-3057-1008-ND,MIL-DTL-83723,false,unknown,,,20
5935-01-050-8241__97-3057-1008-1,5935-01-050-8241,97-3057-1008-1,unscored,4,0,0,0,10,false,,,,,,No scoreable composite attributes (weight coverage 0%); insufficient data to score. Meets 0 of 10 measurable requirements; 10 unknown. 6 qualification clauses under MIL-DTL-83723 require testing to verify. 10 of 10 measurable requirements could not be verified (100% unknown); lifecycle/availability unknown (not enriched),6,humidity_resistance|lot_traceability|qualification|solderability_per_j_std_002|thermal_shock_cycles|vibration_grms,digikey,,0,,unknown,Amphenol Industrial Operations,339-97-3057-1008-1-ND,MIL-DTL-83723,false,unknown,,,21
5935-01-050-8241__97-3057-1010-1,5935-01-050-8241,97-3057-1010-1,unscored,4,0,0,0,10,false,,,,,,No scoreable composite attributes (weight coverage 0%); insufficient data to score. Meets 0 of 10 measurable requirements; 10 unknown. 6 qualification clauses under MIL-DTL-83723 require testing to verify. 10 of 10 measurable requirements could not be verified (100% unknown); lifecycle/availability unknown (not enriched),6,humidity_resistance|lot_traceability|qualification|solderability_per_j_std_002|thermal_shock_cycles|vibration_grms,digikey,,0,,unknown,Amphenol Industrial Operations,339-97-3057-1010-1-ND,MIL-DTL-83723,false,unknown,,,22
5935-01-050-8241__97-3057-1012,5935-01-050-8241,97-3057-1012,unscored,4,0,0,0,10,false,,,,,,No scoreable composite attributes (weight coverage 0%); insufficient data to score. Meets 0 of 10 measurable requirements; 10 unknown. 6 qualification clauses under MIL-DTL-83723 require testing to verify. 10 of 10 measurable requirements could not be verified (100% unknown); lifecycle/availability unknown (not enriched),6,humidity_resistance|lot_traceability|qualification|solderability_per_j_std_002|thermal_shock_cycles|vibration_grms,digikey,,0,,unknown,Amphenol Industrial Operations,339-97-3057-1012-ND,MIL-DTL-83723,false,unknown,,,23
5935-01-050-8241__97-3057-1012-1,5935-01-050-8241,97-3057-1012-1,unscored,4,0,0,0,10,false,,,,,,No scoreable composite attributes (weight coverage 0%); insufficient data to score. Meets 0 of 10 measurable requirements; 10 unknown. 6 qualification clauses under MIL-DTL-83723 require testing to verify. 10 of 10 measurable requirements could not be verified (100% unknown); lifecycle/availability unknown (not enriched),6,humidity_resistance|lot_traceability|qualification|solderability_per_j_std_002|thermal_shock_cycles|vibration_grms,digikey,,0,,unknown,Amphenol Industrial Operations,97-3057-1012-1-ND,MIL-DTL-83723,false,unknown,,,24
5935-01-050-8241__97-3057-1016,5935-01-050-8241,97-3057-1016,unscored,4,0,0,0,10,false,,,,,,No scoreable composite attributes (weight coverage 0%); insufficient data to score. Meets 0 of 10 measurable requirements; 10 unknown. 6 qualification clauses under MIL-DTL-83723 require testing to verify. 10 of 10 measurable requirements could not be verified (100% unknown); lifecycle/availability unknown (not enriched),6,humidity_resistance|lot_traceability|qualification|solderability_per_j_std_002|thermal_shock_cycles|vibration_grms,digikey,,0,,unknown,Amphenol Industrial Operations,339-97-3057-1016-ND,MIL-DTL-83723,false,unknown,,,25
5935-01-151-1226__D38999/20GD97JE,5935-01-151-1226,D38999/20GD97JE,low,1,4,0,1,5,false,,,,,,Composite 0.0 (coverage 10%). Meets 4 of 10 measurable requirements; 5 unknown; 1 marginal. 6 qualification clauses under MIL-DTL-38999 require testing to verify. 5 of 10 measurable requirements could not be verified (50% unknown); lifecycle/availability unknown (not enriched),6,dpa_sample_required|humidity_resistance|lot_traceability|qualification|thermal_shock_cycles|vibration_grms,digikey,0,10,,unknown,Milnec,5958-D38999/20GD97JE-ND,MIL-DTL-38999,false,unknown,,,1
5935-01-151-1226__D38999/26GD15JB,5935-01-151-1226,D38999/26GD15JB,low,1,4,0,1,5,false,,,,,,Composite 0.0 (coverage 10%). Meets 4 of 10 measurable requirements; 5 unknown; 1 marginal. 6 qualification clauses under MIL-DTL-38999 require testing to verify. 5 of 10 measurable requirements could not be verified (50% unknown); lifecycle/availability unknown (not enriched),6,dpa_sample_required|humidity_resistance|lot_traceability|qualification|thermal_shock_cycles|vibration_grms,digikey,0,10,,unknown,Milnec,5958-D38999/26GD15JB-ND,MIL-DTL-38999,false,unknown,,,2
5935-01-151-1226__D38999/26GD5JA,5935-01-151-1226,D38999/26GD5JA,low,1,4,0,1,5,false,,,,,,Composite 0.0 (coverage 10%). Meets 4 of 10 measurable requirements; 5 unknown; 1 marginal. 6 qualification clauses under MIL-DTL-38999 require testing to verify. 5 of 10 measurable requirements could not be verified (50% unknown); lifecycle/availability unknown (not enriched),6,dpa_sample_required|humidity_resistance|lot_traceability|qualification|thermal_shock_cycles|vibration_grms,digikey,0,10,,unknown,Milnec,5958-D38999/26GD5JA-ND,MIL-DTL-38999,false,unknown,,,3
5935-01-151-1226__D38999/25ND15PA,5935-01-151-1226,D38999/25ND15PA,low,1,4,0,2,4,false,,,,,,Composite 12.4 (coverage 17%). Meets 4 of 10 measurable requirements; 4 unknown; 2 marginal. 6 qualification clauses under MIL-DTL-38999 require testing to verify. 4 of 10 measurable requirements could not be verified (40% unknown); lifecycle/availability unknown (not enriched),6,dpa_sample_required|humidity_resistance|lot_traceability|qualification|thermal_shock_cycles|vibration_grms,digikey,12.3529,17,,unknown,Milnec,5958-D38999/25ND15PA-ND,MIL-DTL-38999,false,unknown,,,4
5935-01-151-1226__D38999/25ND15PB,5935-01-151-1226,D38999/25ND15PB,low,1,4,0,2,4,false,,,,,,Composite 12.4 (coverage 17%). Meets 4 of 10 measurable requirements; 4 unknown; 2 marginal. 6 qualification clauses under MIL-DTL-38999 require testing to verify. 4 of 10 measurable requirements could not be verified (40% unknown); lifecycle/availability unknown (not enriched),6,dpa_sample_required|humidity_resistance|lot_traceability|qualification|thermal_shock_cycles|vibration_grms,digikey,12.3529,17,,unknown,Milnec,5958-D38999/25ND15PB-ND,MIL-DTL-38999,false,unknown,,,5
5935-01-151-1226__D38999/25ND15PC,5935-01-151-1226,D38999/25ND15PC,low,1,4,0,2,4,false,,,,,,Composite 12.4 (coverage 17%). Meets 4 of 10 measurable requirements; 4 unknown; 2 marginal. 6 qualification clauses under MIL-DTL-38999 require testing to verify. 4 of 10 measurable requirements could not be verified (40% unknown); lifecycle/availability unknown (not enriched),6,dpa_sample_required|humidity_resistance|lot_traceability|qualification|thermal_shock_cycles|vibration_grms,digikey,12.3529,17,,unknown,Milnec,5958-D38999/25ND15PC-ND,MIL-DTL-38999,false,unknown,,,6
5935-01-151-1226__D38999/25ND15PD,5935-01-151-1226,D38999/25ND15PD,low,1,4,0,2,4,false,,,,,,Composite 12.4 (coverage 17%). Meets 4 of 10 measurable requirements; 4 unknown; 2 marginal. 6 qualification clauses under MIL-DTL-38999 require testing to verify. 4 of 10 measurable requirements could not be verified (40% unknown); lifecycle/availability unknown (not enriched),6,dpa_sample_required|humidity_resistance|lot_traceability|qualification|thermal_shock_cycles|vibration_grms,digikey,12.3529,17,,unknown,Milnec,5958-D38999/25ND15PD-ND,MIL-DTL-38999,false,unknown,,,7
5935-01-151-1226__D38999/25ND15PE,5935-01-151-1226,D38999/25ND15PE,low,1,4,0,2,4,false,,,,,,Composite 12.4 (coverage 17%). Meets 4 of 10 measurable requirements; 4 unknown; 2 marginal. 6 qualification clauses under MIL-DTL-38999 require testing to verify. 4 of 10 measurable requirements could not be verified (40% unknown); lifecycle/availability unknown (not enriched),6,dpa_sample_required|humidity_resistance|lot_traceability|qualification|thermal_shock_cycles|vibration_grms,digikey,12.3529,17,,unknown,Milnec,5958-D38999/25ND15PE-ND,MIL-DTL-38999,false,unknown,,,8
5935-01-151-1226__D38999/25ND15PN,5935-01-151-1226,D38999/25ND15PN,low,1,4,0,2,4,false,,,,,,Composite 12.4 (coverage 17%). Meets 4 of 10 measurable requirements; 4 unknown; 2 marginal. 6 qualification clauses under MIL-DTL-38999 require testing to verify. 4 of 10 measurable requirements could not be verified (40% unknown); lifecycle/availability unknown (not enriched),6,dpa_sample_required|humidity_resistance|lot_traceability|qualification|thermal_shock_cycles|vibration_grms,digikey,12.3529,17,,unknown,Milnec,5958-D38999/25ND15PN-ND,MIL-DTL-38999,false,unknown,,,9
5935-01-151-1226__D38999/25ND35PC,5935-01-151-1226,D38999/25ND35PC,low,1,4,0,2,4,false,,,,,,Composite 12.4 (coverage 17%). Meets 4 of 10 measurable requirements; 4 unknown; 2 marginal. 6 qualification clauses under MIL-DTL-38999 require testing to verify. 4 of 10 measurable requirements could not be verified (40% unknown); lifecycle/availability unknown (not enriched),6,dpa_sample_required|humidity_resistance|lot_traceability|qualification|thermal_shock_cycles|vibration_grms,digikey,12.3529,17,,unknown,Milnec,5958-D38999/25ND35PC-ND,MIL-DTL-38999,false,unknown,,,10
5935-01-151-1226__D38999/25ND35PD,5935-01-151-1226,D38999/25ND35PD,low,1,4,0,2,4,false,,,,,,Composite 12.4 (coverage 17%). Meets 4 of 10 measurable requirements; 4 unknown; 2 marginal. 6 qualification clauses under MIL-DTL-38999 require testing to verify. 4 of 10 measurable requirements could not be verified (40% unknown); lifecycle/availability unknown (not enriched),6,dpa_sample_required|humidity_resistance|lot_traceability|qualification|thermal_shock_cycles|vibration_grms,digikey,12.3529,17,,unknown,Milnec,5958-D38999/25ND35PD-ND,MIL-DTL-38999,false,unknown,,,11
5935-01-151-1226__D38999/25ND35PE,5935-01-151-1226,D38999/25ND35PE,low,1,4,0,2,4,false,,,,,,Composite 12.4 (coverage 17%). Meets 4 of 10 measurable requirements; 4 unknown; 2 marginal. 6 qualification clauses under MIL-DTL-38999 require testing to verify. 4 of 10 measurable requirements could not be verified (40% unknown); lifecycle/availability unknown (not enriched),6,dpa_sample_required|humidity_resistance|lot_traceability|qualification|thermal_shock_cycles|vibration_grms,digikey,12.3529,17,,unknown,Milnec,5958-D38999/25ND35PE-ND,MIL-DTL-38999,false,unknown,,,12
5935-01-151-1226__D38999/25ND97XA,5935-01-151-1226,D38999/25ND97XA,low,1,4,0,2,4,false,,,,,,Composite 12.4 (coverage 17%). Meets 4 of 10 measurable requirements; 4 unknown; 2 marginal. 6 qualification clauses under MIL-DTL-38999 require testing to verify. 4 of 10 measurable requirements could not be verified (40% unknown); lifecycle/availability unknown (not enriched),6,dpa_sample_required|humidity_resistance|lot_traceability|qualification|thermal_shock_cycles|vibration_grms,digikey,12.3529,17,,unknown,Milnec,5958-D38999/25ND97XA-ND,MIL-DTL-38999,false,unknown,,,13
5935-01-151-1226__D38999/25ND97XB,5935-01-151-1226,D38999/25ND97XB,low,1,4,0,2,4,false,,,,,,Composite 12.4 (coverage 17%). Meets 4 of 10 measurable requirements; 4 unknown; 2 marginal. 6 qualification clauses under MIL-DTL-38999 require testing to verify. 4 of 10 measurable requirements could not be verified (40% unknown); lifecycle/availability unknown (not enriched),6,dpa_sample_required|humidity_resistance|lot_traceability|qualification|thermal_shock_cycles|vibration_grms,digikey,12.3529,17,,unknown,Milnec,5958-D38999/25ND97XB-ND,MIL-DTL-38999,false,unknown,,,14
5935-01-151-1226__D38999/25ND97XC,5935-01-151-1226,D38999/25ND97XC,low,1,4,0,2,4,false,,,,,,Composite 12.4 (coverage 17%). Meets 4 of 10 measurable requirements; 4 unknown; 2 marginal. 6 qualification clauses under MIL-DTL-38999 require testing to verify. 4 of 10 measurable requirements could not be verified (40% unknown); lifecycle/availability unknown (not enriched),6,dpa_sample_required|humidity_resistance|lot_traceability|qualification|thermal_shock_cycles|vibration_grms,digikey,12.3529,17,,unknown,Milnec,5958-D38999/25ND97XC-ND,MIL-DTL-38999,false,unknown,,,15
5935-01-151-1226__D38999/25ND97XD,5935-01-151-1226,D38999/25ND97XD,low,1,4,0,2,4,false,,,,,,Composite 12.4 (coverage 17%). Meets 4 of 10 measurable requirements; 4 unknown; 2 marginal. 6 qualification clauses under MIL-DTL-38999 require testing to verify. 4 of 10 measurable requirements could not be verified (40% unknown); lifecycle/availability unknown (not enriched),6,dpa_sample_required|humidity_resistance|lot_traceability|qualification|thermal_shock_cycles|vibration_grms,digikey,12.3529,17,,unknown,Milnec,5958-D38999/25ND97XD-ND,MIL-DTL-38999,false,unknown,,,16
5935-01-151-1226__D38999/40FC4HR,5935-01-151-1226,D38999/40FC4HR,low,1,4,0,2,4,false,,,,,,Composite 12.4 (coverage 17%). Meets 4 of 10 measurable requirements; 4 unknown; 2 marginal. 6 qualification clauses under MIL-DTL-38999 require testing to verify. 4 of 10 measurable requirements could not be verified (40% unknown); lifecycle/availability unknown (not enriched),6,dpa_sample_required|humidity_resistance|lot_traceability|qualification|thermal_shock_cycles|vibration_grms,digikey,12.3529,17,,unknown,Milnec,5958-D38999/40FC4HR-ND,MIL-DTL-38999,false,unknown,,,17
5935-01-151-1226__D38999/40FC4JA,5935-01-151-1226,D38999/40FC4JA,low,1,4,0,2,4,false,,,,,,Composite 12.4 (coverage 17%). Meets 4 of 10 measurable requirements; 4 unknown; 2 marginal. 6 qualification clauses under MIL-DTL-38999 require testing to verify. 4 of 10 measurable requirements could not be verified (40% unknown); lifecycle/availability unknown (not enriched),6,dpa_sample_required|humidity_resistance|lot_traceability|qualification|thermal_shock_cycles|vibration_grms,digikey,12.3529,17,,unknown,Milnec,5958-D38999/40FC4JA-ND,MIL-DTL-38999,false,unknown,,,18
5935-01-151-1226__D38999/40FC98HR,5935-01-151-1226,D38999/40FC98HR,low,1,4,0,2,4,false,,,,,,Composite 12.4 (coverage 17%). Meets 4 of 10 measurable requirements; 4 unknown; 2 marginal. 6 qualification clauses under MIL-DTL-38999 require testing to verify. 4 of 10 measurable requirements could not be verified (40% unknown); lifecycle/availability unknown (not enriched),6,dpa_sample_required|humidity_resistance|lot_traceability|qualification|thermal_shock_cycles|vibration_grms,digikey,12.3529,17,,unknown,Milnec,5958-D38999/40FC98HR-ND,MIL-DTL-38999,false,unknown,,,19
5935-01-151-1226__D38999/40FC98JA,5935-01-151-1226,D38999/40FC98JA,low,1,4,0,2,4,false,,,,,,Composite 12.4 (coverage 17%). Meets 4 of 10 measurable requirements; 4 unknown; 2 marginal. 6 qualification clauses under MIL-DTL-38999 require testing to verify. 4 of 10 measurable requirements could not be verified (40% unknown); lifecycle/availability unknown (not enriched),6,dpa_sample_required|humidity_resistance|lot_traceability|qualification|thermal_shock_cycles|vibration_grms,digikey,12.3529,17,,unknown,Milnec,5958-D38999/40FC98JA-ND,MIL-DTL-38999,false,unknown,,,20
5935-01-151-1226__D38999/40FC98JB,5935-01-151-1226,D38999/40FC98JB,low,1,4,0,2,4,false,,,,,,Composite 12.4 (coverage 17%). Meets 4 of 10 measurable requirements; 4 unknown; 2 marginal. 6 qualification clauses under MIL-DTL-38999 require testing to verify. 4 of 10 measurable requirements could not be verified (40% unknown); lifecycle/availability unknown (not enriched),6,dpa_sample_required|humidity_resistance|lot_traceability|qualification|thermal_shock_cycles|vibration_grms,digikey,12.3529,17,,unknown,Milnec,5958-D38999/40FC98JB-ND,MIL-DTL-38999,false,unknown,,,21
5935-01-151-1226__D38999/40FC98JC,5935-01-151-1226,D38999/40FC98JC,low,1,4,0,2,4,false,,,,,,Composite 12.4 (coverage 17%). Meets 4 of 10 measurable requirements; 4 unknown; 2 marginal. 6 qualification clauses under MIL-DTL-38999 require testing to verify. 4 of 10 measurable requirements could not be verified (40% unknown); lifecycle/availability unknown (not enriched),6,dpa_sample_required|humidity_resistance|lot_traceability|qualification|thermal_shock_cycles|vibration_grms,digikey,12.3529,17,,unknown,Milnec,5958-D38999/40FC98JC-ND,MIL-DTL-38999,false,unknown,,,22
5935-01-151-1226__D38999/20GD97JC,5935-01-151-1226,D38999/20GD97JC,medium,2,4,0,1,5,false,,,,,,Composite 0.0 (coverage 10%). Meets 4 of 10 measurable requirements; 5 unknown; 1 marginal. 6 qualification clauses under MIL-DTL-38999 require testing to verify. 5 of 10 measurable requirements could not be verified (50% unknown); lifecycle status unknown; no distributor has stock,6,dpa_sample_required|humidity_resistance|lot_traceability|qualification|thermal_shock_cycles|vibration_grms,digikey,0,10,,unknown,Milnec,5958-D38999/20GD97JC-ND,MIL-DTL-38999,true,unknown,0,,23
5935-01-151-1226__D38999/20GD97JB,5935-01-151-1226,D38999/20GD97JB,medium,2,4,0,1,5,false,,,954.304,1000,,Composite 15.4 (coverage 48%). Meets 4 of 10 measurable requirements; 5 unknown; 1 marginal. 6 qualification clauses under MIL-DTL-38999 require testing to verify. 5 of 10 measurable requirements could not be verified (50% unknown); lifecycle status unknown; single-sourced (1 distributor),6,dpa_sample_required|humidity_resistance|lot_traceability|qualification|thermal_shock_cycles|vibration_grms,digikey,15.3935,48,,unknown,Milnec,5958-D38999/20GD97JB-ND,MIL-DTL-38999,true,unknown,1,,24
5935-01-151-1226__D38999/20GD97JD,5935-01-151-1226,D38999/20GD97JD,medium,2,4,0,1,5,false,,,954.304,1000,,Composite 15.4 (coverage 48%). Meets 4 of 10 measurable requirements; 5 unknown; 1 marginal. 6 qualification clauses under MIL-DTL-38999 require testing to verify. 5 of 10 measurable requirements could not be verified (50% unknown); lifecycle status unknown; single-sourced (1 distributor),6,dpa_sample_required|humidity_resistance|lot_traceability|qualification|thermal_shock_cycles|vibration_grms,digikey,15.3935,48,,unknown,Milnec,5958-D38999/20GD97JD-ND,MIL-DTL-38999,true,unknown,1,,25
5935-01-151-1226__PT06A-10-6S(SR),5935-01-151-1226,PT06A-10-6S(SR),high,3,2,1,2,5,false,,,,,,Hard gate failure: contact_count. composite skipped (100). Meets 2 of 10 measurable requirements; fails contact_count; 5 unknown; 2 marginal. 6 qualification clauses under MIL-DTL-38999 require testing to verify. lifecycle/availability unknown (not enriched),6,dpa_sample_required|humidity_resistance|lot_traceability|qualification|thermal_shock_cycles|vibration_grms,external,100,0,contact_count,unknown,Amphenol Industrial,,MIL-DTL-38999,false,unknown,,,26
5935-01-151-1226__PT06E-14-5P(SR),5935-01-151-1226,PT06E-14-5P(SR),high,3,2,1,2,5,false,,,,,,Hard gate failure: contact_count. composite skipped (100). Meets 2 of 10 measurable requirements; fails contact_count; 5 unknown; 2 marginal. 6 qualification clauses under MIL-DTL-38999 require testing to verify. lifecycle/availability unknown (not enriched),6,dpa_sample_required|humidity_resistance|lot_traceability|qualification|thermal_shock_cycles|vibration_grms,external,100,0,contact_count,unknown,Amphenol Industrial,,MIL-DTL-38999,false,unknown,,,27
5935-01-151-1226__207654-1,5935-01-151-1226,207654-1,high,3,2,1,0,7,false,,,,,,Hard gate failure: contact_count. composite skipped (100). Meets 2 of 10 measurable requirements; fails contact_count; 7 unknown. 6 qualification clauses under MIL-DTL-38999 require testing to verify. lifecycle/availability unknown (not enriched),6,dpa_sample_required|humidity_resistance|lot_traceability|qualification|thermal_shock_cycles|vibration_grms,external,100,0,contact_count,unknown,TE Connectivity,,MIL-DTL-38999,false,unknown,,,28
5935-01-151-1226__200821-1,5935-01-151-1226,200821-1,high,3,1,2,0,7,false,,,,,,"Hard gate failure: operating_temp_max|contact_count. composite skipped (100). Meets 1 of 10 measurable requirements; fails contact_count, operating_temp_max; 7 unknown. 6 qualification clauses under MIL-DTL-38999 require testing to verify. lifecycle/availability unknown (not enriched)",6,dpa_sample_required|humidity_resistance|lot_traceability|qualification|thermal_shock_cycles|vibration_grms,external,100,0,operating_temp_max|contact_count,unknown,TE Connectivity,,MIL-DTL-38999,false,unknown,,,29
5935-01-151-1226__HBL5666VY,5935-01-151-1226,HBL5666VY,high,3,1,2,0,7,false,,,,,,"Hard gate failure: operating_temp_max|contact_count. composite skipped (100). Meets 1 of 10 measurable requirements; fails contact_count, operating_temp_max; 7 unknown. 6 qualification clauses under MIL-DTL-38999 require testing to verify. lifecycle/availability unknown (not enriched)",6,dpa_sample_required|humidity_resistance|lot_traceability|qualification|thermal_shock_cycles|vibration_grms,external,100,0,operating_temp_max|contact_count,unknown,Hubbell Wiring Device-Kellems,,MIL-DTL-38999,false,unknown,,,30
5935-01-151-1226__HBL5865VY,5935-01-151-1226,HBL5865VY,high,3,1,3,0,6,false,,,,,,"Hard gate failure: operating_temp_max|contact_count. composite skipped (100). Meets 1 of 10 measurable requirements; fails contact_count, contact_plating, operating_temp_max; 6 unknown. 6 qualification clauses under MIL-DTL-38999 require testing to verify. lifecycle/availability unknown (not enriched)",6,dpa_sample_required|humidity_resistance|lot_traceability|qualification|thermal_shock_cycles|vibration_grms,external,100,0,operating_temp_max|contact_count,unknown,Hubbell Wiring Device-Kellems,,MIL-DTL-38999,false,unknown,,,31
5935-01-151-1226__1811633-1,5935-01-151-1226,1811633-1,unscored,4,2,0,0,8,false,,,,,,No scoreable composite attributes (weight coverage 0%); insufficient data to score. Meets 2 of 10 measurable requirements; 8 unknown. 6 qualification clauses under MIL-DTL-38999 require testing to verify. 8 of 10 measurable requirements could not be verified (80% unknown); lifecycle/availability unknown (not enriched),6,dpa_sample_required|humidity_resistance|lot_traceability|qualification|thermal_shock_cycles|vibration_grms,external,,0,,unknown,TE Connectivity,,MIL-DTL-38999,false,unknown,,,32
5935-01-223-2835__0409-201-1800,5935-01-223-2835,0409-201-1800,low,1,0,0,0,10,false,,,9.44,1000,,Composite 0.0 (coverage 38%). Meets 0 of 10 measurable requirements; 10 unknown. 6 qualification clauses under MIL-DTL-83723 require testing to verify. 10 of 10 measurable requirements could not be verified (100% unknown); lifecycle status unknown; 14 distributors,6,humidity_resistance|lot_traceability|qualification|solderability_per_j_std_002|thermal_shock_cycles|vibration_grms,digikey,0,38,,unknown,TE Connectivity Deutsch Connectors,2992-0409-201-1800-ND,MIL-DTL-83723,true,unknown,14,,1
5935-01-223-2835__0409-201-2400,5935-01-223-2835,0409-201-2400,low,1,0,0,0,10,false,,,9.18,1000,,Composite 0.0 (coverage 38%). Meets 0 of 10 measurable requirements; 10 unknown. 6 qualification clauses under MIL-DTL-83723 require testing to verify. 10 of 10 measurable requirements could not be verified (100% unknown); lifecycle status unknown; 18 distributors,6,humidity_resistance|lot_traceability|qualification|solderability_per_j_std_002|thermal_shock_cycles|vibration_grms,digikey,0,38,,unknown,TE Connectivity Deutsch Connectors,1734-1107-ND,MIL-DTL-83723,true,unknown,18,,2
5935-01-223-2835__1-206062-3,5935-01-223-2835,1-206062-3,low,1,0,0,0,10,false,,,6.30725,1000,,Composite 0.0 (coverage 38%). Meets 0 of 10 measurable requirements; 10 unknown. 6 qualification clauses under MIL-DTL-83723 require testing to verify. 10 of 10 measurable requirements could not be verified (100% unknown); lifecycle status unknown; 21 distributors,6,humidity_resistance|lot_traceability|qualification|solderability_per_j_std_002|thermal_shock_cycles|vibration_grms,digikey,0,38,,unknown,TE Connectivity AMP Connectors,A111987-ND,MIL-DTL-83723,true,unknown,21,,3
5935-01-223-2835__1-206062-4,5935-01-223-2835,1-206062-4,unscored,4,0,0,0,10,false,,,,,,No scoreable composite attributes (weight coverage 0%); insufficient data to score. Meets 0 of 10 measurable requirements; 10 unknown. 6 qualification clauses under MIL-DTL-83723 require testing to verify. 10 of 10 measurable requirements could not be verified (100% unknown); lifecycle/availability unknown (not enriched),6,humidity_resistance|lot_traceability|qualification|solderability_per_j_std_002|thermal_shock_cycles|vibration_grms,digikey,,0,,unknown,TE Connectivity AMP Connectors,A32515-ND,MIL-DTL-83723,false,unknown,,,4
5935-01-223-2835__1-206062-5,5935-01-223-2835,1-206062-5,unscored,4,0,0,0,10,false,,,,,,No scoreable composite attributes (weight coverage 0%); insufficient data to score. Meets 0 of 10 measurable requirements; 10 unknown. 6 qualification clauses under MIL-DTL-83723 require testing to verify. 10 of 10 measurable requirements could not be verified (100% unknown); lifecycle/availability unknown (not enriched),6,humidity_resistance|lot_traceability|qualification|solderability_per_j_std_002|thermal_shock_cycles|vibration_grms,digikey,,0,,unknown,TE Connectivity AMP Connectors,A104910-ND,MIL-DTL-83723,false,unknown,,,5
5935-01-223-2835__1-206062-6,5935-01-223-2835,1-206062-6,unscored,4,0,0,0,10,false,,,,,,No scoreable composite attributes (weight coverage 0%); insufficient data to score. Meets 0 of 10 measurable requirements; 10 unknown. 6 qualification clauses under MIL-DTL-83723 require testing to verify. 10 of 10 measurable requirements could not be verified (100% unknown); lifecycle/availability unknown (not enriched),6,humidity_resistance|lot_traceability|qualification|solderability_per_j_std_002|thermal_shock_cycles|vibration_grms,digikey,,0,,unknown,TE Connectivity AMP Connectors,A32514-ND,MIL-DTL-83723,false,unknown,,,6
5935-01-223-2835__1-206062-7,5935-01-223-2835,1-206062-7,unscored,4,0,0,0,10,false,,,,,,No scoreable composite attributes (weight coverage 0%); insufficient data to score. Meets 0 of 10 measurable requirements; 10 unknown. 6 qualification clauses under MIL-DTL-83723 require testing to verify. 10 of 10 measurable requirements could not be verified (100% unknown); lifecycle/availability unknown (not enriched),6,humidity_resistance|lot_traceability|qualification|solderability_per_j_std_002|thermal_shock_cycles|vibration_grms,digikey,,0,,unknown,TE Connectivity AMP Connectors,A105209-ND,MIL-DTL-83723,false,unknown,,,7
5935-01-223-2835__1-206070-1,5935-01-223-2835,1-206070-1,unscored,4,0,0,0,10,false,,,,,,No scoreable composite attributes (weight coverage 0%); insufficient data to score. Meets 0 of 10 measurable requirements; 10 unknown. 6 qualification clauses under MIL-DTL-83723 require testing to verify. 10 of 10 measurable requirements could not be verified (100% unknown); lifecycle/availability unknown (not enriched),6,humidity_resistance|lot_traceability|qualification|solderability_per_j_std_002|thermal_shock_cycles|vibration_grms,digikey,,0,,unknown,TE Connectivity AMP Connectors,A122110-ND,MIL-DTL-83723,false,unknown,,,8
5935-01-223-2835__206070-8,5935-01-223-2835,206070-8,unscored,4,0,0,0,10,false,,,,,,No scoreable composite attributes (weight coverage 0%); insufficient data to score. Meets 0 of 10 measurable requirements; 10 unknown. 6 qualification clauses under MIL-DTL-83723 require testing to verify. 10 of 10 measurable requirements could not be verified (100% unknown); lifecycle/availability unknown (not enriched),6,humidity_resistance|lot_traceability|qualification|solderability_per_j_std_002|thermal_shock_cycles|vibration_grms,digikey,,0,,unknown,TE Connectivity AMP Connectors,2266-206070-8-ND,MIL-DTL-83723,false,unknown,,,9
5935-01-223-2835__206138-8,5935-01-223-2835,206138-8,unscored,4,0,0,0,10,false,,,,,,No scoreable composite attributes (weight coverage 0%); insufficient data to score. Meets 0 of 10 measurable requirements; 10 unknown. 6 qualification clauses under MIL-DTL-83723 require testing to verify. 10 of 10 measurable requirements could not be verified (100% unknown); lifecycle/availability unknown (not enriched),6,humidity_resistance|lot_traceability|qualification|solderability_per_j_std_002|thermal_shock_cycles|vibration_grms,digikey,,0,,unknown,TE Connectivity AMP Connectors,A32517-ND,MIL-DTL-83723,false,unknown,,,10
5935-01-223-2835__206358-5,5935-01-223-2835,206358-5,unscored,4,0,0,0,10,false,,,,,,No scoreable composite attributes (weight coverage 0%); insufficient data to score. Meets 0 of 10 measurable requirements; 10 unknown. 6 qualification clauses under MIL-DTL-83723 require testing to verify. 10 of 10 measurable requirements could not be verified (100% unknown); lifecycle/availability unknown (not enriched),6,humidity_resistance|lot_traceability|qualification|solderability_per_j_std_002|thermal_shock_cycles|vibration_grms,digikey,,0,,unknown,TE Connectivity AMP Connectors,A32518-ND,MIL-DTL-83723,false,unknown,,,11
5935-01-223-2835__206966-7,5935-01-223-2835,206966-7,unscored,4,0,0,0,10,false,,,,,,No scoreable composite attributes (weight coverage 0%); insufficient data to score. Meets 0 of 10 measurable requirements; 10 unknown. 6 qualification clauses under MIL-DTL-83723 require testing to verify. 10 of 10 measurable requirements could not be verified (100% unknown); lifecycle/availability unknown (not enriched),6,humidity_resistance|lot_traceability|qualification|solderability_per_j_std_002|thermal_shock_cycles|vibration_grms,digikey,,0,,unknown,TE Connectivity AMP Connectors,A32519-ND,MIL-DTL-83723,false,unknown,,,12
5935-01-223-2835__206966-9,5935-01-223-2835,206966-9,unscored,4,0,0,0,10,false,,,,,,No scoreable composite attributes (weight coverage 0%); insufficient data to score. Meets 0 of 10 measurable requirements; 10 unknown. 6 qualification clauses under MIL-DTL-83723 require testing to verify. 10 of 10 measurable requirements could not be verified (100% unknown); lifecycle/availability unknown (not enriched),6,humidity_resistance|lot_traceability|qualification|solderability_per_j_std_002|thermal_shock_cycles|vibration_grms,digikey,,0,,unknown,TE Connectivity AMP Connectors,A106559-ND,MIL-DTL-83723,false,unknown,,,13
5935-01-223-2835__97-3057-1004,5935-01-223-2835,97-3057-1004,unscored,4,0,0,0,10,false,,,,,,No scoreable composite attributes (weight coverage 0%); insufficient data to score. Meets 0 of 10 measurable requirements; 10 unknown. 6 qualification clauses under MIL-DTL-83723 require testing to verify. 10 of 10 measurable requirements could not be verified (100% unknown); lifecycle/availability unknown (not enriched),6,humidity_resistance|lot_traceability|qualification|solderability_per_j_std_002|thermal_shock_cycles|vibration_grms,digikey,,0,,unknown,Amphenol Industrial Operations,339-97-3057-1004-ND,MIL-DTL-83723,false,unknown,,,14
5935-01-223-2835__97-3057-1004-1,5935-01-223-2835,97-3057-1004-1,unscored,4,0,0,0,10,false,,,,,,No scoreable composite attributes (weight coverage 0%); insufficient data to score. Meets 0 of 10 measurable requirements; 10 unknown. 6 qualification clauses under MIL-DTL-83723 require testing to verify. 10 of 10 measurable requirements could not be verified (100% unknown); lifecycle/availability unknown (not enriched),6,humidity_resistance|lot_traceability|qualification|solderability_per_j_std_002|thermal_shock_cycles|vibration_grms,digikey,,0,,unknown,Amphenol Industrial Operations,339-97-3057-1004-1-ND,MIL-DTL-83723,false,unknown,,,15
5935-01-223-2835__97-3057-1007,5935-01-223-2835,97-3057-1007,unscored,4,0,0,0,10,false,,,,,,No scoreable composite attributes (weight coverage 0%); insufficient data to score. Meets 0 of 10 measurable requirements; 10 unknown. 6 qualification clauses under MIL-DTL-83723 require testing to verify. 10 of 10 measurable requirements could not be verified (100% unknown); lifecycle/availability unknown (not enriched),6,humidity_resistance|lot_traceability|qualification|solderability_per_j_std_002|thermal_shock_cycles|vibration_grms,digikey,,0,,unknown,Amphenol Industrial Operations,339-97-3057-1007-ND,MIL-DTL-83723,false,unknown,,,16
5935-01-223-2835__97-3057-1007(621),5935-01-223-2835,97-3057-1007(621),unscored,4,0,0,0,10,false,,,,,,No scoreable composite attributes (weight coverage 0%); insufficient data to score. Meets 0 of 10 measurable requirements; 10 unknown. 6 qualification clauses under MIL-DTL-83723 require testing to verify. 10 of 10 measurable requirements could not be verified (100% unknown); lifecycle/availability unknown (not enriched),6,humidity_resistance|lot_traceability|qualification|solderability_per_j_std_002|thermal_shock_cycles|vibration_grms,digikey,,0,,unknown,Amphenol Industrial Operations,339-97-3057-1007(621)-ND,MIL-DTL-83723,false,unknown,,,17
5935-01-223-2835__97-3057-1007-1,5935-01-223-2835,97-3057-1007-1,unscored,4,0,0,0,10,false,,,,,,No scoreable composite attributes (weight coverage 0%); insufficient data to score. Meets 0 of 10 measurable requirements; 10 unknown. 6 qualification clauses under MIL-DTL-83723 require testing to verify. 10 of 10 measurable requirements could not be verified (100% unknown); lifecycle/availability unknown (not enriched),6,humidity_resistance|lot_traceability|qualification|solderability_per_j_std_002|thermal_shock_cycles|vibration_grms,digikey,,0,,unknown,Amphenol Industrial Operations,339-97-3057-1007-1-ND,MIL-DTL-83723,false,unknown,,,18
5935-01-223-2835__97-3057-1007-1(621),5935-01-223-2835,97-3057-1007-1(621),unscored,4,0,0,0,10,false,,,,,,No scoreable composite attributes (weight coverage 0%); insufficient data to score. Meets 0 of 10 measurable requirements; 10 unknown. 6 qualification clauses under MIL-DTL-83723 require testing to verify. 10 of 10 measurable requirements could not be verified (100% unknown); lifecycle/availability unknown (not enriched),6,humidity_resistance|lot_traceability|qualification|solderability_per_j_std_002|thermal_shock_cycles|vibration_grms,digikey,,0,,unknown,Amphenol Industrial Operations,339-97-3057-1007-1(621)-ND,MIL-DTL-83723,false,unknown,,,19
5935-01-223-2835__97-3057-1008,5935-01-223-2835,97-3057-1008,unscored,4,0,0,0,10,false,,,,,,No scoreable composite attributes (weight coverage 0%); insufficient data to score. Meets 0 of 10 measurable requirements; 10 unknown. 6 qualification clauses under MIL-DTL-83723 require testing to verify. 10 of 10 measurable requirements could not be verified (100% unknown); lifecycle/availability unknown (not enriched),6,humidity_resistance|lot_traceability|qualification|solderability_per_j_std_002|thermal_shock_cycles|vibration_grms,digikey,,0,,unknown,Amphenol Industrial Operations,97-3057-1008-ND,MIL-DTL-83723,false,unknown,,,20
5935-01-223-2835__97-3057-1008-1,5935-01-223-2835,97-3057-1008-1,unscored,4,0,0,0,10,false,,,,,,No scoreable composite attributes (weight coverage 0%); insufficient data to score. Meets 0 of 10 measurable requirements; 10 unknown. 6 qualification clauses under MIL-DTL-83723 require testing to verify. 10 of 10 measurable requirements could not be verified (100% unknown); lifecycle/availability unknown (not enriched),6,humidity_resistance|lot_traceability|qualification|solderability_per_j_std_002|thermal_shock_cycles|vibration_grms,digikey,,0,,unknown,Amphenol Industrial Operations,339-97-3057-1008-1-ND,MIL-DTL-83723,false,unknown,,,21
5935-01-223-2835__97-3057-1010-1,5935-01-223-2835,97-3057-1010-1,unscored,4,0,0,0,10,false,,,,,,No scoreable composite attributes (weight coverage 0%); insufficient data to score. Meets 0 of 10 measurable requirements; 10 unknown. 6 qualification clauses under MIL-DTL-83723 require testing to verify. 10 of 10 measurable requirements could not be verified (100% unknown); lifecycle/availability unknown (not enriched),6,humidity_resistance|lot_traceability|qualification|solderability_per_j_std_002|thermal_shock_cycles|vibration_grms,digikey,,0,,unknown,Amphenol Industrial Operations,339-97-3057-1010-1-ND,MIL-DTL-83723,false,unknown,,,22
5935-01-223-2835__97-3057-1012,5935-01-223-2835,97-3057-1012,unscored,4,0,0,0,10,false,,,,,,No scoreable composite attributes (weight coverage 0%); insufficient data to score. Meets 0 of 10 measurable requirements; 10 unknown. 6 qualification clauses under MIL-DTL-83723 require testing to verify. 10 of 10 measurable requirements could not be verified (100% unknown); lifecycle/availability unknown (not enriched),6,humidity_resistance|lot_traceability|qualification|solderability_per_j_std_002|thermal_shock_cycles|vibration_grms,digikey,,0,,unknown,Amphenol Industrial Operations,339-97-3057-1012-ND,MIL-DTL-83723,false,unknown,,,23
5935-01-223-2835__97-3057-1012-1,5935-01-223-2835,97-3057-1012-1,unscored,4,0,0,0,10,false,,,,,,No scoreable composite attributes (weight coverage 0%); insufficient data to score. Meets 0 of 10 measurable requirements; 10 unknown. 6 qualification clauses under MIL-DTL-83723 require testing to verify. 10 of 10 measurable requirements could not be verified (100% unknown); lifecycle/availability unknown (not enriched),6,humidity_resistance|lot_traceability|qualification|solderability_per_j_std_002|thermal_shock_cycles|vibration_grms,digikey,,0,,unknown,Amphenol Industrial Operations,97-3057-1012-1-ND,MIL-DTL-83723,false,unknown,,,24
5935-01-223-2835__97-3057-1016,5935-01-223-2835,97-3057-1016,unscored,4,0,0,0,10,false,,,,,,No scoreable composite attributes (weight coverage 0%); insufficient data to score. Meets 0 of 10 measurable requirements; 10 unknown. 6 qualification clauses under MIL-DTL-83723 require testing to verify. 10 of 10 measurable requirements could not be verified (100% unknown); lifecycle/availability unknown (not enriched),6,humidity_resistance|lot_traceability|qualification|solderability_per_j_std_002|thermal_shock_cycles|vibration_grms,digikey,,0,,unknown,Amphenol Industrial Operations,339-97-3057-1016-ND,MIL-DTL-83723,false,unknown,,,25
5935-01-249-9088__D38999/40WB2PC,5935-01-249-9088,D38999/40WB2PC,low,1,5,1,0,4,false,,,909.331,1000,,Composite 1.3 (coverage 55%). Meets 5 of 10 measurable requirements; fails shell_material; 4 unknown. 6 qualification clauses under MIL-DTL-38999 require testing to verify. lifecycle status unknown; 2 distributors,6,dpa_sample_required|humidity_resistance|lot_traceability|qualification|thermal_shock_cycles|vibration_grms,digikey,1.27273,55,,unknown,Milnec,5958-D38999/40WB2PC-ND,MIL-DTL-38999,true,unknown,2,,1
5935-01-249-9088__D38999/25HC8CB,5935-01-249-9088,D38999/25HC8CB,low,1,5,0,1,4,false,,,,,,Composite 12.4 (coverage 17%). Meets 5 of 10 measurable requirements; 4 unknown; 1 marginal. 6 qualification clauses under MIL-DTL-38999 require testing to verify. 4 of 10 measurable requirements could not be verified (40% unknown); lifecycle/availability unknown (not enriched),6,dpa_sample_required|humidity_resistance|lot_traceability|qualification|thermal_shock_cycles|vibration_grms,digikey,12.3529,17,,unknown,Milnec,5958-D38999/25HC8CB-ND,MIL-DTL-38999,false,unknown,,,2
5935-01-249-9088__D38999/25NC35SC,5935-01-249-9088,D38999/25NC35SC,low,1,5,0,1,4,false,,,,,,Composite 12.4 (coverage 17%). Meets 5 of 10 measurable requirements; 4 unknown; 1 marginal. 6 qualification clauses under MIL-DTL-38999 require testing to verify. 4 of 10 measurable requirements could not be verified (40% unknown); lifecycle/availability unknown (not enriched),6,dpa_sample_required|humidity_resistance|lot_traceability|qualification|thermal_shock_cycles|vibration_grms,digikey,12.3529,17,,unknown,Milnec,5958-D38999/25NC35SC-ND,MIL-DTL-38999,false,unknown,,,3
5935-01-249-9088__D38999/25NC35SD,5935-01-249-9088,D38999/25NC35SD,low,1,5,0,1,4,false,,,,,,Composite 12.4 (coverage 17%). Meets 5 of 10 measurable requirements; 4 unknown; 1 marginal. 6 qualification clauses under MIL-DTL-38999 require testing to verify. 4 of 10 measurable requirements could not be verified (40% unknown); lifecycle/availability unknown (not enriched),6,dpa_sample_required|humidity_resistance|lot_traceability|qualification|thermal_shock_cycles|vibration_grms,digikey,12.3529,17,,unknown,Milnec,5958-D38999/25NC35SD-ND,MIL-DTL-38999,false,unknown,,,4
5935-01-249-9088__D38999/25NC35SE,5935-01-249-9088,D38999/25NC35SE,low,1,5,0,1,4,false,,,,,,Composite 12.4 (coverage 17%). Meets 5 of 10 measurable requirements; 4 unknown; 1 marginal. 6 qualification clauses under MIL-DTL-38999 require testing to verify. 4 of 10 measurable requirements could not be verified (40% unknown); lifecycle/availability unknown (not enriched),6,dpa_sample_required|humidity_resistance|lot_traceability|qualification|thermal_shock_cycles|vibration_grms,digikey,12.3529,17,,unknown,Milnec,5958-D38999/25NC35SE-ND,MIL-DTL-38999,false,unknown,,,5
5935-01-249-9088__D38999/25NC35SN,5935-01-249-9088,D38999/25NC35SN,low,1,5,0,1,4,false,,,,,,Composite 12.4 (coverage 17%). Meets 5 of 10 measurable requirements; 4 unknown; 1 marginal. 6 qualification clauses under MIL-DTL-38999 require testing to verify. 4 of 10 measurable requirements could not be verified (40% unknown); lifecycle/availability unknown (not enriched),6,dpa_sample_required|humidity_resistance|lot_traceability|qualification|thermal_shock_cycles|vibration_grms,digikey,12.3529,17,,unknown,Milnec,5958-D38999/25NC35SN-ND,MIL-DTL-38999,false,unknown,,,6
5935-01-249-9088__D38999/26FC8HA,5935-01-249-9088,D38999/26FC8HA,low,1,5,0,1,4,false,,,,,,Composite 12.4 (coverage 17%). Meets 5 of 10 measurable requirements; 4 unknown; 1 marginal. 6 qualification clauses under MIL-DTL-38999 require testing to verify. 4 of 10 measurable requirements could not be verified (40% unknown); lifecycle/availability unknown (not enriched),6,dpa_sample_required|humidity_resistance|lot_traceability|qualification|thermal_shock_cycles|vibration_grms,digikey,12.3529,17,,unknown,Milnec,5958-D38999/26FC8HA-ND,MIL-DTL-38999,false,unknown,,,7
5935-01-249-9088__D38999/40GC8HM,5935-01-249-9088,D38999/40GC8HM,low,1,5,0,1,4,false,,,,,,Composite 12.4 (coverage 17%). Meets 5 of 10 measurable requirements; 4 unknown; 1 marginal. 6 qualification clauses under MIL-DTL-38999 require testing to verify. 4 of 10 measurable requirements could not be verified (40% unknown); lifecycle/availability unknown (not enriched),6,dpa_sample_required|humidity_resistance|lot_traceability|qualification|thermal_shock_cycles|vibration_grms,digikey,12.3529,17,,unknown,Milnec,5958-D38999/40GC8HM-ND,MIL-DTL-38999,false,unknown,,,8
5935-01-249-9088__D38999/40GC8HN,5935-01-249-9088,D38999/40GC8HN,low,1,5,0,1,4,false,,,,,,Composite 12.4 (coverage 17%). Meets 5 of 10 measurable requirements; 4 unknown; 1 marginal. 6 qualification clauses under MIL-DTL-38999 require testing to verify. 4 of 10 measurable requirements could not be verified (40% unknown); lifecycle/availability unknown (not enriched),6,dpa_sample_required|humidity_resistance|lot_traceability|qualification|thermal_shock_cycles|vibration_grms,digikey,12.3529,17,,unknown,Milnec,5958-D38999/40GC8HN-ND,MIL-DTL-38999,false,unknown,,,9
5935-01-249-9088__D38999/40GC8HR,5935-01-249-9088,D38999/40GC8HR,low,1,5,0,1,4,false,,,,,,Composite 12.4 (coverage 17%). Meets 5 of 10 measurable requirements; 4 unknown; 1 marginal. 6 qualification clauses under MIL-DTL-38999 require testing to verify. 4 of 10 measurable requirements could not be verified (40% unknown); lifecycle/availability unknown (not enriched),6,dpa_sample_required|humidity_resistance|lot_traceability|qualification|thermal_shock_cycles|vibration_grms,digikey,12.3529,17,,unknown,Milnec,5958-D38999/40GC8HR-ND,MIL-DTL-38999,false,unknown,,,10
5935-01-249-9088__D38999/40GC8JA,5935-01-249-9088,D38999/40GC8JA,low,1,5,0,1,4,false,,,,,,Composite 12.4 (coverage 17%). Meets 5 of 10 measurable requirements; 4 unknown; 1 marginal. 6 qualification clauses under MIL-DTL-38999 require testing to verify. 4 of 10 measurable requirements could not be verified (40% unknown); lifecycle/availability unknown (not enriched),6,dpa_sample_required|humidity_resistance|lot_traceability|qualification|thermal_shock_cycles|vibration_grms,digikey,12.3529,17,,unknown,Milnec,5958-D38999/40GC8JA-ND,MIL-DTL-38999,false,unknown,,,11
5935-01-249-9088__D38999/40GC8JB,5935-01-249-9088,D38999/40GC8JB,low,1,5,0,1,4,false,,,,,,Composite 12.4 (coverage 17%). Meets 5 of 10 measurable requirements; 4 unknown; 1 marginal. 6 qualification clauses under MIL-DTL-38999 require testing to verify. 4 of 10 measurable requirements could not be verified (40% unknown); lifecycle/availability unknown (not enriched),6,dpa_sample_required|humidity_resistance|lot_traceability|qualification|thermal_shock_cycles|vibration_grms,digikey,12.3529,17,,unknown,Milnec,5958-D38999/40GC8JB-ND,MIL-DTL-38999,false,unknown,,,12
5935-01-249-9088__D38999/40GC8JC,5935-01-249-9088,D38999/40GC8JC,low,1,5,0,1,4,false,,,,,,Composite 12.4 (coverage 17%). Meets 5 of 10 measurable requirements; 4 unknown; 1 marginal. 6 qualification clauses under MIL-DTL-38999 require testing to verify. 4 of 10 measurable requirements could not be verified (40% unknown); lifecycle/availability unknown (not enriched),6,dpa_sample_required|humidity_resistance|lot_traceability|qualification|thermal_shock_cycles|vibration_grms,digikey,12.3529,17,,unknown,Milnec,5958-D38999/40GC8JC-ND,MIL-DTL-38999,false,unknown,,,13
5935-01-249-9088__D38999/40WF35PC,5935-01-249-9088,D38999/40WF35PC,low,1,5,0,1,4,false,,,,,,Composite 12.4 (coverage 17%). Meets 5 of 10 measurable requirements; 4 unknown; 1 marginal. 6 qualification clauses under MIL-DTL-38999 require testing to verify. 4 of 10 measurable requirements could not be verified (40% unknown); lifecycle/availability unknown (not enriched),6,dpa_sample_required|humidity_resistance|lot_traceability|qualification|thermal_shock_cycles|vibration_grms,digikey,12.3529,17,,unknown,Milnec,5958-D38999/40WF35PC-ND,MIL-DTL-38999,false,unknown,,,14
5935-01-249-9088__D38999/40WF35PD,5935-01-249-9088,D38999/40WF35PD,low,1,5,0,1,4,false,,,,,,Composite 12.4 (coverage 17%). Meets 5 of 10 measurable requirements; 4 unknown; 1 marginal. 6 qualification clauses under MIL-DTL-38999 require testing to verify. 4 of 10 measurable requirements could not be verified (40% unknown); lifecycle/availability unknown (not enriched),6,dpa_sample_required|humidity_resistance|lot_traceability|qualification|thermal_shock_cycles|vibration_grms,digikey,12.3529,17,,unknown,Milnec,5958-D38999/40WF35PD-ND,MIL-DTL-38999,false,unknown,,,15
5935-01-249-9088__D38999/40WF35PK,5935-01-249-9088,D38999/40WF35PK,low,1,5,0,1,4,false,,,,,,Composite 12.4 (coverage 17%). Meets 5 of 10 measurable requirements; 4 unknown; 1 marginal. 6 qualification clauses under MIL-DTL-38999 require testing to verify. 4 of 10 measurable requirements could not be verified (40% unknown); lifecycle/availability unknown (not enriched),6,dpa_sample_required|humidity_resistance|lot_traceability|qualification|thermal_shock_cycles|vibration_grms,digikey,12.3529,17,,unknown,Milnec,5958-D38999/40WF35PK-ND,MIL-DTL-38999,false,unknown,,,16
5935-01-249-9088__D38999/40WF35PL,5935-01-249-9088,D38999/40WF35PL,low,1,5,0,1,4,false,,,,,,Composite 12.4 (coverage 17%). Meets 5 of 10 measurable requirements; 4 unknown; 1 marginal. 6 qualification clauses under MIL-DTL-38999 require testing to verify. 4 of 10 measurable requirements could not be verified (40% unknown); lifecycle/availability unknown (not enriched),6,dpa_sample_required|humidity_resistance|lot_traceability|qualification|thermal_shock_cycles|vibration_grms,digikey,12.3529,17,,unknown,Milnec,5958-D38999/40WF35PL-ND,MIL-DTL-38999,false,unknown,,,17
5935-01-249-9088__D38999/40WF35PM,5935-01-249-9088,D38999/40WF35PM,low,1,5,0,1,4,false,,,,,,Composite 12.4 (coverage 17%). Meets 5 of 10 measurable requirements; 4 unknown; 1 marginal. 6 qualification clauses under MIL-DTL-38999 require testing to verify. 4 of 10 measurable requirements could not be verified (40% unknown); lifecycle/availability unknown (not enriched),6,dpa_sample_required|humidity_resistance|lot_traceability|qualification|thermal_shock_cycles|vibration_grms,digikey,12.3529,17,,unknown,Milnec,5958-D38999/40WF35PM-ND,MIL-DTL-38999,false,unknown,,,18
5935-01-249-9088__D38999/42FG11JK,5935-01-249-9088,D38999/42FG11JK,low,1,5,0,1,4,false,,,,,,Composite 12.4 (coverage 17%). Meets 5 of 10 measurable requirements; 4 unknown; 1 marginal. 6 qualification clauses under MIL-DTL-38999 require testing to verify. 4 of 10 measurable requirements could not be verified (40% unknown); lifecycle/availability unknown (not enriched),6,dpa_sample_required|humidity_resistance|lot_traceability|qualification|thermal_shock_cycles|vibration_grms,digikey,12.3529,17,,unknown,Milnec,5958-D38999/42FG11JK-ND,MIL-DTL-38999,false,unknown,,,19
5935-01-249-9088__D38999/42FG11JL,5935-01-249-9088,D38999/42FG11JL,low,1,5,0,1,4,false,,,,,,Composite 12.4 (coverage 17%). Meets 5 of 10 measurable requirements; 4 unknown; 1 marginal. 6 qualification clauses under MIL-DTL-38999 require testing to verify. 4 of 10 measurable requirements could not be verified (40% unknown); lifecycle/availability unknown (not enriched),6,dpa_sample_required|humidity_resistance|lot_traceability|qualification|thermal_shock_cycles|vibration_grms,digikey,12.3529,17,,unknown,Milnec,5958-D38999/42FG11JL-ND,MIL-DTL-38999,false,unknown,,,20
5935-01-249-9088__D38999/42FG11JM,5935-01-249-9088,D38999/42FG11JM,low,1,5,0,1,4,false,,,,,,Composite 12.4 (coverage 17%). Meets 5 of 10 measurable requirements; 4 unknown; 1 marginal. 6 qualification clauses under MIL-DTL-38999 require testing to verify. 4 of 10 measurable requirements could not be verified (40% unknown); lifecycle/availability unknown (not enriched),6,dpa_sample_required|humidity_resistance|lot_traceability|qualification|thermal_shock_cycles|vibration_grms,digikey,12.3529,17,,unknown,Milnec,5958-D38999/42FG11JM-ND,MIL-DTL-38999,false,unknown,,,21
5935-01-249-9088__D38999/42FG11JN,5935-01-249-9088,D38999/42FG11JN,low,1,5,0,1,4,false,,,,,,Composite 12.4 (coverage 17%). Meets 5 of 10 measurable requirements; 4 unknown; 1 marginal. 6 qualification clauses under MIL-DTL-38999 require testing to verify. 4 of 10 measurable requirements could not be verified (40% unknown); lifecycle/availability unknown (not enriched),6,dpa_sample_required|humidity_resistance|lot_traceability|qualification|thermal_shock_cycles|vibration_grms,digikey,12.3529,17,,unknown,Milnec,5958-D38999/42FG11JN-ND,MIL-DTL-38999,false,unknown,,,22
5935-01-249-9088__D38999/42FG11JR,5935-01-249-9088,D38999/42FG11JR,low,1,5,0,1,4,false,,,,,,Composite 12.4 (coverage 17%). Meets 5 of 10 measurable requirements; 4 unknown; 1 marginal. 6 qualification clauses under MIL-DTL-38999 require testing to verify. 4 of 10 measurable requirements could not be verified (40% unknown); lifecycle/availability unknown (not enriched),6,dpa_sample_required|humidity_resistance|lot_traceability|qualification|thermal_shock_cycles|vibration_grms,digikey,12.3529,17,,unknown,Milnec,5958-D38999/42FG11JR-ND,MIL-DTL-38999,false,unknown,,,23
5935-01-249-9088__D38999/26GC4JC,5935-01-249-9088,D38999/26GC4JC,medium,2,5,0,0,5,false,,,1045.72,1000,,Composite 15.4 (coverage 48%). Meets 5 of 10 measurable requirements; 5 unknown. 6 qualification clauses under MIL-DTL-38999 require testing to verify. 5 of 10 measurable requirements could not be verified (50% unknown); lifecycle status unknown; single-sourced (1 distributor),6,dpa_sample_required|humidity_resistance|lot_traceability|qualification|thermal_shock_cycles|vibration_grms,digikey,15.3935,48,,unknown,Milnec,5958-D38999/26GC4JC-ND,MIL-DTL-38999,true,unknown,1,,24
5935-01-249-9088__D38999/26GC4JD,5935-01-249-9088,D38999/26GC4JD,medium,2,5,0,0,5,false,,,1045.72,1000,,Composite 15.4 (coverage 48%). Meets 5 of 10 measurable requirements; 5 unknown. 6 qualification clauses under MIL-DTL-38999 require testing to verify. 5 of 10 measurable requirements could not be verified (50% unknown); lifecycle status unknown; single-sourced (1 distributor),6,dpa_sample_required|humidity_resistance|lot_traceability|qualification|thermal_shock_cycles|vibration_grms,digikey,15.3935,48,,unknown,Milnec,5958-D38999/26GC4JD-ND,MIL-DTL-38999,true,unknown,1,,25
5935-01-296-3505__D38999/26JE26PN,5935-01-296-3505,D38999/26JE26PN,low,1,5,1,0,4,false,,,,,,Composite 4.1 (coverage 17%). Meets 5 of 10 measurable requirements; fails shell_material; 4 unknown. 5 qualification clauses under MIL-DTL-5015 require testing to verify. lifecycle/availability unknown (not enriched),5,humidity_resistance|lot_traceability|qualification|thermal_shock_cycles|vibration_grms,digikey,4.11765,17,,unknown,Amphenol Aerospace Operations,1178-D38999/26JE26PN-ND,MIL-DTL-5015,false,unknown,,,1
5935-01-296-3505__D38999/26JE26SA,5935-01-296-3505,D38999/26JE26SA,low,1,5,1,0,4,false,,,,,,Composite 4.1 (coverage 17%). Meets 5 of 10 measurable requirements; fails shell_material; 4 unknown. 5 qualification clauses under MIL-DTL-5015 require testing to verify. lifecycle/availability unknown (not enriched),5,humidity_resistance|lot_traceability|qualification|thermal_shock_cycles|vibration_grms,digikey,4.11765,17,,unknown,Amphenol Aerospace Operations,3937-D38999/26JE26SA-ND,MIL-DTL-5015,false,unknown,,,2
5935-01-296-3505__D38999/26FE26PN,5935-01-296-3505,D38999/26FE26PN,low,1,5,1,0,4,false,,,53.423,1000,,Composite 6.6 (coverage 55%). Meets 5 of 10 measurable requirements; fails shell_material; 4 unknown. 5 qualification clauses under MIL-DTL-5015 require testing to verify. lifecycle status unknown; 11 distributors,5,humidity_resistance|lot_traceability|qualification|thermal_shock_cycles|vibration_grms,digikey,6.64646,55,,unknown,Amphenol Aerospace Operations,2403-D38999/26FE26PN-1178-ND,MIL-DTL-5015,true,unknown,11,,3
5935-01-296-3505__D38999/20KE26PN,5935-01-296-3505,D38999/20KE26PN,low,1,6,0,0,4,false,,,,,,Composite 8.2 (coverage 17%). Meets 6 of 10 measurable requirements; 4 unknown. 5 qualification clauses under MIL-DTL-5015 require testing to verify. 4 of 10 measurable requirements could not be verified (40% unknown); lifecycle/availability unknown (not enriched),5,humidity_resistance|lot_traceability|qualification|thermal_shock_cycles|vibration_grms,digikey,8.23529,17,,unknown,Amphenol Aerospace Operations,1178-D38999/20KE26PN-ND,MIL-DTL-5015,false,unknown,,,4
5935-01-296-3505__D38999/20FE26HB,5935-01-296-3505,D38999/20FE26HB,low,1,5,1,0,4,false,,,,,,Composite 12.4 (coverage 17%). Meets 5 of 10 measurable requirements; fails shell_material; 4 unknown. 5 qualification clauses under MIL-DTL-5015 require testing to verify. lifecycle/availability unknown (not enriched),5,humidity_resistance|lot_traceability|qualification|thermal_shock_cycles|vibration_grms,digikey,12.3529,17,,unknown,Amphenol Aerospace Operations,AAD38999/20FE26HB-ND,MIL-DTL-5015,false,unknown,,,5
5935-01-296-3505__D38999/20FE26HN,5935-01-296-3505,D38999/20FE26HN,low,1,5,1,0,4,false,,,,,,Composite 12.4 (coverage 17%). Meets 5 of 10 measurable requirements; fails shell_material; 4 unknown. 5 qualification clauses under MIL-DTL-5015 require testing to verify. lifecycle/availability unknown (not enriched),5,humidity_resistance|lot_traceability|qualification|thermal_shock_cycles|vibration_grms,digikey,12.3529,17,,unknown,Amphenol Aerospace Operations,AAD38999/20FE26HN-ND,MIL-DTL-5015,false,unknown,,,6
5935-01-296-3505__D38999/20FE26PB,5935-01-296-3505,D38999/20FE26PB,low,1,5,1,0,4,false,,,,,,Composite 12.4 (coverage 17%). Meets 5 of 10 measurable requirements; fails shell_material; 4 unknown. 5 qualification clauses under MIL-DTL-5015 require testing to verify. lifecycle/availability unknown (not enriched),5,humidity_resistance|lot_traceability|qualification|thermal_shock_cycles|vibration_grms,digikey,12.3529,17,,unknown,Conesys,2403-D38999/20FE26PB-ND,MIL-DTL-5015,false,unknown,,,7
5935-01-296-3505__D38999/20FE26SA,5935-01-296-3505,D38999/20FE26SA,low,1,5,1,0,4,false,,,,,,Composite 12.4 (coverage 17%). Meets 5 of 10 measurable requirements; fails shell_material; 4 unknown. 5 qualification clauses under MIL-DTL-5015 require testing to verify. lifecycle/availability unknown (not enriched),5,humidity_resistance|lot_traceability|qualification|thermal_shock_cycles|vibration_grms,digikey,12.3529,17,,unknown,Conesys,2403-D38999/20FE26SA-ND,MIL-DTL-5015,false,unknown,,,8
5935-01-296-3505__D38999/20FE26SN,5935-01-296-3505,D38999/20FE26SN,low,1,5,1,0,4,false,,,,,,Composite 12.4 (coverage 17%). Meets 5 of 10 measurable requirements; fails shell_material; 4 unknown. 5 qualification clauses under MIL-DTL-5015 require testing to verify. lifecycle/availability unknown (not enriched),5,humidity_resistance|lot_traceability|qualification|thermal_shock_cycles|vibration_grms,digikey,12.3529,17,,unknown,Amphenol Aerospace Operations,2403-D38999/20FE26SN-1178-ND,MIL-DTL-5015,false,unknown,,,9
5935-01-296-3505__D38999/20WE26PN,5935-01-296-3505,D38999/20WE26PN,low,1,5,1,0,4,false,,,,,,Composite 12.4 (coverage 17%). Meets 5 of 10 measurable requirements; fails shell_material; 4 unknown. 5 qualification clauses under MIL-DTL-5015 require testing to verify. lifecycle/availability unknown (not enriched),5,humidity_resistance|lot_traceability|qualification|thermal_shock_cycles|vibration_grms,digikey,12.3529,17,,unknown,Amphenol Aerospace Operations,D38999/20WE26PN-ND,MIL-DTL-5015,false,unknown,,,10
5935-01-296-3505__D38999/20WE26SN,5935-01-296-3505,D38999/20WE26SN,low,1,5,1,0,4,false,,,,,,Composite 12.4 (coverage 17%). Meets 5 of 10 measurable requirements; fails shell_material; 4 unknown. 5 qualification clauses under MIL-DTL-5015 require testing to verify. lifecycle/availability unknown (not enriched),5,humidity_resistance|lot_traceability|qualification|thermal_shock_cycles|vibration_grms,digikey,12.3529,17,,unknown,Amphenol Aerospace Operations,AD38999/20WE26SN-ND,MIL-DTL-5015,false,unknown,,,11
5935-01-296-3505__D38999/20ZE26PN,5935-01-296-3505,D38999/20ZE26PN,low,1,5,1,0,4,false,,,,,,Composite 12.4 (coverage 17%). Meets 5 of 10 measurable requirements; fails shell_material; 4 unknown. 5 qualification clauses under MIL-DTL-5015 require testing to verify. lifecycle/availability unknown (not enriched),5,humidity_resistance|lot_traceability|qualification|thermal_shock_cycles|vibration_grms,digikey,12.3529,17,,unknown,Amphenol Aerospace Operations,AAD38999/20ZE26PN-ND,MIL-DTL-5015,false,unknown,,,12
5935-01-296-3505__D38999/20ZE26SN,5935-01-296-3505,D38999/20ZE26SN,low,1,5,1,0,4,false,,,,,,Composite 12.4 (coverage 17%). Meets 5 of 10 measurable requirements; fails shell_material; 4 unknown. 5 qualification clauses under MIL-DTL-5015 require testing to verify. lifecycle/availability unknown (not enriched),5,humidity_resistance|lot_traceability|qualification|thermal_shock_cycles|vibration_grms,digikey,12.3529,17,,unknown,Amphenol Aerospace Operations,AAD38999/20ZE26SN-ND,MIL-DTL-5015,false,unknown,,,13
5935-01-296-3505__D38999/24FE26PN,5935-01-296-3505,D38999/24FE26PN,low,1,5,1,0,4,false,,,,,,Composite 12.4 (coverage 17%). Meets 5 of 10 measurable requirements; fails shell_material; 4 unknown. 5 qualification clauses under MIL-DTL-5015 require testing to verify. lifecycle/availability unknown (not enriched),5,humidity_resistance|lot_traceability|qualification|thermal_shock_cycles|vibration_grms,digikey,12.3529,17,,unknown,Amphenol Aerospace Operations,AD38999/24FE26PN-ND,MIL-DTL-5015,false,unknown,,,14
5935-01-296-3505__D38999/24FE26SA,5935-01-296-3505,D38999/24FE26SA,low,1,5,1,0,4,false,,,,,,Composite 12.4 (coverage 17%). Meets 5 of 10 measurable requirements; fails shell_material; 4 unknown. 5 qualification clauses under MIL-DTL-5015 require testing to verify. lifecycle/availability unknown (not enriched),5,humidity_resistance|lot_traceability|qualification|thermal_shock_cycles|vibration_grms,digikey,12.3529,17,,unknown,Conesys,2403-D38999/24FE26SA-ND,MIL-DTL-5015,false,unknown,,,15
5935-01-296-3505__D38999/24FE26SB,5935-01-296-3505,D38999/24FE26SB,low,1,5,1,0,4,false,,,,,,Composite 12.4 (coverage 17%). Meets 5 of 10 measurable requirements; fails shell_material; 4 unknown. 5 qualification clauses under MIL-DTL-5015 require testing to verify. lifecycle/availability unknown (not enriched),5,humidity_resistance|lot_traceability|qualification|thermal_shock_cycles|vibration_grms,digikey,12.3529,17,,unknown,Conesys,2403-D38999/24FE26SB-ND,MIL-DTL-5015,false,unknown,,,16
5935-01-296-3505__D38999/24FE26SN,5935-01-296-3505,D38999/24FE26SN,low,1,5,1,0,4,false,,,,,,Composite 12.4 (coverage 17%). Meets 5 of 10 measurable requirements; fails shell_material; 4 unknown. 5 qualification clauses under MIL-DTL-5015 require testing to verify. lifecycle/availability unknown (not enriched),5,humidity_resistance|lot_traceability|qualification|thermal_shock_cycles|vibration_grms,digikey,12.3529,17,,unknown,Conesys,2403-D38999/24FE26SN-ND,MIL-DTL-5015,false,unknown,,,17
5935-01-296-3505__D38999/24WE26PN,5935-01-296-3505,D38999/24WE26PN,low,1,5,1,0,4,false,,,,,,Composite 12.4 (coverage 17%). Meets 5 of 10 measurable requirements; fails shell_material; 4 unknown. 5 qualification clauses under MIL-DTL-5015 require testing to verify. lifecycle/availability unknown (not enriched),5,humidity_resistance|lot_traceability|qualification|thermal_shock_cycles|vibration_grms,digikey,12.3529,17,,unknown,Amphenol Aerospace Operations,1178-D38999/24WE26PN-ND,MIL-DTL-5015,false,unknown,,,18
5935-01-296-3505__D38999/24WE26SN,5935-01-296-3505,D38999/24WE26SN,low,1,5,1,0,4,false,,,,,,Composite 12.4 (coverage 17%). Meets 5 of 10 measurable requirements; fails shell_material; 4 unknown. 5 qualification clauses under MIL-DTL-5015 require testing to verify. lifecycle/availability unknown (not enriched),5,humidity_resistance|lot_traceability|qualification|thermal_shock_cycles|vibration_grms,digikey,12.3529,17,,unknown,Amphenol Aerospace Operations,1178-D38999/24WE26SN-ND,MIL-DTL-5015,false,unknown,,,19
5935-01-296-3505__D38999/26FE26HB,5935-01-296-3505,D38999/26FE26HB,low,1,5,1,0,4,false,,,,,,Composite 12.4 (coverage 17%). Meets 5 of 10 measurable requirements; fails shell_material; 4 unknown. 5 qualification clauses under MIL-DTL-5015 require testing to verify. lifecycle/availability unknown (not enriched),5,humidity_resistance|lot_traceability|qualification|thermal_shock_cycles|vibration_grms,digikey,12.3529,17,,unknown,Amphenol Aerospace Operations,AAD38999/26FE26HB-ND,MIL-DTL-5015,false,unknown,,,20
5935-01-296-3505__D38999/26FE26HN,5935-01-296-3505,D38999/26FE26HN,low,1,5,1,0,4,false,,,,,,Composite 12.4 (coverage 17%). Meets 5 of 10 measurable requirements; fails shell_material; 4 unknown. 5 qualification clauses under MIL-DTL-5015 require testing to verify. lifecycle/availability unknown (not enriched),5,humidity_resistance|lot_traceability|qualification|thermal_shock_cycles|vibration_grms,digikey,12.3529,17,,unknown,Amphenol Aerospace Operations,AAD38999/26FE26HN-ND,MIL-DTL-5015,false,unknown,,,21
5935-01-296-3505__D38999/26FE26SC,5935-01-296-3505,D38999/26FE26SC,low,1,5,1,0,4,false,,,,,,Composite 12.4 (coverage 17%). Meets 5 of 10 measurable requirements; fails shell_material; 4 unknown. 5 qualification clauses under MIL-DTL-5015 require testing to verify. lifecycle/availability unknown (not enriched),5,humidity_resistance|lot_traceability|qualification|thermal_shock_cycles|vibration_grms,digikey,12.3529,17,,unknown,Conesys,2403-D38999/26FE26SC-ND,MIL-DTL-5015,false,unknown,,,22
5935-01-296-3505__D38999/26FE26SN,5935-01-296-3505,D38999/26FE26SN,low,1,5,1,0,4,false,,,,,,Composite 12.4 (coverage 17%). Meets 5 of 10 measurable requirements; fails shell_material; 4 unknown. 5 qualification clauses under MIL-DTL-5015 require testing to verify. lifecycle/availability unknown (not enriched),5,humidity_resistance|lot_traceability|qualification|thermal_shock_cycles|vibration_grms,digikey,12.3529,17,,unknown,Amphenol Aerospace Operations,AD38999/26FE26SN-ND,MIL-DTL-5015,false,unknown,,,23
5935-01-296-3505__D38999/20JE26PN,5935-01-296-3505,D38999/20JE26PN,medium,2,5,1,0,4,false,,,94.2191,1000,,Composite 38.9 (coverage 55%). Meets 5 of 10 measurable requirements; fails shell_material; 4 unknown. 5 qualification clauses under MIL-DTL-5015 require testing to verify. lifecycle status unknown; 8 distributors,5,humidity_resistance|lot_traceability|qualification|thermal_shock_cycles|vibration_grms,digikey,38.8889,55,,unknown,Amphenol Aerospace Operations,1178-D38999/20JE26PN-ND,MIL-DTL-5015,true,unknown,8,,24
5935-01-296-3505__D38999/20JE26SN,5935-01-296-3505,D38999/20JE26SN,medium,2,5,1,0,4,false,,,87.0012,1000,,Composite 44.3 (coverage 55%). Meets 5 of 10 measurable requirements; fails shell_material; 4 unknown. 5 qualification clauses under MIL-DTL-5015 require testing to verify. lifecycle status unknown; 7 distributors,5,humidity_resistance|lot_traceability|qualification|thermal_shock_cycles|vibration_grms,digikey,44.2626,55,,unknown,Amphenol Aerospace Operations,3937-D38999/20JE26SN-ND,MIL-DTL-5015,true,unknown,7,,25
5935-01-446-7776__0409-201-1800,5935-01-446-7776,0409-201-1800,low,1,0,0,0,10,false,,,9.44,1000,,Composite 0.0 (coverage 38%). Meets 0 of 10 measurable requirements; 10 unknown. 6 qualification clauses under MIL-DTL-83723 require testing to verify. 10 of 10 measurable requirements could not be verified (100% unknown); lifecycle status unknown; 14 distributors,6,humidity_resistance|lot_traceability|qualification|solderability_per_j_std_002|thermal_shock_cycles|vibration_grms,digikey,0,38,,unknown,TE Connectivity Deutsch Connectors,2992-0409-201-1800-ND,MIL-DTL-83723,true,unknown,14,,1
5935-01-446-7776__0409-201-2400,5935-01-446-7776,0409-201-2400,low,1,0,0,0,10,false,,,9.18,1000,,Composite 0.0 (coverage 38%). Meets 0 of 10 measurable requirements; 10 unknown. 6 qualification clauses under MIL-DTL-83723 require testing to verify. 10 of 10 measurable requirements could not be verified (100% unknown); lifecycle status unknown; 18 distributors,6,humidity_resistance|lot_traceability|qualification|solderability_per_j_std_002|thermal_shock_cycles|vibration_grms,digikey,0,38,,unknown,TE Connectivity Deutsch Connectors,1734-1107-ND,MIL-DTL-83723,true,unknown,18,,2
5935-01-446-7776__1-206062-3,5935-01-446-7776,1-206062-3,low,1,0,0,0,10,false,,,6.30725,1000,,Composite 0.0 (coverage 38%). Meets 0 of 10 measurable requirements; 10 unknown. 6 qualification clauses under MIL-DTL-83723 require testing to verify. 10 of 10 measurable requirements could not be verified (100% unknown); lifecycle status unknown; 21 distributors,6,humidity_resistance|lot_traceability|qualification|solderability_per_j_std_002|thermal_shock_cycles|vibration_grms,digikey,0,38,,unknown,TE Connectivity AMP Connectors,A111987-ND,MIL-DTL-83723,true,unknown,21,,3
5935-01-446-7776__1-206062-4,5935-01-446-7776,1-206062-4,unscored,4,0,0,0,10,false,,,,,,No scoreable composite attributes (weight coverage 0%); insufficient data to score. Meets 0 of 10 measurable requirements; 10 unknown. 6 qualification clauses under MIL-DTL-83723 require testing to verify. 10 of 10 measurable requirements could not be verified (100% unknown); lifecycle/availability unknown (not enriched),6,humidity_resistance|lot_traceability|qualification|solderability_per_j_std_002|thermal_shock_cycles|vibration_grms,digikey,,0,,unknown,TE Connectivity AMP Connectors,A32515-ND,MIL-DTL-83723,false,unknown,,,4
5935-01-446-7776__1-206062-5,5935-01-446-7776,1-206062-5,unscored,4,0,0,0,10,false,,,,,,No scoreable composite attributes (weight coverage 0%); insufficient data to score. Meets 0 of 10 measurable requirements; 10 unknown. 6 qualification clauses under MIL-DTL-83723 require testing to verify. 10 of 10 measurable requirements could not be verified (100% unknown); lifecycle/availability unknown (not enriched),6,humidity_resistance|lot_traceability|qualification|solderability_per_j_std_002|thermal_shock_cycles|vibration_grms,digikey,,0,,unknown,TE Connectivity AMP Connectors,A104910-ND,MIL-DTL-83723,false,unknown,,,5
5935-01-446-7776__1-206062-6,5935-01-446-7776,1-206062-6,unscored,4,0,0,0,10,false,,,,,,No scoreable composite attributes (weight coverage 0%); insufficient data to score. Meets 0 of 10 measurable requirements; 10 unknown. 6 qualification clauses under MIL-DTL-83723 require testing to verify. 10 of 10 measurable requirements could not be verified (100% unknown); lifecycle/availability unknown (not enriched),6,humidity_resistance|lot_traceability|qualification|solderability_per_j_std_002|thermal_shock_cycles|vibration_grms,digikey,,0,,unknown,TE Connectivity AMP Connectors,A32514-ND,MIL-DTL-83723,false,unknown,,,6
5935-01-446-7776__1-206062-7,5935-01-446-7776,1-206062-7,unscored,4,0,0,0,10,false,,,,,,No scoreable composite attributes (weight coverage 0%); insufficient data to score. Meets 0 of 10 measurable requirements; 10 unknown. 6 qualification clauses under MIL-DTL-83723 require testing to verify. 10 of 10 measurable requirements could not be verified (100% unknown); lifecycle/availability unknown (not enriched),6,humidity_resistance|lot_traceability|qualification|solderability_per_j_std_002|thermal_shock_cycles|vibration_grms,digikey,,0,,unknown,TE Connectivity AMP Connectors,A105209-ND,MIL-DTL-83723,false,unknown,,,7
5935-01-446-7776__1-206070-1,5935-01-446-7776,1-206070-1,unscored,4,0,0,0,10,false,,,,,,No scoreable composite attributes (weight coverage 0%); insufficient data to score. Meets 0 of 10 measurable requirements; 10 unknown. 6 qualification clauses under MIL-DTL-83723 require testing to verify. 10 of 10 measurable requirements could not be verified (100% unknown); lifecycle/availability unknown (not enriched),6,humidity_resistance|lot_traceability|qualification|solderability_per_j_std_002|thermal_shock_cycles|vibration_grms,digikey,,0,,unknown,TE Connectivity AMP Connectors,A122110-ND,MIL-DTL-83723,false,unknown,,,8
5935-01-446-7776__206070-8,5935-01-446-7776,206070-8,unscored,4,0,0,0,10,false,,,,,,No scoreable composite attributes (weight coverage 0%); insufficient data to score. Meets 0 of 10 measurable requirements; 10 unknown. 6 qualification clauses under MIL-DTL-83723 require testing to verify. 10 of 10 measurable requirements could not be verified (100% unknown); lifecycle/availability unknown (not enriched),6,humidity_resistance|lot_traceability|qualification|solderability_per_j_std_002|thermal_shock_cycles|vibration_grms,digikey,,0,,unknown,TE Connectivity AMP Connectors,2266-206070-8-ND,MIL-DTL-83723,false,unknown,,,9
5935-01-446-7776__206138-8,5935-01-446-7776,206138-8,unscored,4,0,0,0,10,false,,,,,,No scoreable composite attributes (weight coverage 0%); insufficient data to score. Meets 0 of 10 measurable requirements; 10 unknown. 6 qualification clauses under MIL-DTL-83723 require testing to verify. 10 of 10 measurable requirements could not be verified (100% unknown); lifecycle/availability unknown (not enriched),6,humidity_resistance|lot_traceability|qualification|solderability_per_j_std_002|thermal_shock_cycles|vibration_grms,digikey,,0,,unknown,TE Connectivity AMP Connectors,A32517-ND,MIL-DTL-83723,false,unknown,,,10
5935-01-446-7776__206358-5,5935-01-446-7776,206358-5,unscored,4,0,0,0,10,false,,,,,,No scoreable composite attributes (weight coverage 0%); insufficient data to score. Meets 0 of 10 measurable requirements; 10 unknown. 6 qualification clauses under MIL-DTL-83723 require testing to verify. 10 of 10 measurable requirements could not be verified (100% unknown); lifecycle/availability unknown (not enriched),6,humidity_resistance|lot_traceability|qualification|solderability_per_j_std_002|thermal_shock_cycles|vibration_grms,digikey,,0,,unknown,TE Connectivity AMP Connectors,A32518-ND,MIL-DTL-83723,false,unknown,,,11
5935-01-446-7776__206966-7,5935-01-446-7776,206966-7,unscored,4,0,0,0,10,false,,,,,,No scoreable composite attributes (weight coverage 0%); insufficient data to score. Meets 0 of 10 measurable requirements; 10 unknown. 6 qualification clauses under MIL-DTL-83723 require testing to verify. 10 of 10 measurable requirements could not be verified (100% unknown); lifecycle/availability unknown (not enriched),6,humidity_resistance|lot_traceability|qualification|solderability_per_j_std_002|thermal_shock_cycles|vibration_grms,digikey,,0,,unknown,TE Connectivity AMP Connectors,A32519-ND,MIL-DTL-83723,false,unknown,,,12
5935-01-446-7776__206966-9,5935-01-446-7776,206966-9,unscored,4,0,0,0,10,false,,,,,,No scoreable composite attributes (weight coverage 0%); insufficient data to score. Meets 0 of 10 measurable requirements; 10 unknown. 6 qualification clauses under MIL-DTL-83723 require testing to verify. 10 of 10 measurable requirements could not be verified (100% unknown); lifecycle/availability unknown (not enriched),6,humidity_resistance|lot_traceability|qualification|solderability_per_j_std_002|thermal_shock_cycles|vibration_grms,digikey,,0,,unknown,TE Connectivity AMP Connectors,A106559-ND,MIL-DTL-83723,false,unknown,,,13
5935-01-446-7776__97-3057-1004,5935-01-446-7776,97-3057-1004,unscored,4,0,0,0,10,false,,,,,,No scoreable composite attributes (weight coverage 0%); insufficient data to score. Meets 0 of 10 measurable requirements; 10 unknown. 6 qualification clauses under MIL-DTL-83723 require testing to verify. 10 of 10 measurable requirements could not be verified (100% unknown); lifecycle/availability unknown (not enriched),6,humidity_resistance|lot_traceability|qualification|solderability_per_j_std_002|thermal_shock_cycles|vibration_grms,digikey,,0,,unknown,Amphenol Industrial Operations,339-97-3057-1004-ND,MIL-DTL-83723,false,unknown,,,14
5935-01-446-7776__97-3057-1004-1,5935-01-446-7776,97-3057-1004-1,unscored,4,0,0,0,10,false,,,,,,No scoreable composite attributes (weight coverage 0%); insufficient data to score. Meets 0 of 10 measurable requirements; 10 unknown. 6 qualification clauses under MIL-DTL-83723 require testing to verify. 10 of 10 measurable requirements could not be verified (100% unknown); lifecycle/availability unknown (not enriched),6,humidity_resistance|lot_traceability|qualification|solderability_per_j_std_002|thermal_shock_cycles|vibration_grms,digikey,,0,,unknown,Amphenol Industrial Operations,339-97-3057-1004-1-ND,MIL-DTL-83723,false,unknown,,,15
5935-01-446-7776__97-3057-1007,5935-01-446-7776,97-3057-1007,unscored,4,0,0,0,10,false,,,,,,No scoreable composite attributes (weight coverage 0%); insufficient data to score. Meets 0 of 10 measurable requirements; 10 unknown. 6 qualification clauses under MIL-DTL-83723 require testing to verify. 10 of 10 measurable requirements could not be verified (100% unknown); lifecycle/availability unknown (not enriched),6,humidity_resistance|lot_traceability|qualification|solderability_per_j_std_002|thermal_shock_cycles|vibration_grms,digikey,,0,,unknown,Amphenol Industrial Operations,339-97-3057-1007-ND,MIL-DTL-83723,false,unknown,,,16
5935-01-446-7776__97-3057-1007(621),5935-01-446-7776,97-3057-1007(621),unscored,4,0,0,0,10,false,,,,,,No scoreable composite attributes (weight coverage 0%); insufficient data to score. Meets 0 of 10 measurable requirements; 10 unknown. 6 qualification clauses under MIL-DTL-83723 require testing to verify. 10 of 10 measurable requirements could not be verified (100% unknown); lifecycle/availability unknown (not enriched),6,humidity_resistance|lot_traceability|qualification|solderability_per_j_std_002|thermal_shock_cycles|vibration_grms,digikey,,0,,unknown,Amphenol Industrial Operations,339-97-3057-1007(621)-ND,MIL-DTL-83723,false,unknown,,,17
5935-01-446-7776__97-3057-1007-1,5935-01-446-7776,97-3057-1007-1,unscored,4,0,0,0,10,false,,,,,,No scoreable composite attributes (weight coverage 0%); insufficient data to score. Meets 0 of 10 measurable requirements; 10 unknown. 6 qualification clauses under MIL-DTL-83723 require testing to verify. 10 of 10 measurable requirements could not be verified (100% unknown); lifecycle/availability unknown (not enriched),6,humidity_resistance|lot_traceability|qualification|solderability_per_j_std_002|thermal_shock_cycles|vibration_grms,digikey,,0,,unknown,Amphenol Industrial Operations,339-97-3057-1007-1-ND,MIL-DTL-83723,false,unknown,,,18
5935-01-446-7776__97-3057-1007-1(621),5935-01-446-7776,97-3057-1007-1(621),unscored,4,0,0,0,10,false,,,,,,No scoreable composite attributes (weight coverage 0%); insufficient data to score. Meets 0 of 10 measurable requirements; 10 unknown. 6 qualification clauses under MIL-DTL-83723 require testing to verify. 10 of 10 measurable requirements could not be verified (100% unknown); lifecycle/availability unknown (not enriched),6,humidity_resistance|lot_traceability|qualification|solderability_per_j_std_002|thermal_shock_cycles|vibration_grms,digikey,,0,,unknown,Amphenol Industrial Operations,339-97-3057-1007-1(621)-ND,MIL-DTL-83723,false,unknown,,,19
5935-01-446-7776__97-3057-1008,5935-01-446-7776,97-3057-1008,unscored,4,0,0,0,10,false,,,,,,No scoreable composite attributes (weight coverage 0%); insufficient data to score. Meets 0 of 10 measurable requirements; 10 unknown. 6 qualification clauses under MIL-DTL-83723 require testing to verify. 10 of 10 measurable requirements could not be verified (100% unknown); lifecycle/availability unknown (not enriched),6,humidity_resistance|lot_traceability|qualification|solderability_per_j_std_002|thermal_shock_cycles|vibration_grms,digikey,,0,,unknown,Amphenol Industrial Operations,97-3057-1008-ND,MIL-DTL-83723,false,unknown,,,20
5935-01-446-7776__97-3057-1008-1,5935-01-446-7776,97-3057-1008-1,unscored,4,0,0,0,10,false,,,,,,No scoreable composite attributes (weight coverage 0%); insufficient data to score. Meets 0 of 10 measurable requirements; 10 unknown. 6 qualification clauses under MIL-DTL-83723 require testing to verify. 10 of 10 measurable requirements could not be verified (100% unknown); lifecycle/availability unknown (not enriched),6,humidity_resistance|lot_traceability|qualification|solderability_per_j_std_002|thermal_shock_cycles|vibration_grms,digikey,,0,,unknown,Amphenol Industrial Operations,339-97-3057-1008-1-ND,MIL-DTL-83723,false,unknown,,,21
5935-01-446-7776__97-3057-1010-1,5935-01-446-7776,97-3057-1010-1,unscored,4,0,0,0,10,false,,,,,,No scoreable composite attributes (weight coverage 0%); insufficient data to score. Meets 0 of 10 measurable requirements; 10 unknown. 6 qualification clauses under MIL-DTL-83723 require testing to verify. 10 of 10 measurable requirements could not be verified (100% unknown); lifecycle/availability unknown (not enriched),6,humidity_resistance|lot_traceability|qualification|solderability_per_j_std_002|thermal_shock_cycles|vibration_grms,digikey,,0,,unknown,Amphenol Industrial Operations,339-97-3057-1010-1-ND,MIL-DTL-83723,false,unknown,,,22
5935-01-446-7776__97-3057-1012,5935-01-446-7776,97-3057-1012,unscored,4,0,0,0,10,false,,,,,,No scoreable composite attributes (weight coverage 0%); insufficient data to score. Meets 0 of 10 measurable requirements; 10 unknown. 6 qualification clauses under MIL-DTL-83723 require testing to verify. 10 of 10 measurable requirements could not be verified (100% unknown); lifecycle/availability unknown (not enriched),6,humidity_resistance|lot_traceability|qualification|solderability_per_j_std_002|thermal_shock_cycles|vibration_grms,digikey,,0,,unknown,Amphenol Industrial Operations,339-97-3057-1012-ND,MIL-DTL-83723,false,unknown,,,23
5935-01-446-7776__97-3057-1012-1,5935-01-446-7776,97-3057-1012-1,unscored,4,0,0,0,10,false,,,,,,No scoreable composite attributes (weight coverage 0%); insufficient data to score. Meets 0 of 10 measurable requirements; 10 unknown. 6 qualification clauses under MIL-DTL-83723 require testing to verify. 10 of 10 measurable requirements could not be verified (100% unknown); lifecycle/availability unknown (not enriched),6,humidity_resistance|lot_traceability|qualification|solderability_per_j_std_002|thermal_shock_cycles|vibration_grms,digikey,,0,,unknown,Amphenol Industrial Operations,97-3057-1012-1-ND,MIL-DTL-83723,false,unknown,,,24
5935-01-446-7776__97-3057-1016,5935-01-446-7776,97-3057-1016,unscored,4,0,0,0,10,false,,,,,,No scoreable composite attributes (weight coverage 0%); insufficient data to score. Meets 0 of 10 measurable requirements; 10 unknown. 6 qualification clauses under MIL-DTL-83723 require testing to verify. 10 of 10 measurable requirements could not be verified (100% unknown); lifecycle/availability unknown (not enriched),6,humidity_resistance|lot_traceability|qualification|solderability_per_j_std_002|thermal_shock_cycles|vibration_grms,digikey,,0,,unknown,Amphenol Industrial Operations,339-97-3057-1016-ND,MIL-DTL-83723,false,unknown,,,25
5945-00-491-3597__J0971CS5VDC.45,5945-00-491-3597,J0971CS5VDC.45,high,3,3,2,1,1,false,,,,,,"Hard gate failure: operating_temp_max|sealing. composite skipped (100). Meets 3 of 7 measurable requirements; fails sealing, operating_temp_max; 1 unknown; 1 marginal. 6 qualification clauses under MIL-PRF-39016 require testing to verify. lifecycle/availability unknown (not enriched)",6,humidity_resistance|lot_traceability|qualification|solderability_per_j_std_002|thermal_shock_cycles|vibration_grms,digikey,100,0,operating_temp_max|sealing,unknown,CIT Relay and Switch,2449-J0971CS5VDC.45-ND,MIL-PRF-39016,false,unknown,,,1
5945-00-491-3597__J107F1CS125VDC.36,5945-00-491-3597,J107F1CS125VDC.36,high,3,3,2,1,1,false,,,,,,"Hard gate failure: operating_temp_max|sealing. composite skipped (100). Meets 3 of 7 measurable requirements; fails sealing, operating_temp_max; 1 unknown; 1 marginal. 6 qualification clauses under MIL-PRF-39016 require testing to verify. lifecycle/availability unknown (not enriched)",6,humidity_resistance|lot_traceability|qualification|solderability_per_j_std_002|thermal_shock_cycles|vibration_grms,digikey,100,0,operating_temp_max|sealing,unknown,CIT Relay and Switch,2449-J107F1CS125VDC.36-ND,MIL-PRF-39016,false,unknown,,,2
5945-00-491-3597__J107F1CS205VDC.45,5945-00-491-3597,J107F1CS205VDC.45,high,3,3,2,1,1,false,,,,,,"Hard gate failure: operating_temp_max|sealing. composite skipped (100). Meets 3 of 7 measurable requirements; fails sealing, operating_temp_max; 1 unknown; 1 marginal. 6 qualification clauses under MIL-PRF-39016 require testing to verify. lifecycle/availability unknown (not enriched)",6,humidity_resistance|lot_traceability|qualification|solderability_per_j_std_002|thermal_shock_cycles|vibration_grms,digikey,100,0,operating_temp_max|sealing,unknown,CIT Relay and Switch,2449-J107F1CS205VDC.45-ND,MIL-PRF-39016,false,unknown,,,3
5945-00-491-3597__J107F1CS205VDC.80,5945-00-491-3597,J107F1CS205VDC.80,high,3,3,2,1,1,false,,,,,,"Hard gate failure: operating_temp_max|sealing. composite skipped (100). Meets 3 of 7 measurable requirements; fails sealing, operating_temp_max; 1 unknown; 1 marginal. 6 qualification clauses under MIL-PRF-39016 require testing to verify. lifecycle/availability unknown (not enriched)",6,humidity_resistance|lot_traceability|qualification|solderability_per_j_std_002|thermal_shock_cycles|vibration_grms,digikey,100,0,operating_temp_max|sealing,unknown,CIT Relay and Switch,2449-J107F1CS205VDC.80-ND,MIL-PRF-39016,false,unknown,,,4
5945-00-491-3597__J123F1C5VDC.36,5945-00-491-3597,J123F1C5VDC.36,high,3,3,2,1,1,false,,,,,,"Hard gate failure: operating_temp_max|sealing. composite skipped (100). Meets 3 of 7 measurable requirements; fails sealing, operating_temp_max; 1 unknown; 1 marginal. 6 qualification clauses under MIL-PRF-39016 require testing to verify. lifecycle/availability unknown (not enriched)",6,humidity_resistance|lot_traceability|qualification|solderability_per_j_std_002|thermal_shock_cycles|vibration_grms,digikey,100,0,operating_temp_max|sealing,unknown,CIT Relay and Switch,2449-J123F1C5VDC.36-ND,MIL-PRF-39016,false,unknown,,,5
5945-00-491-3597__J107F1AS125VDC.36,5945-00-491-3597,J107F1AS125VDC.36,high,3,3,3,0,1,false,,,,,,"Hard gate failure: operating_temp_max|contact_configuration|sealing. composite skipped (100). Meets 3 of 7 measurable requirements; fails contact_configuration, sealing, operating_temp_max; 1 unknown. 6 qualification clauses under MIL-PRF-39016 require testing to verify. lifecycle/availability unknown (not enriched)",6,humidity_resistance|lot_traceability|qualification|solderability_per_j_std_002|thermal_shock_cycles|vibration_grms,digikey,100,0,operating_temp_max|contact_configuration|sealing,unknown,CIT Relay and Switch,2449-J107F1AS125VDC.36-ND,MIL-PRF-39016,false,unknown,,,6
5945-00-491-3597__J107F1AS205VDC.80,5945-00-491-3597,J107F1AS205VDC.80,high,3,3,3,0,1,false,,,,,,"Hard gate failure: operating_temp_max|contact_configuration|sealing. composite skipped (100). Meets 3 of 7 measurable requirements; fails contact_configuration, sealing, operating_temp_max; 1 unknown. 6 qualification clauses under MIL-PRF-39016 require testing to verify. lifecycle/availability unknown (not enriched)",6,humidity_resistance|lot_traceability|qualification|solderability_per_j_std_002|thermal_shock_cycles|vibration_grms,digikey,100,0,operating_temp_max|contact_configuration|sealing,unknown,CIT Relay and Switch,2449-J107F1AS205VDC.80-ND,MIL-PRF-39016,false,unknown,,,7
5945-00-491-3597__J115F21AL5VDCS.9,5945-00-491-3597,J115F21AL5VDCS.9,high,3,3,3,0,1,false,,,,,,"Hard gate failure: operating_temp_max|contact_configuration|sealing. composite skipped (100). Meets 3 of 7 measurable requirements; fails contact_configuration, sealing, operating_temp_max; 1 unknown. 6 qualification clauses under MIL-PRF-39016 require testing to verify. lifecycle/availability unknown (not enriched)",6,humidity_resistance|lot_traceability|qualification|solderability_per_j_std_002|thermal_shock_cycles|vibration_grms,digikey,100,0,operating_temp_max|contact_configuration|sealing,unknown,CIT Relay and Switch,2449-J115F21AL5VDCS.9-ND,MIL-PRF-39016,false,unknown,,,8
5945-00-491-3597__J123F1A5VDC.36,5945-00-491-3597,J123F1A5VDC.36,high,3,3,3,0,1,false,,,,,,"Hard gate failure: operating_temp_max|contact_configuration|sealing. composite skipped (100). Meets 3 of 7 measurable requirements; fails contact_configuration, sealing, operating_temp_max; 1 unknown. 6 qualification clauses under MIL-PRF-39016 require testing to verify. lifecycle/availability unknown (not enriched)",6,humidity_resistance|lot_traceability|qualification|solderability_per_j_std_002|thermal_shock_cycles|vibration_grms,digikey,100,0,operating_temp_max|contact_configuration|sealing,unknown,CIT Relay and Switch,2449-J123F1A5VDC.36-ND,MIL-PRF-39016,false,unknown,,,9
5945-00-491-3597__ALZ12F05,5945-00-491-3597,ALZ12F05,high,3,2,3,1,1,false,,,,,,"Hard gate failure: operating_temp_min|operating_temp_max|sealing. composite skipped (100). Meets 2 of 7 measurable requirements; fails sealing, operating_temp_max, operating_temp_min; 1 unknown; 1 marginal. 6 qualification clauses under MIL-PRF-39016 require testing to verify. lifecycle/availability unknown (not enriched)",6,humidity_resistance|lot_traceability|qualification|solderability_per_j_std_002|thermal_shock_cycles|vibration_grms,digikey,100,0,operating_temp_min|operating_temp_max|sealing,unknown,Panasonic Electric Works,255-3368-ND,MIL-PRF-39016,false,unknown,,,10
5945-00-491-3597__AWHSH105D00G,5945-00-491-3597,AWHSH105D00G,high,3,2,3,1,1,false,,,,,,"Hard gate failure: operating_temp_min|operating_temp_max|sealing. composite skipped (100). Meets 2 of 7 measurable requirements; fails sealing, operating_temp_max, operating_temp_min; 1 unknown; 1 marginal. 6 qualification clauses under MIL-PRF-39016 require testing to verify. lifecycle/availability unknown (not enriched)",6,humidity_resistance|lot_traceability|qualification|solderability_per_j_std_002|thermal_shock_cycles|vibration_grms,digikey,100,0,operating_temp_min|operating_temp_max|sealing,unknown,Amphenol Anytek,1818-AWHSH105D00G-ND,MIL-PRF-39016,false,unknown,,,11
5945-00-491-3597__G2RL-1-E DC5,5945-00-491-3597,G2RL-1-E DC5,high,3,2,3,1,1,false,,,,,,"Hard gate failure: operating_temp_min|operating_temp_max|sealing. composite skipped (100). Meets 2 of 7 measurable requirements; fails sealing, operating_temp_max, operating_temp_min; 1 unknown; 1 marginal. 6 qualification clauses under MIL-PRF-39016 require testing to verify. lifecycle/availability unknown (not enriched)",6,humidity_resistance|lot_traceability|qualification|solderability_per_j_std_002|thermal_shock_cycles|vibration_grms,digikey,100,0,operating_temp_min|operating_temp_max|sealing,unknown,Aratas (Formerly Omron Components),Z2824-ND,MIL-PRF-39016,false,unknown,,,12
5945-00-491-3597__G2RL-14 DC5,5945-00-491-3597,G2RL-14 DC5,high,3,2,3,1,1,false,,,,,,"Hard gate failure: operating_temp_min|operating_temp_max|sealing. composite skipped (100). Meets 2 of 7 measurable requirements; fails sealing, operating_temp_max, operating_temp_min; 1 unknown; 1 marginal. 6 qualification clauses under MIL-PRF-39016 require testing to verify. lifecycle/availability unknown (not enriched)",6,humidity_resistance|lot_traceability|qualification|solderability_per_j_std_002|thermal_shock_cycles|vibration_grms,digikey,100,0,operating_temp_min|operating_temp_max|sealing,unknown,Aratas (Formerly Omron Components),Z142-ND,MIL-PRF-39016,false,unknown,,,13
5945-00-491-3597__G5LE-1 DC5,5945-00-491-3597,G5LE-1 DC5,high,3,2,3,1,1,false,,,,,,"Hard gate failure: operating_temp_min|operating_temp_max|sealing. composite skipped (100). Meets 2 of 7 measurable requirements; fails sealing, operating_temp_max, operating_temp_min; 1 unknown; 1 marginal. 6 qualification clauses under MIL-PRF-39016 require testing to verify. lifecycle/availability unknown (not enriched)",6,humidity_resistance|lot_traceability|qualification|solderability_per_j_std_002|thermal_shock_cycles|vibration_grms,digikey,100,0,operating_temp_min|operating_temp_max|sealing,unknown,Aratas (Formerly Omron Components),Z1014-ND,MIL-PRF-39016,false,unknown,,,14
5945-00-491-3597__G5Q-1 DC5,5945-00-491-3597,G5Q-1 DC5,high,3,2,3,1,1,false,,,,,,"Hard gate failure: operating_temp_min|operating_temp_max|sealing. composite skipped (100). Meets 2 of 7 measurable requirements; fails sealing, operating_temp_max, operating_temp_min; 1 unknown; 1 marginal. 6 qualification clauses under MIL-PRF-39016 require testing to verify. lifecycle/availability unknown (not enriched)",6,humidity_resistance|lot_traceability|qualification|solderability_per_j_std_002|thermal_shock_cycles|vibration_grms,digikey,100,0,operating_temp_min|operating_temp_max|sealing,unknown,Aratas (Formerly Omron Components),Z12713-ND,MIL-PRF-39016,false,unknown,,,15
5945-00-491-3597__G5Q-1-HA DC5,5945-00-491-3597,G5Q-1-HA DC5,high,3,2,3,1,1,false,,,,,,"Hard gate failure: operating_temp_min|operating_temp_max|sealing. composite skipped (100). Meets 2 of 7 measurable requirements; fails sealing, operating_temp_max, operating_temp_min; 1 unknown; 1 marginal. 6 qualification clauses under MIL-PRF-39016 require testing to verify. lifecycle/availability unknown (not enriched)",6,humidity_resistance|lot_traceability|qualification|solderability_per_j_std_002|thermal_shock_cycles|vibration_grms,digikey,100,0,operating_temp_min|operating_temp_max|sealing,unknown,Aratas (Formerly Omron Components),39-G5Q-1-HADC5-ND,MIL-PRF-39016,false,unknown,,,16
5945-00-491-3597__AHQSH105LM100G,5945-00-491-3597,AHQSH105LM100G,high,3,2,4,0,1,false,,,,,,"Hard gate failure: operating_temp_min|operating_temp_max|contact_configuration|sealing. composite skipped (100). Meets 2 of 7 measurable requirements; fails contact_configuration, sealing, operating_temp_max, operating_temp_min; 1 unknown. 6 qualification clauses under MIL-PRF-39016 require testing to verify. lifecycle/availability unknown (not enriched)",6,humidity_resistance|lot_traceability|qualification|solderability_per_j_std_002|thermal_shock_cycles|vibration_grms,digikey,100,0,operating_temp_min|operating_temp_max|contact_configuration|sealing,unknown,Amphenol Anytek,1818-AHQSH105LM100G-ND,MIL-PRF-39016,false,unknown,,,17
5945-00-491-3597__ALZ52B05,5945-00-491-3597,ALZ52B05,high,3,2,4,0,1,false,,,,,,"Hard gate failure: operating_temp_min|operating_temp_max|contact_configuration|sealing. composite skipped (100). Meets 2 of 7 measurable requirements; fails contact_configuration, sealing, operating_temp_max, operating_temp_min; 1 unknown. 6 qualification clauses under MIL-PRF-39016 require testing to verify. lifecycle/availability unknown (not enriched)",6,humidity_resistance|lot_traceability|qualification|solderability_per_j_std_002|thermal_shock_cycles|vibration_grms,digikey,100,0,operating_temp_min|operating_temp_max|contact_configuration|sealing,unknown,Panasonic Electric Works,255-4088-5-ND,MIL-PRF-39016,false,unknown,,,18
5945-00-491-3597__AZ576-1A-5DE,5945-00-491-3597,AZ576-1A-5DE,high,3,2,4,0,1,false,,,,,,"Hard gate failure: operating_temp_min|operating_temp_max|contact_configuration|sealing. composite skipped (100). Meets 2 of 7 measurable requirements; fails contact_configuration, sealing, operating_temp_max, operating_temp_min; 1 unknown. 6 qualification clauses under MIL-PRF-39016 require testing to verify. lifecycle/availability unknown (not enriched)",6,humidity_resistance|lot_traceability|qualification|solderability_per_j_std_002|thermal_shock_cycles|vibration_grms,digikey,100,0,operating_temp_min|operating_temp_max|contact_configuration|sealing,unknown,American Zettler,3385-AZ576-1A-5DE-ND,MIL-PRF-39016,false,unknown,,,19
5945-00-491-3597__AZ733-2CE-5DE,5945-00-491-3597,AZ733-2CE-5DE,high,3,2,4,0,1,false,,,,,,"Hard gate failure: operating_temp_min|operating_temp_max|contact_configuration|sealing. composite skipped (100). Meets 2 of 7 measurable requirements; fails contact_configuration, sealing, operating_temp_max, operating_temp_min; 1 unknown. 6 qualification clauses under MIL-PRF-39016 require testing to verify. lifecycle/availability unknown (not enriched)",6,humidity_resistance|lot_traceability|qualification|solderability_per_j_std_002|thermal_shock_cycles|vibration_grms,digikey,100,0,operating_temp_min|operating_temp_max|contact_configuration|sealing,unknown,American Zettler,3385-AZ733-2CE-5DE-ND,MIL-PRF-39016,false,unknown,,,20
5945-00-491-3597__AZ943-1AH-5DE,5945-00-491-3597,AZ943-1AH-5DE,high,3,2,4,0,1,false,,,,,,"Hard gate failure: operating_temp_min|operating_temp_max|contact_configuration|sealing. composite skipped (100). Meets 2 of 7 measurable requirements; fails contact_configuration, sealing, operating_temp_max, operating_temp_min; 1 unknown. 6 qualification clauses under MIL-PRF-39016 require testing to verify. lifecycle/availability unknown (not enriched)",6,humidity_resistance|lot_traceability|qualification|solderability_per_j_std_002|thermal_shock_cycles|vibration_grms,digikey,100,0,operating_temp_min|operating_temp_max|contact_configuration|sealing,unknown,American Zettler,3385-AZ943-1AH-5DE-ND,MIL-PRF-39016,false,unknown,,,21
5945-00-491-3597__G2RL-1A DC5,5945-00-491-3597,G2RL-1A DC5,high,3,2,4,0,1,false,,,,,,"Hard gate failure: operating_temp_min|operating_temp_max|contact_configuration|sealing. composite skipped (100). Meets 2 of 7 measurable requirements; fails contact_configuration, sealing, operating_temp_max, operating_temp_min; 1 unknown. 6 qualification clauses under MIL-PRF-39016 require testing to verify. lifecycle/availability unknown (not enriched)",6,humidity_resistance|lot_traceability|qualification|solderability_per_j_std_002|thermal_shock_cycles|vibration_grms,digikey,100,0,operating_temp_min|operating_temp_max|contact_configuration|sealing,unknown,Aratas (Formerly Omron Components),39-G2RL-1ADC5-ND,MIL-PRF-39016,false,unknown,,,22
5945-00-491-3597__G2RL-1A-E2-CV-HA DC5,5945-00-491-3597,G2RL-1A-E2-CV-HA DC5,high,3,2,4,0,1,false,,,,,,"Hard gate failure: operating_temp_min|operating_temp_max|contact_configuration|sealing. composite skipped (100). Meets 2 of 7 measurable requirements; fails contact_configuration, sealing, operating_temp_max, operating_temp_min; 1 unknown. 6 qualification clauses under MIL-PRF-39016 require testing to verify. lifecycle/availability unknown (not enriched)",6,humidity_resistance|lot_traceability|qualification|solderability_per_j_std_002|thermal_shock_cycles|vibration_grms,digikey,100,0,operating_temp_min|operating_temp_max|contact_configuration|sealing,unknown,Aratas (Formerly Omron Components),Z13014-ND,MIL-PRF-39016,false,unknown,,,23
5945-00-491-3597__G5Q-1A DC5,5945-00-491-3597,G5Q-1A DC5,high,3,2,4,0,1,false,,,,,,"Hard gate failure: operating_temp_min|operating_temp_max|contact_configuration|sealing. composite skipped (100). Meets 2 of 7 measurable requirements; fails contact_configuration, sealing, operating_temp_max, operating_temp_min; 1 unknown. 6 qualification clauses under MIL-PRF-39016 require testing to verify. lifecycle/availability unknown (not enriched)",6,humidity_resistance|lot_traceability|qualification|solderability_per_j_std_002|thermal_shock_cycles|vibration_grms,digikey,100,0,operating_temp_min|operating_temp_max|contact_configuration|sealing,unknown,Aratas (Formerly Omron Components),Z3811-ND,MIL-PRF-39016,false,unknown,,,24
5945-00-491-3597__T9GS1L14-5,5945-00-491-3597,T9GS1L14-5,high,3,2,4,0,1,false,,,,,,"Hard gate failure: operating_temp_min|operating_temp_max|contact_configuration|sealing. composite skipped (100). Meets 2 of 7 measurable requirements; fails contact_configuration, sealing, operating_temp_max, operating_temp_min; 1 unknown. 6 qualification clauses under MIL-PRF-39016 require testing to verify. lifecycle/availability unknown (not enriched)",6,humidity_resistance|lot_traceability|qualification|solderability_per_j_std_002|thermal_shock_cycles|vibration_grms,digikey,100,0,operating_temp_min|operating_temp_max|contact_configuration|sealing,unknown,TE Connectivity Potter & Brumfield Relays,PB2389-ND,MIL-PRF-39016,false,unknown,,,25
5950-00-698-0421__4590-105K,5950-00-698-0421,4590-105K,medium,2,5,1,0,1,false,,,7.5898,1000,,Composite 25.3 (coverage 64%). Meets 5 of 7 measurable requirements; fails inductance_tolerance; 1 unknown. 6 qualification clauses under MIL-PRF-83446 require testing to verify. lifecycle status unknown; single-sourced (1 distributor),6,dpa_sample_required|humidity_resistance|lot_traceability|qualification|thermal_shock_cycles|vibration_grms,digikey,25.2604,64,,unknown,Delevan,DN4524-ND,MIL-PRF-83446,true,unknown,1,,1
5950-00-698-0421__4590R-105K,5950-00-698-0421,4590R-105K,medium,2,5,1,0,1,false,,,,,,Composite 50.0 (coverage 26%). Meets 5 of 7 measurable requirements; fails inductance_tolerance; 1 unknown. 6 qualification clauses under MIL-PRF-83446 require testing to verify. lifecycle/availability unknown (not enriched),6,dpa_sample_required|humidity_resistance|lot_traceability|qualification|thermal_shock_cycles|vibration_grms,digikey,50,26,,unknown,Delevan,DN7750-ND,MIL-PRF-83446,false,unknown,,,2
5950-00-698-0421__5500-105J,5950-00-698-0421,5500-105J,medium,2,5,1,0,1,false,,,,,,Composite 50.0 (coverage 26%). Meets 5 of 7 measurable requirements; fails inductance_tolerance; 1 unknown. 6 qualification clauses under MIL-PRF-83446 require testing to verify. lifecycle/availability unknown (not enriched),6,dpa_sample_required|humidity_resistance|lot_traceability|qualification|thermal_shock_cycles|vibration_grms,digikey,50,26,,unknown,Delevan,5500-105J-ND,MIL-PRF-83446,false,unknown,,,3
5950-00-698-0421__5500-105K,5950-00-698-0421,5500-105K,medium,2,5,1,0,1,false,,,,,,Composite 50.0 (coverage 26%). Meets 5 of 7 measurable requirements; fails inductance_tolerance; 1 unknown. 6 qualification clauses under MIL-PRF-83446 require testing to verify. lifecycle/availability unknown (not enriched),6,dpa_sample_required|humidity_resistance|lot_traceability|qualification|thermal_shock_cycles|vibration_grms,digikey,50,26,,unknown,Delevan,5500-105K-ND,MIL-PRF-83446,false,unknown,,,4
5950-00-698-0421__5500R-105J,5950-00-698-0421,5500R-105J,medium,2,5,1,0,1,false,,,,,,Composite 50.0 (coverage 26%). Meets 5 of 7 measurable requirements; fails inductance_tolerance; 1 unknown. 6 qualification clauses under MIL-PRF-83446 require testing to verify. lifecycle/availability unknown (not enriched),6,dpa_sample_required|humidity_resistance|lot_traceability|qualification|thermal_shock_cycles|vibration_grms,digikey,50,26,,unknown,Delevan,5500R-105J-ND,MIL-PRF-83446,false,unknown,,,5
5950-00-698-0421__5500R-105K,5950-00-698-0421,5500R-105K,medium,2,5,1,0,1,false,,,,,,Composite 50.0 (coverage 26%). Meets 5 of 7 measurable requirements; fails inductance_tolerance; 1 unknown. 6 qualification clauses under MIL-PRF-83446 require testing to verify. lifecycle/availability unknown (not enriched),6,dpa_sample_required|humidity_resistance|lot_traceability|qualification|thermal_shock_cycles|vibration_grms,digikey,50,26,,unknown,Delevan,5500R-105KTR-ND,MIL-PRF-83446,false,unknown,,,6
5950-00-698-0421__CTRFB0810F-102K,5950-00-698-0421,CTRFB0810F-102K,medium,2,5,1,0,1,false,,,,,,Composite 50.0 (coverage 26%). Meets 5 of 7 measurable requirements; fails inductance_tolerance; 1 unknown. 6 qualification clauses under MIL-PRF-83446 require testing to verify. lifecycle/availability unknown (not enriched),6,dpa_sample_required|humidity_resistance|lot_traceability|qualification|thermal_shock_cycles|vibration_grms,digikey,50,26,,unknown,Central Technologies,4161-CTRFB0810F-102K-ND,MIL-PRF-83446,false,unknown,,,7
5950-00-698-0421__SPD127-105M,5950-00-698-0421,SPD127-105M,medium,2,5,1,0,1,false,,,,,,Composite 50.0 (coverage 26%). Meets 5 of 7 measurable requirements; fails inductance_tolerance; 1 unknown. 6 qualification clauses under MIL-PRF-83446 require testing to verify. lifecycle/availability unknown (not enriched),6,dpa_sample_required|humidity_resistance|lot_traceability|qualification|thermal_shock_cycles|vibration_grms,digikey,50,26,,unknown,Delevan,SPD127-105M-ND,MIL-PRF-83446,false,unknown,,,8
5950-00-698-0421__SPD127R-105M,5950-00-698-0421,SPD127R-105M,medium,2,5,1,0,1,false,,,,,,Composite 50.0 (coverage 26%). Meets 5 of 7 measurable requirements; fails inductance_tolerance; 1 unknown. 6 qualification clauses under MIL-PRF-83446 require testing to verify. lifecycle/availability unknown (not enriched),6,dpa_sample_required|humidity_resistance|lot_traceability|qualification|thermal_shock_cycles|vibration_grms,digikey,50,26,,unknown,Delevan,DN7658TR-ND,MIL-PRF-83446,false,unknown,,,9
5950-00-698-0421__4590-105J,5950-00-698-0421,4590-105J,medium,2,5,1,0,1,false,,,5.2668,1000,,Composite 64.2 (coverage 64%). Meets 5 of 7 measurable requirements; fails inductance_tolerance; 1 unknown. 6 qualification clauses under MIL-PRF-83446 require testing to verify. lifecycle status unknown; no distributor has stock,6,dpa_sample_required|humidity_resistance|lot_traceability|qualification|thermal_shock_cycles|vibration_grms,digikey,64.184,64,,unknown,Delevan,4590-105J-ND,MIL-PRF-83446,true,unknown,0,,10
5950-00-698-0421__4590R-105J,5950-00-698-0421,4590R-105J,medium,2,5,1,0,1,false,,,5.2668,1000,,Composite 64.2 (coverage 64%). Meets 5 of 7 measurable requirements; fails inductance_tolerance; 1 unknown. 6 qualification clauses under MIL-PRF-83446 require testing to verify. lifecycle status unknown; no distributor has stock,6,dpa_sample_required|humidity_resistance|lot_traceability|qualification|thermal_shock_cycles|vibration_grms,digikey,64.184,64,,unknown,Delevan,4590R-105J-ND,MIL-PRF-83446,true,unknown,0,,11
5950-00-698-0421__7445830,5950-00-698-0421,7445830,high,3,4,2,0,1,false,,,,,,"Hard gate failure: operating_temp_min. composite skipped (100). Meets 4 of 7 measurable requirements; fails inductance_tolerance, operating_temp_min; 1 unknown. 6 qualification clauses under MIL-PRF-83446 require testing to verify. lifecycle/availability unknown (not enriched)",6,dpa_sample_required|humidity_resistance|lot_traceability|qualification|thermal_shock_cycles|vibration_grms,digikey,100,0,operating_temp_min,unknown,Würth Elektronik,732-7445830TR-ND,MIL-PRF-83446,false,unknown,,,12
5950-00-698-0421__768772102,5950-00-698-0421,768772102,high,3,4,2,0,1,false,,,,,,"Hard gate failure: operating_temp_min. composite skipped (100). Meets 4 of 7 measurable requirements; fails inductance_tolerance, operating_temp_min; 1 unknown. 6 qualification clauses under MIL-PRF-83446 require testing to verify. lifecycle/availability unknown (not enriched)",6,dpa_sample_required|humidity_resistance|lot_traceability|qualification|thermal_shock_cycles|vibration_grms,digikey,100,0,operating_temp_min,unknown,Würth Elektronik,732-3261-ND,MIL-PRF-83446,false,unknown,,,13
5950-00-698-0421__BPRR00101051102MA0,5950-00-698-0421,BPRR00101051102MA0,high,3,4,2,0,1,false,,,,,,"Hard gate failure: operating_temp_min. composite skipped (100). Meets 4 of 7 measurable requirements; fails inductance_tolerance, operating_temp_min; 1 unknown. 6 qualification clauses under MIL-PRF-83446 require testing to verify. lifecycle/availability unknown (not enriched)",6,dpa_sample_required|humidity_resistance|lot_traceability|qualification|thermal_shock_cycles|vibration_grms,digikey,100,0,operating_temp_min,unknown,Pulse Electronics,553-BPRR00101051102MA0TR-ND,MIL-PRF-83446,false,unknown,,,14
5950-00-698-0421__CDRH125L125NP-102MC,5950-00-698-0421,CDRH125L125NP-102MC,high,3,4,2,0,1,false,,,,,,"Hard gate failure: operating_temp_min. composite skipped (100). Meets 4 of 7 measurable requirements; fails inductance_tolerance, operating_temp_min; 1 unknown. 6 qualification clauses under MIL-PRF-83446 require testing to verify. lifecycle/availability unknown (not enriched)",6,dpa_sample_required|humidity_resistance|lot_traceability|qualification|thermal_shock_cycles|vibration_grms,digikey,100,0,operating_temp_min,unknown,Sumida America Components Inc.,308-CDRH125L125NP-102MCTR-ND,MIL-PRF-83446,false,unknown,,,15
5950-00-698-0421__LGJ12565TS-102MR45-H,5950-00-698-0421,LGJ12565TS-102MR45-H,high,3,4,2,0,1,false,,,,,,"Hard gate failure: operating_temp_min. composite skipped (100). Meets 4 of 7 measurable requirements; fails inductance_tolerance, operating_temp_min; 1 unknown. 6 qualification clauses under MIL-PRF-83446 require testing to verify. lifecycle/availability unknown (not enriched)",6,dpa_sample_required|humidity_resistance|lot_traceability|qualification|thermal_shock_cycles|vibration_grms,digikey,100,0,operating_temp_min,unknown,TDK,445-15020-2-ND,MIL-PRF-83446,false,unknown,,,16
5950-00-698-0421__PE-52631NL,5950-00-698-0421,PE-52631NL,high,3,4,2,0,1,false,,,,,,"Hard gate failure: operating_temp_min. composite skipped (100). Meets 4 of 7 measurable requirements; fails inductance_tolerance, operating_temp_min; 1 unknown. 6 qualification clauses under MIL-PRF-83446 require testing to verify. lifecycle/availability unknown (not enriched)",6,dpa_sample_required|humidity_resistance|lot_traceability|qualification|thermal_shock_cycles|vibration_grms,digikey,100,0,operating_temp_min,unknown,Pulse Electronics,553-1805-5-ND,MIL-PRF-83446,false,unknown,,,17
5950-00-698-0421__PE-52651NL,5950-00-698-0421,PE-52651NL,high,3,4,2,0,1,false,,,,,,"Hard gate failure: operating_temp_min. composite skipped (100). Meets 4 of 7 measurable requirements; fails inductance_tolerance, operating_temp_min; 1 unknown. 6 qualification clauses under MIL-PRF-83446 require testing to verify. lifecycle/availability unknown (not enriched)",6,dpa_sample_required|humidity_resistance|lot_traceability|qualification|thermal_shock_cycles|vibration_grms,digikey,100,0,operating_temp_min,unknown,Pulse Electronics,553-1808-5-ND,MIL-PRF-83446,false,unknown,,,18
5950-00-698-0421__SLF12565T-102MR45-H,5950-00-698-0421,SLF12565T-102MR45-H,high,3,4,2,0,1,false,,,,,,"Hard gate failure: operating_temp_min. composite skipped (100). Meets 4 of 7 measurable requirements; fails inductance_tolerance, operating_temp_min; 1 unknown. 6 qualification clauses under MIL-PRF-83446 require testing to verify. lifecycle/availability unknown (not enriched)",6,dpa_sample_required|humidity_resistance|lot_traceability|qualification|thermal_shock_cycles|vibration_grms,digikey,100,0,operating_temp_min,unknown,TDK,445-16662-2-ND,MIL-PRF-83446,false,unknown,,,19
5950-00-698-0421__PM5022-102K-RC,5950-00-698-0421,PM5022-102K-RC,high,3,4,3,0,0,false,,,,,,"Hard gate failure: operating_temp_min. composite skipped (100). Meets 4 of 7 measurable requirements; fails inductance_tolerance, q_factor, operating_temp_min. 6 qualification clauses under MIL-PRF-83446 require testing to verify. lifecycle/availability unknown (not enriched)",6,dpa_sample_required|humidity_resistance|lot_traceability|qualification|thermal_shock_cycles|vibration_grms,digikey,100,0,operating_temp_min,unknown,Bourns Inc.,PM5022-102K-RC-ND,MIL-PRF-83446,false,unknown,,,20
5950-00-698-0421__PM5022-102M-RC,5950-00-698-0421,PM5022-102M-RC,high,3,4,3,0,0,false,,,,,,"Hard gate failure: operating_temp_min. composite skipped (100). Meets 4 of 7 measurable requirements; fails inductance_tolerance, q_factor, operating_temp_min. 6 qualification clauses under MIL-PRF-83446 require testing to verify. lifecycle/availability unknown (not enriched)",6,dpa_sample_required|humidity_resistance|lot_traceability|qualification|thermal_shock_cycles|vibration_grms,digikey,100,0,operating_temp_min,unknown,Bourns Inc.,M8609TR-ND,MIL-PRF-83446,false,unknown,,,21
5950-00-698-0421__RLB1112V4-102J,5950-00-698-0421,RLB1112V4-102J,high,3,4,3,0,0,false,,,,,,"Hard gate failure: operating_temp_min. composite skipped (100). Meets 4 of 7 measurable requirements; fails inductance_tolerance, q_factor, operating_temp_min. 6 qualification clauses under MIL-PRF-83446 require testing to verify. lifecycle/availability unknown (not enriched)",6,dpa_sample_required|humidity_resistance|lot_traceability|qualification|thermal_shock_cycles|vibration_grms,digikey,100,0,operating_temp_min,unknown,Bourns Inc.,118-RLB1112V4-102JTR-ND,MIL-PRF-83446,false,unknown,,,22
5950-00-698-0421__SDR1806-102KL,5950-00-698-0421,SDR1806-102KL,high,3,4,3,0,0,false,,,,,,"Hard gate failure: operating_temp_min. composite skipped (100). Meets 4 of 7 measurable requirements; fails inductance_tolerance, q_factor, operating_temp_min. 6 qualification clauses under MIL-PRF-83446 require testing to verify. lifecycle/availability unknown (not enriched)",6,dpa_sample_required|humidity_resistance|lot_traceability|qualification|thermal_shock_cycles|vibration_grms,digikey,100,0,operating_temp_min,unknown,Bourns Inc.,118-SDR1806-102KLTR-ND,MIL-PRF-83446,false,unknown,,,23
5950-00-698-0421__SRR1208-102K,5950-00-698-0421,SRR1208-102K,high,3,4,3,0,0,false,,,,,,"Hard gate failure: operating_temp_min. composite skipped (100). Meets 4 of 7 measurable requirements; fails inductance_tolerance, q_factor, operating_temp_min. 6 qualification clauses under MIL-PRF-83446 require testing to verify. lifecycle/availability unknown (not enriched)",6,dpa_sample_required|humidity_resistance|lot_traceability|qualification|thermal_shock_cycles|vibration_grms,digikey,100,0,operating_temp_min,unknown,Bourns Inc.,SRR1208-102K-ND,MIL-PRF-83446,false,unknown,,,24
5950-00-698-0421__SRR1208-102KL,5950-00-698-0421,SRR1208-102KL,high,3,4,3,0,0,false,,,,,,"Hard gate failure: operating_temp_min. composite skipped (100). Meets 4 of 7 measurable requirements; fails inductance_tolerance, q_factor, operating_temp_min. 6 qualification clauses under MIL-PRF-83446 require testing to verify. lifecycle/availability unknown (not enriched)",6,dpa_sample_required|humidity_resistance|lot_traceability|qualification|thermal_shock_cycles|vibration_grms,digikey,100,0,operating_temp_min,unknown,Bourns Inc.,SRR1208-102KLTR-ND,MIL-PRF-83446,false,unknown,,,25
5950-01-199-2306__PA1366NLT,5950-01-199-2306,PA1366NLT,high,3,2,1,0,4,false,,,,,,Hard gate failure: operating_temp_min. composite skipped (100). Meets 2 of 7 measurable requirements; fails operating_temp_min; 4 unknown. 0 qualification clauses under MIL-PRF-27 require testing to verify. lifecycle/availability unknown (not enriched),0,,digikey,100,0,operating_temp_min,unknown,Pulse Electronics,PA1366NLT-ND,MIL-PRF-27,false,unknown,,,1
5950-01-199-2306__PA2271NL,5950-01-199-2306,PA2271NL,high,3,2,1,0,4,false,,,,,,Hard gate failure: operating_temp_min. composite skipped (100). Meets 2 of 7 measurable requirements; fails operating_temp_min; 4 unknown. 0 qualification clauses under MIL-PRF-27 require testing to verify. lifecycle/availability unknown (not enriched),0,,digikey,100,0,operating_temp_min,unknown,Pulse Electronics,PA2271NL-ND,MIL-PRF-27,false,unknown,,,2
5950-01-199-2306__PA2271NLT,5950-01-199-2306,PA2271NLT,high,3,2,1,0,4,false,,,,,,Hard gate failure: operating_temp_min. composite skipped (100). Meets 2 of 7 measurable requirements; fails operating_temp_min; 4 unknown. 0 qualification clauses under MIL-PRF-27 require testing to verify. lifecycle/availability unknown (not enriched),0,,digikey,100,0,operating_temp_min,unknown,Pulse Electronics,PA2271NLT-ND,MIL-PRF-27,false,unknown,,,3
5950-01-199-2306__PLC-002,5950-01-199-2306,PLC-002,high,3,2,1,0,4,false,,,,,,Hard gate failure: operating_temp_min. composite skipped (100). Meets 2 of 7 measurable requirements; fails operating_temp_min; 4 unknown. 0 qualification clauses under MIL-PRF-27 require testing to verify. lifecycle/availability unknown (not enriched),0,,digikey,100,0,operating_temp_min,unknown,Premo S.L.,3012-PLC-002-ND,MIL-PRF-27,false,unknown,,,4
5950-01-199-2306__PLC-LW-002,5950-01-199-2306,PLC-LW-002,high,3,2,1,0,4,false,,,,,,Hard gate failure: operating_temp_min. composite skipped (100). Meets 2 of 7 measurable requirements; fails operating_temp_min; 4 unknown. 0 qualification clauses under MIL-PRF-27 require testing to verify. lifecycle/availability unknown (not enriched),0,,digikey,100,0,operating_temp_min,unknown,Premo S.L.,3012-PLC-LW-002-ND,MIL-PRF-27,false,unknown,,,5
5950-01-199-2306__SM51430EL,5950-01-199-2306,SM51430EL,high,3,2,1,0,4,false,,,,,,Hard gate failure: operating_temp_min. composite skipped (100). Meets 2 of 7 measurable requirements; fails operating_temp_min; 4 unknown. 0 qualification clauses under MIL-PRF-27 require testing to verify. lifecycle/availability unknown (not enriched),0,,digikey,100,0,operating_temp_min,unknown,Bourns Inc.,SM51430EL-ND,MIL-PRF-27,false,unknown,,,6
5950-01-199-2306__SM51625EL,5950-01-199-2306,SM51625EL,high,3,2,1,0,4,false,,,,,,Hard gate failure: operating_temp_min. composite skipped (100). Meets 2 of 7 measurable requirements; fails operating_temp_min; 4 unknown. 0 qualification clauses under MIL-PRF-27 require testing to verify. lifecycle/availability unknown (not enriched),0,,digikey,100,0,operating_temp_min,unknown,Bourns Inc.,118-SM51625ELTR-ND,MIL-PRF-27,false,unknown,,,7
5950-01-199-2306__T60403A4021X092,5950-01-199-2306,T60403A4021X092,high,3,2,1,0,4,false,,,,,,Hard gate failure: operating_temp_min. composite skipped (100). Meets 2 of 7 measurable requirements; fails operating_temp_min; 4 unknown. 0 qualification clauses under MIL-PRF-27 require testing to verify. lifecycle/availability unknown (not enriched),0,,digikey,100,0,operating_temp_min,unknown,VACUUMSCHMELZE,2258-T60403A4021X092-ND,MIL-PRF-27,false,unknown,,,8
5950-01-224-5861__B78541A2467A003,5950-01-224-5861,B78541A2467A003,high,3,2,1,0,4,false,,,,,,Hard gate failure: operating_temp_min. composite skipped (100). Meets 2 of 7 measurable requirements; fails operating_temp_min; 4 unknown. 0 qualification clauses under MIL-PRF-27 require testing to verify. lifecycle/availability unknown (not enriched),0,,digikey,100,0,operating_temp_min,unknown,TDK,495-B78541A2467A003TR-ND,MIL-PRF-27,false,unknown,,,1
5950-01-224-5861__B78541A2492A003,5950-01-224-5861,B78541A2492A003,high,3,2,1,0,4,false,,,,,,Hard gate failure: operating_temp_min. composite skipped (100). Meets 2 of 7 measurable requirements; fails operating_temp_min; 4 unknown. 0 qualification clauses under MIL-PRF-27 require testing to verify. lifecycle/availability unknown (not enriched),0,,digikey,100,0,operating_temp_min,unknown,TDK,495-B78541A2492A003TR-ND,MIL-PRF-27,false,unknown,,,2
5950-01-224-5861__B78541A2525A003,5950-01-224-5861,B78541A2525A003,high,3,2,1,0,4,false,,,,,,Hard gate failure: operating_temp_min. composite skipped (100). Meets 2 of 7 measurable requirements; fails operating_temp_min; 4 unknown. 0 qualification clauses under MIL-PRF-27 require testing to verify. lifecycle/availability unknown (not enriched),0,,digikey,100,0,operating_temp_min,unknown,TDK,495-B78541A2525A003TR-ND,MIL-PRF-27,false,unknown,,,3
5950-01-224-5861__B78541A2526A003,5950-01-224-5861,B78541A2526A003,high,3,2,1,0,4,false,,,,,,Hard gate failure: operating_temp_min. composite skipped (100). Meets 2 of 7 measurable requirements; fails operating_temp_min; 4 unknown. 0 qualification clauses under MIL-PRF-27 require testing to verify. lifecycle/availability unknown (not enriched),0,,digikey,100,0,operating_temp_min,unknown,TDK,495-B78541A2526A003TR-ND,MIL-PRF-27,false,unknown,,,4
5950-01-224-5861__B78541A2528A003,5950-01-224-5861,B78541A2528A003,high,3,2,1,0,4,false,,,,,,Hard gate failure: operating_temp_min. composite skipped (100). Meets 2 of 7 measurable requirements; fails operating_temp_min; 4 unknown. 0 qualification clauses under MIL-PRF-27 require testing to verify. lifecycle/availability unknown (not enriched),0,,digikey,100,0,operating_temp_min,unknown,TDK,495-B78541A2528A003TR-ND,MIL-PRF-27,false,unknown,,,5
5950-01-224-5861__PA2627NL,5950-01-224-5861,PA2627NL,high,3,2,1,0,4,false,,,,,,Hard gate failure: operating_temp_min. composite skipped (100). Meets 2 of 7 measurable requirements; fails operating_temp_min; 4 unknown. 0 qualification clauses under MIL-PRF-27 require testing to verify. lifecycle/availability unknown (not enriched),0,,digikey,100,0,operating_temp_min,unknown,Pulse Electronics,PA2627NL-ND,MIL-PRF-27,false,unknown,,,6
5950-01-224-5861__PA2627NLT,5950-01-224-5861,PA2627NLT,high,3,2,1,0,4,false,,,,,,Hard gate failure: operating_temp_min. composite skipped (100). Meets 2 of 7 measurable requirements; fails operating_temp_min; 4 unknown. 0 qualification clauses under MIL-PRF-27 require testing to verify. lifecycle/availability unknown (not enriched),0,,digikey,100,0,operating_temp_min,unknown,Pulse Electronics,PA2627NLT-ND,MIL-PRF-27,false,unknown,,,7
5950-01-224-5861__PA3855.002NL,5950-01-224-5861,PA3855.002NL,high,3,2,1,0,4,false,,,,,,Hard gate failure: operating_temp_min. composite skipped (100). Meets 2 of 7 measurable requirements; fails operating_temp_min; 4 unknown. 0 qualification clauses under MIL-PRF-27 require testing to verify. lifecycle/availability unknown (not enriched),0,,digikey,100,0,operating_temp_min,unknown,Pulse Electronics,553-2974-ND,MIL-PRF-27,false,unknown,,,8
5961-01-017-5461__10BQ100,5961-01-017-5461,10BQ100,low,1,3,0,0,2,false,,,,,,Composite 0.0 (coverage 40%). Meets 3 of 5 measurable requirements; 2 unknown. 7 qualification clauses under MIL-PRF-38535 require testing to verify. 2 of 5 measurable requirements could not be verified (40% unknown); lifecycle status unknown; 6 distributors,7,dpa_sample_required|humidity_resistance|lot_traceability|qualification|solderability_per_j_std_002|thermal_shock_cycles|vibration_grms,digikey,0,40,,unknown,SMC Diode Solutions,1655-10BQ100TR-ND,MIL-PRF-38535,true,unknown,6,,1
5961-01-017-5461__1N4002G,5961-01-017-5461,1N4002G,low,1,3,0,0,2,false,,,0.0582,1000,,Composite 0.0 (coverage 78%). Meets 3 of 5 measurable requirements; 2 unknown. 7 qualification clauses under MIL-PRF-38535 require testing to verify. 2 of 5 measurable requirements could not be verified (40% unknown); lifecycle status unknown; 33 distributors,7,dpa_sample_required|humidity_resistance|lot_traceability|qualification|solderability_per_j_std_002|thermal_shock_cycles|vibration_grms,digikey,0,78,,unknown,onsemi,1N4002GOS-ND,MIL-PRF-38535,true,unknown,33,,2
5961-01-017-5461__1N4002RLG,5961-01-017-5461,1N4002RLG,low,1,3,0,0,2,false,,,,,,Composite 0.0 (coverage 40%). Meets 3 of 5 measurable requirements; 2 unknown. 7 qualification clauses under MIL-PRF-38535 require testing to verify. 2 of 5 measurable requirements could not be verified (40% unknown); lifecycle/availability unknown (not enriched),7,dpa_sample_required|humidity_resistance|lot_traceability|qualification|solderability_per_j_std_002|thermal_shock_cycles|vibration_grms,digikey,0,40,,unknown,onsemi,1N4002RLGOSTR-ND,MIL-PRF-38535,false,unknown,,,3
5961-01-017-5461__1N5804US,5961-01-017-5461,1N5804US,low,1,3,0,0,2,false,,,,,,Composite 0.0 (coverage 40%). Meets 3 of 5 measurable requirements; 2 unknown. 7 qualification clauses under MIL-PRF-38535 require testing to verify. 2 of 5 measurable requirements could not be verified (40% unknown); lifecycle/availability unknown (not enriched),7,dpa_sample_required|humidity_resistance|lot_traceability|qualification|solderability_per_j_std_002|thermal_shock_cycles|vibration_grms,digikey,0,40,,unknown,Microchip Technology,1N5804US-ND,MIL-PRF-38535,false,unknown,,,4
5961-01-017-5461__BYM10-100-E3/96,5961-01-017-5461,BYM10-100-E3/96,low,1,3,0,0,2,false,,,,,,Composite 0.0 (coverage 40%). Meets 3 of 5 measurable requirements; 2 unknown. 7 qualification clauses under MIL-PRF-38535 require testing to verify. 2 of 5 measurable requirements could not be verified (40% unknown); lifecycle/availability unknown (not enriched),7,dpa_sample_required|humidity_resistance|lot_traceability|qualification|solderability_per_j_std_002|thermal_shock_cycles|vibration_grms,digikey,0,40,,unknown,Vishay General Semiconductor - Diodes Division,BYM10-100-E3/96GITR-ND,MIL-PRF-38535,false,unknown,,,5
5961-01-017-5461__EGF1B,5961-01-017-5461,EGF1B,low,1,3,0,0,2,false,,,,,,Composite 0.0 (coverage 40%). Meets 3 of 5 measurable requirements; 2 unknown. 7 qualification clauses under MIL-PRF-38535 require testing to verify. 2 of 5 measurable requirements could not be verified (40% unknown); lifecycle/availability unknown (not enriched),7,dpa_sample_required|humidity_resistance|lot_traceability|qualification|solderability_per_j_std_002|thermal_shock_cycles|vibration_grms,digikey,0,40,,unknown,onsemi,EGF1BTR-ND,MIL-PRF-38535,false,unknown,,,6
5961-01-017-5461__ES1B-LTP,5961-01-017-5461,ES1B-LTP,low,1,3,0,0,2,false,,,,,,Composite 0.0 (coverage 40%). Meets 3 of 5 measurable requirements; 2 unknown. 7 qualification clauses under MIL-PRF-38535 require testing to verify. 2 of 5 measurable requirements could not be verified (40% unknown); lifecycle/availability unknown (not enriched),7,dpa_sample_required|humidity_resistance|lot_traceability|qualification|solderability_per_j_std_002|thermal_shock_cycles|vibration_grms,digikey,0,40,,unknown,MCC (Micro Commercial Components),ES1B-LTPMSTR-ND,MIL-PRF-38535,false,unknown,,,7
5961-01-017-5461__GF1B,5961-01-017-5461,GF1B,low,1,3,0,0,2,false,,,,,,Composite 0.0 (coverage 40%). Meets 3 of 5 measurable requirements; 2 unknown. 7 qualification clauses under MIL-PRF-38535 require testing to verify. 2 of 5 measurable requirements could not be verified (40% unknown); lifecycle/availability unknown (not enriched),7,dpa_sample_required|humidity_resistance|lot_traceability|qualification|solderability_per_j_std_002|thermal_shock_cycles|vibration_grms,digikey,0,40,,unknown,onsemi,GF1BFSTR-ND,MIL-PRF-38535,false,unknown,,,8
5961-01-017-5461__MBR1H100SFT3G,5961-01-017-5461,MBR1H100SFT3G,low,1,3,0,0,2,false,,,,,,Composite 0.0 (coverage 40%). Meets 3 of 5 measurable requirements; 2 unknown. 7 qualification clauses under MIL-PRF-38535 require testing to verify. 2 of 5 measurable requirements could not be verified (40% unknown); lifecycle/availability unknown (not enriched),7,dpa_sample_required|humidity_resistance|lot_traceability|qualification|solderability_per_j_std_002|thermal_shock_cycles|vibration_grms,digikey,0,40,,unknown,onsemi,MBR1H100SFT3GOSTR-ND,MIL-PRF-38535,false,unknown,,,9
5961-01-017-5461__MBRS1100T3G,5961-01-017-5461,MBRS1100T3G,low,1,3,0,0,2,false,,,,,,Composite 0.0 (coverage 40%). Meets 3 of 5 measurable requirements; 2 unknown. 7 qualification clauses under MIL-PRF-38535 require testing to verify. 2 of 5 measurable requirements could not be verified (40% unknown); lifecycle/availability unknown (not enriched),7,dpa_sample_required|humidity_resistance|lot_traceability|qualification|solderability_per_j_std_002|thermal_shock_cycles|vibration_grms,digikey,0,40,,unknown,onsemi,MBRS1100T3GOSTR-ND,MIL-PRF-38535,false,unknown,,,10
5961-01-017-5461__MSE1PB-M3/89A,5961-01-017-5461,MSE1PB-M3/89A,low,1,3,0,0,2,false,,,,,,Composite 0.0 (coverage 40%). Meets 3 of 5 measurable requirements; 2 unknown. 7 qualification clauses under MIL-PRF-38535 require testing to verify. 2 of 5 measurable requirements could not be verified (40% unknown); lifecycle/availability unknown (not enriched),7,dpa_sample_required|humidity_resistance|lot_traceability|qualification|solderability_per_j_std_002|thermal_shock_cycles|vibration_grms,digikey,0,40,,unknown,Vishay General Semiconductor - Diodes Division,MSE1PB-M3/89AGITR-ND,MIL-PRF-38535,false,unknown,,,11
5961-01-017-5461__MUH1PB-M3/89A,5961-01-017-5461,MUH1PB-M3/89A,low,1,3,0,0,2,false,,,,,,Composite 0.0 (coverage 40%). Meets 3 of 5 measurable requirements; 2 unknown. 7 qualification clauses under MIL-PRF-38535 require testing to verify. 2 of 5 measurable requirements could not be verified (40% unknown); lifecycle/availability unknown (not enriched),7,dpa_sample_required|humidity_resistance|lot_traceability|qualification|solderability_per_j_std_002|thermal_shock_cycles|vibration_grms,digikey,0,40,,unknown,Vishay General Semiconductor - Diodes Division,MUH1PB-M3/89AGITR-ND,MIL-PRF-38535,false,unknown,,,12
5961-01-017-5461__MUH1PBHM3/89A,5961-01-017-5461,MUH1PBHM3/89A,low,1,3,0,0,2,false,,,,,,Composite 0.0 (coverage 40%). Meets 3 of 5 measurable requirements; 2 unknown. 7 qualification clauses under MIL-PRF-38535 require testing to verify. 2 of 5 measurable requirements could not be verified (40% unknown); lifecycle/availability unknown (not enriched),7,dpa_sample_required|humidity_resistance|lot_traceability|qualification|solderability_per_j_std_002|thermal_shock_cycles|vibration_grms,digikey,0,40,,unknown,Vishay General Semiconductor - Diodes Division,MUH1PBHM3/89AGITR-ND,MIL-PRF-38535,false,unknown,,,13
5961-01-017-5461__MUR110G,5961-01-017-5461,MUR110G,low,1,3,0,0,2,false,,,,,,Composite 0.0 (coverage 40%). Meets 3 of 5 measurable requirements; 2 unknown. 7 qualification clauses under MIL-PRF-38535 require testing to verify. 2 of 5 measurable requirements could not be verified (40% unknown); lifecycle/availability unknown (not enriched),7,dpa_sample_required|humidity_resistance|lot_traceability|qualification|solderability_per_j_std_002|thermal_shock_cycles|vibration_grms,digikey,0,40,,unknown,onsemi,MUR110GOS-ND,MIL-PRF-38535,false,unknown,,,14
5961-01-017-5461__MUR110RLG,5961-01-017-5461,MUR110RLG,low,1,3,0,0,2,false,,,,,,Composite 0.0 (coverage 40%). Meets 3 of 5 measurable requirements; 2 unknown. 7 qualification clauses under MIL-PRF-38535 require testing to verify. 2 of 5 measurable requirements could not be verified (40% unknown); lifecycle/availability unknown (not enriched),7,dpa_sample_required|humidity_resistance|lot_traceability|qualification|solderability_per_j_std_002|thermal_shock_cycles|vibration_grms,digikey,0,40,,unknown,onsemi,MUR110RLGOSTR-ND,MIL-PRF-38535,false,unknown,,,15
5961-01-017-5461__MURA110T3G,5961-01-017-5461,MURA110T3G,low,1,3,0,0,2,false,,,,,,Composite 0.0 (coverage 40%). Meets 3 of 5 measurable requirements; 2 unknown. 7 qualification clauses under MIL-PRF-38535 require testing to verify. 2 of 5 measurable requirements could not be verified (40% unknown); lifecycle/availability unknown (not enriched),7,dpa_sample_required|humidity_resistance|lot_traceability|qualification|solderability_per_j_std_002|thermal_shock_cycles|vibration_grms,digikey,0,40,,unknown,onsemi,MURA110T3GOSTR-ND,MIL-PRF-38535,false,unknown,,,16
5961-01-017-5461__MURS110T3G,5961-01-017-5461,MURS110T3G,low,1,3,0,0,2,false,,,,,,Composite 0.0 (coverage 40%). Meets 3 of 5 measurable requirements; 2 unknown. 7 qualification clauses under MIL-PRF-38535 require testing to verify. 2 of 5 measurable requirements could not be verified (40% unknown); lifecycle/availability unknown (not enriched),7,dpa_sample_required|humidity_resistance|lot_traceability|qualification|solderability_per_j_std_002|thermal_shock_cycles|vibration_grms,digikey,0,40,,unknown,onsemi,MURS110T3GOSTR-ND,MIL-PRF-38535,false,unknown,,,17
5961-01-017-5461__NRVB1H100SFT3G,5961-01-017-5461,NRVB1H100SFT3G,low,1,3,0,0,2,false,,,,,,Composite 0.0 (coverage 40%). Meets 3 of 5 measurable requirements; 2 unknown. 7 qualification clauses under MIL-PRF-38535 require testing to verify. 2 of 5 measurable requirements could not be verified (40% unknown); lifecycle/availability unknown (not enriched),7,dpa_sample_required|humidity_resistance|lot_traceability|qualification|solderability_per_j_std_002|thermal_shock_cycles|vibration_grms,digikey,0,40,,unknown,onsemi,NRVB1H100SFT3GOSTR-ND,MIL-PRF-38535,false,unknown,,,18
5961-01-017-5461__NRVUA110VT3G,5961-01-017-5461,NRVUA110VT3G,low,1,3,0,0,2,false,,,,,,Composite 0.0 (coverage 40%). Meets 3 of 5 measurable requirements; 2 unknown. 7 qualification clauses under MIL-PRF-38535 require testing to verify. 2 of 5 measurable requirements could not be verified (40% unknown); lifecycle/availability unknown (not enriched),7,dpa_sample_required|humidity_resistance|lot_traceability|qualification|solderability_per_j_std_002|thermal_shock_cycles|vibration_grms,digikey,0,40,,unknown,onsemi,488-NRVUA110VT3GTR-ND,MIL-PRF-38535,false,unknown,,,19
5961-01-017-5461__PMEG10010ELR-QX,5961-01-017-5461,PMEG10010ELR-QX,low,1,3,0,0,2,false,,,,,,Composite 0.0 (coverage 40%). Meets 3 of 5 measurable requirements; 2 unknown. 7 qualification clauses under MIL-PRF-38535 require testing to verify. 2 of 5 measurable requirements could not be verified (40% unknown); lifecycle/availability unknown (not enriched),7,dpa_sample_required|humidity_resistance|lot_traceability|qualification|solderability_per_j_std_002|thermal_shock_cycles|vibration_grms,digikey,0,40,,unknown,Nexperia USA Inc.,1727-PMEG10010ELR-QXTR-ND,MIL-PRF-38535,false,unknown,,,20
5961-01-017-5461__PMEG10010ELXE-QX,5961-01-017-5461,PMEG10010ELXE-QX,low,1,3,0,0,2,false,,,,,,Composite 0.0 (coverage 40%). Meets 3 of 5 measurable requirements; 2 unknown. 7 qualification clauses under MIL-PRF-38535 require testing to verify. 2 of 5 measurable requirements could not be verified (40% unknown); lifecycle/availability unknown (not enriched),7,dpa_sample_required|humidity_resistance|lot_traceability|qualification|solderability_per_j_std_002|thermal_shock_cycles|vibration_grms,digikey,0,40,,unknown,Nexperia USA Inc.,1727-PMEG10010ELXE-QXTR-ND,MIL-PRF-38535,false,unknown,,,21
5961-01-017-5461__PMEG10010ELXEX,5961-01-017-5461,PMEG10010ELXEX,low,1,3,0,0,2,false,,,,,,Composite 0.0 (coverage 40%). Meets 3 of 5 measurable requirements; 2 unknown. 7 qualification clauses under MIL-PRF-38535 require testing to verify. 2 of 5 measurable requirements could not be verified (40% unknown); lifecycle/availability unknown (not enriched),7,dpa_sample_required|humidity_resistance|lot_traceability|qualification|solderability_per_j_std_002|thermal_shock_cycles|vibration_grms,digikey,0,40,,unknown,Nexperia USA Inc.,1727-PMEG10010ELXEXTR-ND,MIL-PRF-38535,false,unknown,,,22
5961-01-017-5461__PMEG100T10ELR-QX,5961-01-017-5461,PMEG100T10ELR-QX,low,1,3,0,0,2,false,,,,,,Composite 0.0 (coverage 40%). Meets 3 of 5 measurable requirements; 2 unknown. 7 qualification clauses under MIL-PRF-38535 require testing to verify. 2 of 5 measurable requirements could not be verified (40% unknown); lifecycle/availability unknown (not enriched),7,dpa_sample_required|humidity_resistance|lot_traceability|qualification|solderability_per_j_std_002|thermal_shock_cycles|vibration_grms,digikey,0,40,,unknown,Nexperia USA Inc.,1727-PMEG100T10ELR-QXTR-ND,MIL-PRF-38535,false,unknown,,,23
5961-01-017-5461__PMEG100T10ELRX,5961-01-017-5461,PMEG100T10ELRX,low,1,3,0,0,2,false,,,,,,Composite 0.0 (coverage 40%). Meets 3 of 5 measurable requirements; 2 unknown. 7 qualification clauses under MIL-PRF-38535 require testing to verify. 2 of 5 measurable requirements could not be verified (40% unknown); lifecycle/availability unknown (not enriched),7,dpa_sample_required|humidity_resistance|lot_traceability|qualification|solderability_per_j_std_002|thermal_shock_cycles|vibration_grms,digikey,0,40,,unknown,Nexperia USA Inc.,1727-PMEG100T10ELRXTR-ND,MIL-PRF-38535,false,unknown,,,24
5961-01-017-5461__1N4002,5961-01-017-5461,1N4002,low,1,3,0,0,2,false,,,0.0371,1000,,Composite 1.1 (coverage 78%). Meets 3 of 5 measurable requirements; 2 unknown. 7 qualification clauses under MIL-PRF-38535 require testing to verify. 2 of 5 measurable requirements could not be verified (40% unknown); lifecycle status unknown; 12 distributors,7,dpa_sample_required|humidity_resistance|lot_traceability|qualification|solderability_per_j_std_002|thermal_shock_cycles|vibration_grms,digikey,1.08262,78,,unknown,Diotec Semiconductor,4878-1N4002CT-ND,MIL-PRF-38535,true,unknown,12,,25
5999-00-162-1259__07-0201-0875,5999-00-162-1259,07-0201-0875,medium,2,2,0,0,5,false,,,56.0853,1000,,Composite 31.1 (coverage 38%). Meets 2 of 7 measurable requirements; 5 unknown. 5 qualification clauses under MIL-DTL-24308 require testing to verify. 5 of 7 measurable requirements could not be verified (71% unknown); lifecycle status unknown; single-sourced (1 distributor),5,humidity_resistance|lot_traceability|qualification|thermal_shock_cycles|vibration_grms,digikey,31.1111,38,,unknown,Parker Chomerics,1944-1235-ND,MIL-DTL-24308,true,unknown,1,,1
5999-00-162-1259__9420801.14,5999-00-162-1259,9420801.14,unscored,4,3,0,0,4,false,,,62117,1000,,No scoreable composite attributes (weight coverage 0%); insufficient data to score. Meets 3 of 7 measurable requirements; 4 unknown. 5 qualification clauses under MIL-DTL-24308 require testing to verify. 4 of 7 measurable requirements could not be verified (57% unknown); lifecycle status unknown; 2 distributors,5,humidity_resistance|lot_traceability|qualification|thermal_shock_cycles|vibration_grms,digikey,,0,,unknown,JULABO,2880-9420801.14-ND,MIL-DTL-24308,true,unknown,2,,2
5999-00-162-1259__9420801.16.T,5999-00-162-1259,9420801.16.T,unscored,4,3,0,0,4,false,,,65200,1000,,No scoreable composite attributes (weight coverage 0%); insufficient data to score. Meets 3 of 7 measurable requirements; 4 unknown. 5 qualification clauses under MIL-DTL-24308 require testing to verify. 4 of 7 measurable requirements could not be verified (57% unknown); lifecycle status unknown; single-sourced (1 distributor),5,humidity_resistance|lot_traceability|qualification|thermal_shock_cycles|vibration_grms,digikey,,0,,unknown,JULABO,2880-9420801.16.T-ND,MIL-DTL-24308,true,unknown,1,,3
5999-00-162-1259__10-04-1687-1298,5999-00-162-1259,10-04-1687-1298,unscored,4,2,0,0,5,false,,,,,,No scoreable composite attributes (weight coverage 0%); insufficient data to score. Meets 2 of 7 measurable requirements; 5 unknown. 5 qualification clauses under MIL-DTL-24308 require testing to verify. 5 of 7 measurable requirements could not be verified (71% unknown); lifecycle/availability unknown (not enriched),5,humidity_resistance|lot_traceability|qualification|thermal_shock_cycles|vibration_grms,digikey,,0,,unknown,Parker Chomerics,1944-10-04-1687-1298-DS-ND,MIL-DTL-24308,false,unknown,,,4
5999-00-162-1259__10-04-1720-1298,5999-00-162-1259,10-04-1720-1298,unscored,4,2,0,0,5,false,,,,,,No scoreable composite attributes (weight coverage 0%); insufficient data to score. Meets 2 of 7 measurable requirements; 5 unknown. 5 qualification clauses under MIL-DTL-24308 require testing to verify. 5 of 7 measurable requirements could not be verified (71% unknown); lifecycle/availability unknown (not enriched),5,humidity_resistance|lot_traceability|qualification|thermal_shock_cycles|vibration_grms,digikey,,0,,unknown,Parker Chomerics,1944-10-04-1720-1298-DS-ND,MIL-DTL-24308,false,unknown,,,5
5999-00-162-1259__10-04-2657-1298,5999-00-162-1259,10-04-2657-1298,unscored,4,2,0,0,5,false,,,,,,No scoreable composite attributes (weight coverage 0%); insufficient data to score. Meets 2 of 7 measurable requirements; 5 unknown. 5 qualification clauses under MIL-DTL-24308 require testing to verify. 5 of 7 measurable requirements could not be verified (71% unknown); lifecycle/availability unknown (not enriched),5,humidity_resistance|lot_traceability|qualification|thermal_shock_cycles|vibration_grms,digikey,,0,,unknown,Parker Chomerics,1944-10-04-2657-1298-DS-ND,MIL-DTL-24308,false,unknown,,,6
5999-00-162-1259__10-04-2737-1298,5999-00-162-1259,10-04-2737-1298,unscored,4,2,0,0,5,false,,,,,,No scoreable composite attributes (weight coverage 0%); insufficient data to score. Meets 2 of 7 measurable requirements; 5 unknown. 5 qualification clauses under MIL-DTL-24308 require testing to verify. 5 of 7 measurable requirements could not be verified (71% unknown); lifecycle/availability unknown (not enriched),5,humidity_resistance|lot_traceability|qualification|thermal_shock_cycles|vibration_grms,digikey,,0,,unknown,Parker Chomerics,1944-10-04-2737-1298-DS-ND,MIL-DTL-24308,false,unknown,,,7
5999-00-162-1259__10-04-8363-1298,5999-00-162-1259,10-04-8363-1298,unscored,4,2,0,0,5,false,,,,,,No scoreable composite attributes (weight coverage 0%); insufficient data to score. Meets 2 of 7 measurable requirements; 5 unknown. 5 qualification clauses under MIL-DTL-24308 require testing to verify. 5 of 7 measurable requirements could not be verified (71% unknown); lifecycle/availability unknown (not enriched),5,humidity_resistance|lot_traceability|qualification|thermal_shock_cycles|vibration_grms,digikey,,0,,unknown,Parker Chomerics,1944-10-04-8363-1298-DS-ND,MIL-DTL-24308,false,unknown,,,8
5999-00-162-1259__10-04-8817-1298,5999-00-162-1259,10-04-8817-1298,unscored,4,2,0,0,5,false,,,,,,No scoreable composite attributes (weight coverage 0%); insufficient data to score. Meets 2 of 7 measurable requirements; 5 unknown. 5 qualification clauses under MIL-DTL-24308 require testing to verify. 5 of 7 measurable requirements could not be verified (71% unknown); lifecycle/availability unknown (not enriched),5,humidity_resistance|lot_traceability|qualification|thermal_shock_cycles|vibration_grms,digikey,,0,,unknown,Parker Chomerics,1944-10-04-8817-1298-DS-ND,MIL-DTL-24308,false,unknown,,,9
5999-00-162-1259__10-04-W163-1298,5999-00-162-1259,10-04-W163-1298,unscored,4,2,0,0,5,false,,,,,,No scoreable composite attributes (weight coverage 0%); insufficient data to score. Meets 2 of 7 measurable requirements; 5 unknown. 5 qualification clauses under MIL-DTL-24308 require testing to verify. 5 of 7 measurable requirements could not be verified (71% unknown); lifecycle/availability unknown (not enriched),5,humidity_resistance|lot_traceability|qualification|thermal_shock_cycles|vibration_grms,digikey,,0,,unknown,Parker Chomerics,1944-10-04-W163-1298-DS-ND,MIL-DTL-24308,false,unknown,,,10
5999-00-162-1259__10-04-W267-1298,5999-00-162-1259,10-04-W267-1298,unscored,4,2,0,0,5,false,,,,,,No scoreable composite attributes (weight coverage 0%); insufficient data to score. Meets 2 of 7 measurable requirements; 5 unknown. 5 qualification clauses under MIL-DTL-24308 require testing to verify. 5 of 7 measurable requirements could not be verified (71% unknown); lifecycle/availability unknown (not enriched),5,humidity_resistance|lot_traceability|qualification|thermal_shock_cycles|vibration_grms,digikey,,0,,unknown,Parker Chomerics,1944-10-04-W267-1298-DS-ND,MIL-DTL-24308,false,unknown,,,11
5999-00-162-1259__1201-FSA-0018-1,5999-00-162-1259,1201-FSA-0018-1,unscored,4,2,0,0,5,false,,,,,,No scoreable composite attributes (weight coverage 0%); insufficient data to score. Meets 2 of 7 measurable requirements; 5 unknown. 5 qualification clauses under MIL-DTL-24308 require testing to verify. 5 of 7 measurable requirements could not be verified (71% unknown); lifecycle/availability unknown (not enriched),5,humidity_resistance|lot_traceability|qualification|thermal_shock_cycles|vibration_grms,digikey,,0,,unknown,TE Kemtron,4535-1201-FSA-0018-1-ND,MIL-DTL-24308,false,unknown,,,12
5999-00-162-1259__1201-FSA-0020-1,5999-00-162-1259,1201-FSA-0020-1,unscored,4,2,0,0,5,false,,,,,,No scoreable composite attributes (weight coverage 0%); insufficient data to score. Meets 2 of 7 measurable requirements; 5 unknown. 5 qualification clauses under MIL-DTL-24308 require testing to verify. 5 of 7 measurable requirements could not be verified (71% unknown); lifecycle/availability unknown (not enriched),5,humidity_resistance|lot_traceability|qualification|thermal_shock_cycles|vibration_grms,digikey,,0,,unknown,TE Kemtron,4535-1201-FSA-0020-1-ND,MIL-DTL-24308,false,unknown,,,13
5999-00-162-1259__1201-SSA-0020,5999-00-162-1259,1201-SSA-0020,unscored,4,2,0,0,5,false,,,,,,No scoreable composite attributes (weight coverage 0%); insufficient data to score. Meets 2 of 7 measurable requirements; 5 unknown. 5 qualification clauses under MIL-DTL-24308 require testing to verify. 5 of 7 measurable requirements could not be verified (71% unknown); lifecycle/availability unknown (not enriched),5,humidity_resistance|lot_traceability|qualification|thermal_shock_cycles|vibration_grms,digikey,,0,,unknown,TE Kemtron,4535-1201-SSA-0020-ND,MIL-DTL-24308,false,unknown,,,14
5999-00-162-1259__1202-FNG-0016-0005,5999-00-162-1259,1202-FNG-0016-0005,unscored,4,2,0,0,5,false,,,,,,No scoreable composite attributes (weight coverage 0%); insufficient data to score. Meets 2 of 7 measurable requirements; 5 unknown. 5 qualification clauses under MIL-DTL-24308 require testing to verify. 5 of 7 measurable requirements could not be verified (71% unknown); lifecycle/availability unknown (not enriched),5,humidity_resistance|lot_traceability|qualification|thermal_shock_cycles|vibration_grms,digikey,,0,,unknown,TE Kemtron,4535-1202-FNG-0016-0005-ND,MIL-DTL-24308,false,unknown,,,15
5999-00-162-1259__1202-FNG-0032-0011,5999-00-162-1259,1202-FNG-0032-0011,unscored,4,2,0,0,5,false,,,,,,No scoreable composite attributes (weight coverage 0%); insufficient data to score. Meets 2 of 7 measurable requirements; 5 unknown. 5 qualification clauses under MIL-DTL-24308 require testing to verify. 5 of 7 measurable requirements could not be verified (71% unknown); lifecycle/availability unknown (not enriched),5,humidity_resistance|lot_traceability|qualification|thermal_shock_cycles|vibration_grms,digikey,,0,,unknown,TE Kemtron,4535-1202-FNG-0032-0011-ND,MIL-DTL-24308,false,unknown,,,16
5999-00-162-1259__1202-FSA-0016-0005,5999-00-162-1259,1202-FSA-0016-0005,unscored,4,2,0,0,5,false,,,,,,No scoreable composite attributes (weight coverage 0%); insufficient data to score. Meets 2 of 7 measurable requirements; 5 unknown. 5 qualification clauses under MIL-DTL-24308 require testing to verify. 5 of 7 measurable requirements could not be verified (71% unknown); lifecycle/availability unknown (not enriched),5,humidity_resistance|lot_traceability|qualification|thermal_shock_cycles|vibration_grms,digikey,,0,,unknown,TE Kemtron,4535-1202-FSA-0016-0005-ND,MIL-DTL-24308,false,unknown,,,17
5999-00-162-1259__1202-FSA-0026-0011-1,5999-00-162-1259,1202-FSA-0026-0011-1,unscored,4,2,0,0,5,false,,,,,,No scoreable composite attributes (weight coverage 0%); insufficient data to score. Meets 2 of 7 measurable requirements; 5 unknown. 5 qualification clauses under MIL-DTL-24308 require testing to verify. 5 of 7 measurable requirements could not be verified (71% unknown); lifecycle/availability unknown (not enriched),5,humidity_resistance|lot_traceability|qualification|thermal_shock_cycles|vibration_grms,digikey,,0,,unknown,TE Kemtron,4535-1202-FSA-0026-0011-1-ND,MIL-DTL-24308,false,unknown,,,18
5999-00-162-1259__1202-FSA-0032-0011,5999-00-162-1259,1202-FSA-0032-0011,unscored,4,2,0,0,5,false,,,,,,No scoreable composite attributes (weight coverage 0%); insufficient data to score. Meets 2 of 7 measurable requirements; 5 unknown. 5 qualification clauses under MIL-DTL-24308 require testing to verify. 5 of 7 measurable requirements could not be verified (71% unknown); lifecycle/availability unknown (not enriched),5,humidity_resistance|lot_traceability|qualification|thermal_shock_cycles|vibration_grms,digikey,,0,,unknown,TE Kemtron,4535-1202-FSA-0032-0011-ND,MIL-DTL-24308,false,unknown,,,19
5999-00-162-1259__1202-FSA-0032-0011-1,5999-00-162-1259,1202-FSA-0032-0011-1,unscored,4,2,0,0,5,false,,,,,,No scoreable composite attributes (weight coverage 0%); insufficient data to score. Meets 2 of 7 measurable requirements; 5 unknown. 5 qualification clauses under MIL-DTL-24308 require testing to verify. 5 of 7 measurable requirements could not be verified (71% unknown); lifecycle/availability unknown (not enriched),5,humidity_resistance|lot_traceability|qualification|thermal_shock_cycles|vibration_grms,digikey,,0,,unknown,TE Kemtron,4535-1202-FSA-0032-0011-1-ND,MIL-DTL-24308,false,unknown,,,20
5999-00-162-1259__1202-SSA-0016-0005,5999-00-162-1259,1202-SSA-0016-0005,unscored,4,2,0,0,5,false,,,,,,No scoreable composite attributes (weight coverage 0%); insufficient data to score. Meets 2 of 7 measurable requirements; 5 unknown. 5 qualification clauses under MIL-DTL-24308 require testing to verify. 5 of 7 measurable requirements could not be verified (71% unknown); lifecycle/availability unknown (not enriched),5,humidity_resistance|lot_traceability|qualification|thermal_shock_cycles|vibration_grms,digikey,,0,,unknown,TE Kemtron,4535-1202-SSA-0016-0005-ND,MIL-DTL-24308,false,unknown,,,21
5999-00-162-1259__1202-SSA-0026-0011,5999-00-162-1259,1202-SSA-0026-0011,unscored,4,2,0,0,5,false,,,,,,No scoreable composite attributes (weight coverage 0%); insufficient data to score. Meets 2 of 7 measurable requirements; 5 unknown. 5 qualification clauses under MIL-DTL-24308 require testing to verify. 5 of 7 measurable requirements could not be verified (71% unknown); lifecycle/availability unknown (not enriched),5,humidity_resistance|lot_traceability|qualification|thermal_shock_cycles|vibration_grms,digikey,,0,,unknown,TE Kemtron,4535-1202-SSA-0026-0011-ND,MIL-DTL-24308,false,unknown,,,22
5999-00-162-1259__1202-SSA-0032-0011,5999-00-162-1259,1202-SSA-0032-0011,unscored,4,2,0,0,5,false,,,,,,No scoreable composite attributes (weight coverage 0%); insufficient data to score. Meets 2 of 7 measurable requirements; 5 unknown. 5 qualification clauses under MIL-DTL-24308 require testing to verify. 5 of 7 measurable requirements could not be verified (71% unknown); lifecycle/availability unknown (not enriched),5,humidity_resistance|lot_traceability|qualification|thermal_shock_cycles|vibration_grms,digikey,,0,,unknown,TE Kemtron,4535-1202-SSA-0032-0011-ND,MIL-DTL-24308,false,unknown,,,23
5999-00-162-1259__19-04-14206-1298,5999-00-162-1259,19-04-14206-1298,unscored,4,2,0,0,5,false,,,,,,No scoreable composite attributes (weight coverage 0%); insufficient data to score. Meets 2 of 7 measurable requirements; 5 unknown. 5 qualification clauses under MIL-DTL-24308 require testing to verify. 5 of 7 measurable requirements could not be verified (71% unknown); lifecycle/availability unknown (not enriched),5,humidity_resistance|lot_traceability|qualification|thermal_shock_cycles|vibration_grms,digikey,,0,,unknown,Parker Chomerics,1944-19-04-14206-1298-DS-ND,MIL-DTL-24308,false,unknown,,,24
5999-00-162-1259__19-04-16162-1298,5999-00-162-1259,19-04-16162-1298,unscored,4,2,0,0,5,false,,,,,,No scoreable composite attributes (weight coverage 0%); insufficient data to score. Meets 2 of 7 measurable requirements; 5 unknown. 5 qualification clauses under MIL-DTL-24308 require testing to verify. 5 of 7 measurable requirements could not be verified (71% unknown); lifecycle/availability unknown (not enriched),5,humidity_resistance|lot_traceability|qualification|thermal_shock_cycles|vibration_grms,digikey,,0,,unknown,Parker Chomerics,1944-19-04-16162-1298-DS-ND,MIL-DTL-24308,false,unknown,,,25
5999-00-196-0634__3082,5999-00-196-0634,3082,low,1,0,0,0,7,false,,,0.316,1000,,Composite 0.0 (coverage 38%). Meets 0 of 7 measurable requirements; 7 unknown. 5 qualification clauses under MIL-PRF-49464 require testing to verify. 7 of 7 measurable requirements could not be verified (100% unknown); lifecycle status unknown; 6 distributors,5,humidity_resistance|lot_traceability|qualification|thermal_shock_cycles|vibration_grms,digikey,0,38,,unknown,Adafruit Industries LLC,1528-1693-ND,MIL-PRF-49464,true,unknown,6,,1
5999-00-196-0634__110991327,5999-00-196-0634,110991327,low,1,0,0,0,7,false,,,1.045,1000,,Composite 7.8 (coverage 38%). Meets 0 of 7 measurable requirements; 7 unknown. 5 qualification clauses under MIL-PRF-49464 require testing to verify. 7 of 7 measurable requirements could not be verified (100% unknown); lifecycle status unknown; 8 distributors,5,humidity_resistance|lot_traceability|qualification|thermal_shock_cycles|vibration_grms,digikey,7.77778,38,,unknown,"Seeed Technology Co., Ltd",1597-110991327-ND,MIL-PRF-49464,true,unknown,8,,2
5999-00-196-0634__217-36CTRE6,5999-00-196-0634,217-36CTRE6,medium,2,0,0,0,7,false,,,119.8,1000,,Composite 62.2 (coverage 38%). Meets 0 of 7 measurable requirements; 7 unknown. 5 qualification clauses under MIL-PRF-49464 require testing to verify. 7 of 7 measurable requirements could not be verified (100% unknown); lifecycle status unknown; 12 distributors,5,humidity_resistance|lot_traceability|qualification|thermal_shock_cycles|vibration_grms,digikey,62.2222,38,,unknown,Wakefield Thermal Solutions,345-217-36CTRE6TR-ND,MIL-PRF-49464,true,unknown,12,,3
5999-00-196-0634__3083,5999-00-196-0634,3083,unscored,4,0,0,0,7,false,,,,,,No scoreable composite attributes (weight coverage 0%); insufficient data to score. Meets 0 of 7 measurable requirements; 7 unknown. 5 qualification clauses under MIL-PRF-49464 require testing to verify. 7 of 7 measurable requirements could not be verified (100% unknown); lifecycle/availability unknown (not enriched),5,humidity_resistance|lot_traceability|qualification|thermal_shock_cycles|vibration_grms,digikey,,0,,unknown,Adafruit Industries LLC,1528-1697-ND,MIL-PRF-49464,false,unknown,,,4
5999-00-196-0634__374124B00035G,5999-00-196-0634,374124B00035G,unscored,4,0,0,0,7,false,,,,,,No scoreable composite attributes (weight coverage 0%); insufficient data to score. Meets 0 of 7 measurable requirements; 7 unknown. 5 qualification clauses under MIL-PRF-49464 require testing to verify. 7 of 7 measurable requirements could not be verified (100% unknown); lifecycle/availability unknown (not enriched),5,humidity_resistance|lot_traceability|qualification|thermal_shock_cycles|vibration_grms,digikey,,0,,unknown,"Boyd Laconia, LLC",HS317-ND,MIL-PRF-49464,false,unknown,,,5
5999-00-196-0634__374424B00035G,5999-00-196-0634,374424B00035G,unscored,4,0,0,0,7,false,,,,,,No scoreable composite attributes (weight coverage 0%); insufficient data to score. Meets 0 of 7 measurable requirements; 7 unknown. 5 qualification clauses under MIL-PRF-49464 require testing to verify. 7 of 7 measurable requirements could not be verified (100% unknown); lifecycle/availability unknown (not enriched),5,humidity_resistance|lot_traceability|qualification|thermal_shock_cycles|vibration_grms,digikey,,0,,unknown,"Boyd Laconia, LLC",HS319-ND,MIL-PRF-49464,false,unknown,,,6
5999-00-196-0634__375424B00034G,5999-00-196-0634,375424B00034G,unscored,4,0,0,0,7,false,,,,,,No scoreable composite attributes (weight coverage 0%); insufficient data to score. Meets 0 of 7 measurable requirements; 7 unknown. 5 qualification clauses under MIL-PRF-49464 require testing to verify. 7 of 7 measurable requirements could not be verified (100% unknown); lifecycle/availability unknown (not enriched),5,humidity_resistance|lot_traceability|qualification|thermal_shock_cycles|vibration_grms,digikey,,0,,unknown,"Boyd Laconia, LLC",375424B00034G-ND,MIL-PRF-49464,false,unknown,,,7
5999-00-196-0634__504102B00000G,5999-00-196-0634,504102B00000G,unscored,4,0,0,0,7,false,,,,,,No scoreable composite attributes (weight coverage 0%); insufficient data to score. Meets 0 of 7 measurable requirements; 7 unknown. 5 qualification clauses under MIL-PRF-49464 require testing to verify. 7 of 7 measurable requirements could not be verified (100% unknown); lifecycle/availability unknown (not enriched),5,humidity_resistance|lot_traceability|qualification|thermal_shock_cycles|vibration_grms,digikey,,0,,unknown,"Boyd Laconia, LLC",HS104-1-ND,MIL-PRF-49464,false,unknown,,,8
5999-00-196-0634__504222B00000G,5999-00-196-0634,504222B00000G,unscored,4,0,0,0,7,false,,,,,,No scoreable composite attributes (weight coverage 0%); insufficient data to score. Meets 0 of 7 measurable requirements; 7 unknown. 5 qualification clauses under MIL-PRF-49464 require testing to verify. 7 of 7 measurable requirements could not be verified (100% unknown); lifecycle/availability unknown (not enriched),5,humidity_resistance|lot_traceability|qualification|thermal_shock_cycles|vibration_grms,digikey,,0,,unknown,"Boyd Laconia, LLC",HS104-2-ND,MIL-PRF-49464,false,unknown,,,9
5999-00-196-0634__507222B00000G,5999-00-196-0634,507222B00000G,unscored,4,0,0,0,7,false,,,,,,No scoreable composite attributes (weight coverage 0%); insufficient data to score. Meets 0 of 7 measurable requirements; 7 unknown. 5 qualification clauses under MIL-PRF-49464 require testing to verify. 7 of 7 measurable requirements could not be verified (100% unknown); lifecycle/availability unknown (not enriched),5,humidity_resistance|lot_traceability|qualification|thermal_shock_cycles|vibration_grms,digikey,,0,,unknown,"Boyd Laconia, LLC",HS114-ND,MIL-PRF-49464,false,unknown,,,10
5999-00-196-0634__507302B00000G,5999-00-196-0634,507302B00000G,unscored,4,0,0,0,7,false,,,,,,No scoreable composite attributes (weight coverage 0%); insufficient data to score. Meets 0 of 7 measurable requirements; 7 unknown. 5 qualification clauses under MIL-PRF-49464 require testing to verify. 7 of 7 measurable requirements could not be verified (100% unknown); lifecycle/availability unknown (not enriched),5,humidity_resistance|lot_traceability|qualification|thermal_shock_cycles|vibration_grms,digikey,,0,,unknown,"Boyd Laconia, LLC",HS115-ND,MIL-PRF-49464,false,unknown,,,11
5999-00-196-0634__513102B02500G,5999-00-196-0634,513102B02500G,unscored,4,0,0,0,7,false,,,,,,No scoreable composite attributes (weight coverage 0%); insufficient data to score. Meets 0 of 7 measurable requirements; 7 unknown. 5 qualification clauses under MIL-PRF-49464 require testing to verify. 7 of 7 measurable requirements could not be verified (100% unknown); lifecycle/availability unknown (not enriched),5,humidity_resistance|lot_traceability|qualification|thermal_shock_cycles|vibration_grms,digikey,,0,,unknown,"Boyd Laconia, LLC",HS346-ND,MIL-PRF-49464,false,unknown,,,12
5999-00-196-0634__518-95AB,5999-00-196-0634,518-95AB,unscored,4,0,0,0,7,false,,,,,,No scoreable composite attributes (weight coverage 0%); insufficient data to score. Meets 0 of 7 measurable requirements; 7 unknown. 5 qualification clauses under MIL-PRF-49464 require testing to verify. 7 of 7 measurable requirements could not be verified (100% unknown); lifecycle/availability unknown (not enriched),5,humidity_resistance|lot_traceability|qualification|thermal_shock_cycles|vibration_grms,digikey,,0,,unknown,Wakefield Thermal Solutions,345-1055-ND,MIL-PRF-49464,false,unknown,,,13
5999-00-196-0634__528-45AB,5999-00-196-0634,528-45AB,unscored,4,0,0,0,7,false,,,,,,No scoreable composite attributes (weight coverage 0%); insufficient data to score. Meets 0 of 7 measurable requirements; 7 unknown. 5 qualification clauses under MIL-PRF-49464 require testing to verify. 7 of 7 measurable requirements could not be verified (100% unknown); lifecycle/availability unknown (not enriched),5,humidity_resistance|lot_traceability|qualification|thermal_shock_cycles|vibration_grms,digikey,,0,,unknown,Wakefield Thermal Solutions,345-1057-ND,MIL-PRF-49464,false,unknown,,,14
5999-00-196-0634__529802B02500G,5999-00-196-0634,529802B02500G,unscored,4,0,0,0,7,false,,,,,,No scoreable composite attributes (weight coverage 0%); insufficient data to score. Meets 0 of 7 measurable requirements; 7 unknown. 5 qualification clauses under MIL-PRF-49464 require testing to verify. 7 of 7 measurable requirements could not be verified (100% unknown); lifecycle/availability unknown (not enriched),5,humidity_resistance|lot_traceability|qualification|thermal_shock_cycles|vibration_grms,digikey,,0,,unknown,"Boyd Laconia, LLC",HS350-ND,MIL-PRF-49464,false,unknown,,,15
5999-00-196-0634__531102B02500G,5999-00-196-0634,531102B02500G,unscored,4,0,0,0,7,false,,,,,,No scoreable composite attributes (weight coverage 0%); insufficient data to score. Meets 0 of 7 measurable requirements; 7 unknown. 5 qualification clauses under MIL-PRF-49464 require testing to verify. 7 of 7 measurable requirements could not be verified (100% unknown); lifecycle/availability unknown (not enriched),5,humidity_resistance|lot_traceability|qualification|thermal_shock_cycles|vibration_grms,digikey,,0,,unknown,"Boyd Laconia, LLC",HS352-ND,MIL-PRF-49464,false,unknown,,,16
5999-00-196-0634__576802B00000G,5999-00-196-0634,576802B00000G,unscored,4,0,0,0,7,false,,,,,,No scoreable composite attributes (weight coverage 0%); insufficient data to score. Meets 0 of 7 measurable requirements; 7 unknown. 5 qualification clauses under MIL-PRF-49464 require testing to verify. 7 of 7 measurable requirements could not be verified (100% unknown); lifecycle/availability unknown (not enriched),5,humidity_resistance|lot_traceability|qualification|thermal_shock_cycles|vibration_grms,digikey,,0,,unknown,"Boyd Laconia, LLC",HS121-ND,MIL-PRF-49464,false,unknown,,,17
5999-00-196-0634__576802B04000G,5999-00-196-0634,576802B04000G,unscored,4,0,0,0,7,false,,,,,,No scoreable composite attributes (weight coverage 0%); insufficient data to score. Meets 0 of 7 measurable requirements; 7 unknown. 5 qualification clauses under MIL-PRF-49464 require testing to verify. 7 of 7 measurable requirements could not be verified (100% unknown); lifecycle/availability unknown (not enriched),5,humidity_resistance|lot_traceability|qualification|thermal_shock_cycles|vibration_grms,digikey,,0,,unknown,"Boyd Laconia, LLC",HS337-ND,MIL-PRF-49464,false,unknown,,,18
5999-00-196-0634__577002B00000G,5999-00-196-0634,577002B00000G,unscored,4,0,0,0,7,false,,,,,,No scoreable composite attributes (weight coverage 0%); insufficient data to score. Meets 0 of 7 measurable requirements; 7 unknown. 5 qualification clauses under MIL-PRF-49464 require testing to verify. 7 of 7 measurable requirements could not be verified (100% unknown); lifecycle/availability unknown (not enriched),5,humidity_resistance|lot_traceability|qualification|thermal_shock_cycles|vibration_grms,digikey,,0,,unknown,"Boyd Laconia, LLC",HS105-ND,MIL-PRF-49464,false,unknown,,,19
5999-00-196-0634__577102B00000G,5999-00-196-0634,577102B00000G,unscored,4,0,0,0,7,false,,,,,,No scoreable composite attributes (weight coverage 0%); insufficient data to score. Meets 0 of 7 measurable requirements; 7 unknown. 5 qualification clauses under MIL-PRF-49464 require testing to verify. 7 of 7 measurable requirements could not be verified (100% unknown); lifecycle/availability unknown (not enriched),5,humidity_resistance|lot_traceability|qualification|thermal_shock_cycles|vibration_grms,digikey,,0,,unknown,"Boyd Laconia, LLC",HS106-ND,MIL-PRF-49464,false,unknown,,,20
5999-00-196-0634__577202B00000G,5999-00-196-0634,577202B00000G,unscored,4,0,0,0,7,false,,,,,,No scoreable composite attributes (weight coverage 0%); insufficient data to score. Meets 0 of 7 measurable requirements; 7 unknown. 5 qualification clauses under MIL-PRF-49464 require testing to verify. 7 of 7 measurable requirements could not be verified (100% unknown); lifecycle/availability unknown (not enriched),5,humidity_resistance|lot_traceability|qualification|thermal_shock_cycles|vibration_grms,digikey,,0,,unknown,"Boyd Laconia, LLC",HS107-ND,MIL-PRF-49464,false,unknown,,,21
5999-00-196-0634__581002B02500G,5999-00-196-0634,581002B02500G,unscored,4,0,0,0,7,false,,,,,,No scoreable composite attributes (weight coverage 0%); insufficient data to score. Meets 0 of 7 measurable requirements; 7 unknown. 5 qualification clauses under MIL-PRF-49464 require testing to verify. 7 of 7 measurable requirements could not be verified (100% unknown); lifecycle/availability unknown (not enriched),5,humidity_resistance|lot_traceability|qualification|thermal_shock_cycles|vibration_grms,digikey,,0,,unknown,"Boyd Laconia, LLC",HS387-ND,MIL-PRF-49464,false,unknown,,,22
5999-00-196-0634__625-25ABT4E,5999-00-196-0634,625-25ABT4E,unscored,4,0,0,0,7,false,,,,,,No scoreable composite attributes (weight coverage 0%); insufficient data to score. Meets 0 of 7 measurable requirements; 7 unknown. 5 qualification clauses under MIL-PRF-49464 require testing to verify. 7 of 7 measurable requirements could not be verified (100% unknown); lifecycle/availability unknown (not enriched),5,humidity_resistance|lot_traceability|qualification|thermal_shock_cycles|vibration_grms,digikey,,0,,unknown,Wakefield Thermal Solutions,345-1109-ND,MIL-PRF-49464,false,unknown,,,23
5999-00-196-0634__634-10ABPE,5999-00-196-0634,634-10ABPE,unscored,4,0,0,0,7,false,,,,,,No scoreable composite attributes (weight coverage 0%); insufficient data to score. Meets 0 of 7 measurable requirements; 7 unknown. 5 qualification clauses under MIL-PRF-49464 require testing to verify. 7 of 7 measurable requirements could not be verified (100% unknown); lifecycle/availability unknown (not enriched),5,humidity_resistance|lot_traceability|qualification|thermal_shock_cycles|vibration_grms,digikey,,0,,unknown,Wakefield Thermal Solutions,345-1130-ND,MIL-PRF-49464,false,unknown,,,24
5999-00-196-0634__637-10ABPE,5999-00-196-0634,637-10ABPE,unscored,4,0,0,0,7,false,,,,,,No scoreable composite attributes (weight coverage 0%); insufficient data to score. Meets 0 of 7 measurable requirements; 7 unknown. 5 qualification clauses under MIL-PRF-49464 require testing to verify. 7 of 7 measurable requirements could not be verified (100% unknown); lifecycle/availability unknown (not enriched),5,humidity_resistance|lot_traceability|qualification|thermal_shock_cycles|vibration_grms,digikey,,0,,unknown,Wakefield Thermal Solutions,345-1126-ND,MIL-PRF-49464,false,unknown,,,25
5999-01-070-6620__07-0201-0237,5999-01-070-6620,07-0201-0237,medium,2,2,0,0,5,false,,,85.96,1000,,Composite 31.1 (coverage 38%). Meets 2 of 7 measurable requirements; 5 unknown. 5 qualification clauses under MIL-PRF-49464 require testing to verify. 5 of 7 measurable requirements could not be verified (71% unknown); lifecycle status unknown; single-sourced (1 distributor),5,humidity_resistance|lot_traceability|qualification|thermal_shock_cycles|vibration_grms,digikey,31.1111,38,,unknown,Parker Chomerics,1944-1210-ND,MIL-PRF-49464,true,unknown,1,,1
5999-01-070-6620__07-0201-0875,5999-01-070-6620,07-0201-0875,medium,2,2,0,0,5,false,,,56.0853,1000,,Composite 31.1 (coverage 38%). Meets 2 of 7 measurable requirements; 5 unknown. 5 qualification clauses under MIL-PRF-49464 require testing to verify. 5 of 7 measurable requirements could not be verified (71% unknown); lifecycle status unknown; single-sourced (1 distributor),5,humidity_resistance|lot_traceability|qualification|thermal_shock_cycles|vibration_grms,digikey,31.1111,38,,unknown,Parker Chomerics,1944-1235-ND,MIL-PRF-49464,true,unknown,1,,2
5999-01-070-6620__07-0202-0094,5999-01-070-6620,07-0202-0094,medium,2,2,0,0,5,false,,,104.81,1000,,Composite 31.1 (coverage 38%). Meets 2 of 7 measurable requirements; 5 unknown. 5 qualification clauses under MIL-PRF-49464 require testing to verify. 5 of 7 measurable requirements could not be verified (71% unknown); lifecycle status unknown; single-sourced (1 distributor),5,humidity_resistance|lot_traceability|qualification|thermal_shock_cycles|vibration_grms,digikey,31.1111,38,,unknown,Parker Chomerics,1944-1171-ND,MIL-PRF-49464,true,unknown,1,,3
5999-01-070-6620__07-0202-0488,5999-01-070-6620,07-0202-0488,unscored,4,2,0,0,5,false,,,,,,No scoreable composite attributes (weight coverage 0%); insufficient data to score. Meets 2 of 7 measurable requirements; 5 unknown. 5 qualification clauses under MIL-PRF-49464 require testing to verify. 5 of 7 measurable requirements could not be verified (71% unknown); lifecycle/availability unknown (not enriched),5,humidity_resistance|lot_traceability|qualification|thermal_shock_cycles|vibration_grms,digikey,,0,,unknown,Parker Chomerics,1944-1211-ND,MIL-PRF-49464,false,unknown,,,4
5999-01-070-6620__07-0701-9006,5999-01-070-6620,07-0701-9006,unscored,4,2,0,0,5,false,,,,,,No scoreable composite attributes (weight coverage 0%); insufficient data to score. Meets 2 of 7 measurable requirements; 5 unknown. 5 qualification clauses under MIL-PRF-49464 require testing to verify. 5 of 7 measurable requirements could not be verified (71% unknown); lifecycle/availability unknown (not enriched),5,humidity_resistance|lot_traceability|qualification|thermal_shock_cycles|vibration_grms,digikey,,0,,unknown,Parker Chomerics,1944-1083-ND,MIL-PRF-49464,false,unknown,,,5
5999-01-070-6620__07-0702-9009,5999-01-070-6620,07-0702-9009,unscored,4,2,0,0,5,false,,,,,,No scoreable composite attributes (weight coverage 0%); insufficient data to score. Meets 2 of 7 measurable requirements; 5 unknown. 5 qualification clauses under MIL-PRF-49464 require testing to verify. 5 of 7 measurable requirements could not be verified (71% unknown); lifecycle/availability unknown (not enriched),5,humidity_resistance|lot_traceability|qualification|thermal_shock_cycles|vibration_grms,digikey,,0,,unknown,Parker Chomerics,1944-1054-ND,MIL-PRF-49464,false,unknown,,,6
5999-01-070-6620__07-0702-9012,5999-01-070-6620,07-0702-9012,unscored,4,2,0,0,5,false,,,,,,No scoreable composite attributes (weight coverage 0%); insufficient data to score. Meets 2 of 7 measurable requirements; 5 unknown. 5 qualification clauses under MIL-PRF-49464 require testing to verify. 5 of 7 measurable requirements could not be verified (71% unknown); lifecycle/availability unknown (not enriched),5,humidity_resistance|lot_traceability|qualification|thermal_shock_cycles|vibration_grms,digikey,,0,,unknown,Parker Chomerics,1944-1055-ND,MIL-PRF-49464,false,unknown,,,7
5999-01-070-6620__1201-FSA-0010,5999-01-070-6620,1201-FSA-0010,unscored,4,2,0,0,5,false,,,,,,No scoreable composite attributes (weight coverage 0%); insufficient data to score. Meets 2 of 7 measurable requirements; 5 unknown. 5 qualification clauses under MIL-PRF-49464 require testing to verify. 5 of 7 measurable requirements could not be verified (71% unknown); lifecycle/availability unknown (not enriched),5,humidity_resistance|lot_traceability|qualification|thermal_shock_cycles|vibration_grms,digikey,,0,,unknown,TE Kemtron,4535-1201-FSA-0010-ND,MIL-PRF-49464,false,unknown,,,8
5999-01-070-6620__1201-FSA-0016,5999-01-070-6620,1201-FSA-0016,unscored,4,2,0,0,5,false,,,,,,No scoreable composite attributes (weight coverage 0%); insufficient data to score. Meets 2 of 7 measurable requirements; 5 unknown. 5 qualification clauses under MIL-PRF-49464 require testing to verify. 5 of 7 measurable requirements could not be verified (71% unknown); lifecycle/availability unknown (not enriched),5,humidity_resistance|lot_traceability|qualification|thermal_shock_cycles|vibration_grms,digikey,,0,,unknown,TE Kemtron,4535-1201-FSA-0016-ND,MIL-PRF-49464,false,unknown,,,9
5999-01-070-6620__1201-FSA-0018,5999-01-070-6620,1201-FSA-0018,unscored,4,2,0,0,5,false,,,,,,No scoreable composite attributes (weight coverage 0%); insufficient data to score. Meets 2 of 7 measurable requirements; 5 unknown. 5 qualification clauses under MIL-PRF-49464 require testing to verify. 5 of 7 measurable requirements could not be verified (71% unknown); lifecycle/availability unknown (not enriched),5,humidity_resistance|lot_traceability|qualification|thermal_shock_cycles|vibration_grms,digikey,,0,,unknown,TE Kemtron,4535-1201-FSA-0018-ND,MIL-PRF-49464,false,unknown,,,10
5999-01-070-6620__1201-FSA-0020,5999-01-070-6620,1201-FSA-0020,unscored,4,2,0,0,5,false,,,,,,No scoreable composite attributes (weight coverage 0%); insufficient data to score. Meets 2 of 7 measurable requirements; 5 unknown. 5 qualification clauses under MIL-PRF-49464 require testing to verify. 5 of 7 measurable requirements could not be verified (71% unknown); lifecycle/availability unknown (not enriched),5,humidity_resistance|lot_traceability|qualification|thermal_shock_cycles|vibration_grms,digikey,,0,,unknown,TE Kemtron,4535-1201-FSA-0020-ND,MIL-PRF-49464,false,unknown,,,11
5999-01-070-6620__152-0032-0254-S,5999-01-070-6620,152-0032-0254-S,unscored,4,2,0,0,5,false,,,,,,No scoreable composite attributes (weight coverage 0%); insufficient data to score. Meets 2 of 7 measurable requirements; 5 unknown. 5 qualification clauses under MIL-PRF-49464 require testing to verify. 5 of 7 measurable requirements could not be verified (71% unknown); lifecycle/availability unknown (not enriched),5,humidity_resistance|lot_traceability|qualification|thermal_shock_cycles|vibration_grms,digikey,,0,,unknown,TE Kemtron,4535-152-0032-0254-S-ND,MIL-PRF-49464,false,unknown,,,12
5999-01-070-6620__152-0048-0254-S,5999-01-070-6620,152-0048-0254-S,unscored,4,2,0,0,5,false,,,,,,No scoreable composite attributes (weight coverage 0%); insufficient data to score. Meets 2 of 7 measurable requirements; 5 unknown. 5 qualification clauses under MIL-PRF-49464 require testing to verify. 5 of 7 measurable requirements could not be verified (71% unknown); lifecycle/availability unknown (not enriched),5,humidity_resistance|lot_traceability|qualification|thermal_shock_cycles|vibration_grms,digikey,,0,,unknown,TE Kemtron,4535-152-0048-0254-S-ND,MIL-PRF-49464,false,unknown,,,13
5999-01-070-6620__152-0064-0254-S,5999-01-070-6620,152-0064-0254-S,unscored,4,2,0,0,5,false,,,,,,No scoreable composite attributes (weight coverage 0%); insufficient data to score. Meets 2 of 7 measurable requirements; 5 unknown. 5 qualification clauses under MIL-PRF-49464 require testing to verify. 5 of 7 measurable requirements could not be verified (71% unknown); lifecycle/availability unknown (not enriched),5,humidity_resistance|lot_traceability|qualification|thermal_shock_cycles|vibration_grms,digikey,,0,,unknown,TE Kemtron,4535-152-0064-0254-S-ND,MIL-PRF-49464,false,unknown,,,14
5999-01-070-6620__154-0032-0254-S,5999-01-070-6620,154-0032-0254-S,unscored,4,2,0,0,5,false,,,,,,No scoreable composite attributes (weight coverage 0%); insufficient data to score. Meets 2 of 7 measurable requirements; 5 unknown. 5 qualification clauses under MIL-PRF-49464 require testing to verify. 5 of 7 measurable requirements could not be verified (71% unknown); lifecycle/availability unknown (not enriched),5,humidity_resistance|lot_traceability|qualification|thermal_shock_cycles|vibration_grms,digikey,,0,,unknown,TE Kemtron,4535-154-0032-0254-S-ND,MIL-PRF-49464,false,unknown,,,15
5999-01-070-6620__154-0048-0254-S,5999-01-070-6620,154-0048-0254-S,unscored,4,2,0,0,5,false,,,,,,No scoreable composite attributes (weight coverage 0%); insufficient data to score. Meets 2 of 7 measurable requirements; 5 unknown. 5 qualification clauses under MIL-PRF-49464 require testing to verify. 5 of 7 measurable requirements could not be verified (71% unknown); lifecycle/availability unknown (not enriched),5,humidity_resistance|lot_traceability|qualification|thermal_shock_cycles|vibration_grms,digikey,,0,,unknown,TE Kemtron,4535-154-0048-0254-S-ND,MIL-PRF-49464,false,unknown,,,16
5999-01-070-6620__154-0064-0254-S,5999-01-070-6620,154-0064-0254-S,unscored,4,2,0,0,5,false,,,,,,No scoreable composite attributes (weight coverage 0%); insufficient data to score. Meets 2 of 7 measurable requirements; 5 unknown. 5 qualification clauses under MIL-PRF-49464 require testing to verify. 5 of 7 measurable requirements could not be verified (71% unknown); lifecycle/availability unknown (not enriched),5,humidity_resistance|lot_traceability|qualification|thermal_shock_cycles|vibration_grms,digikey,,0,,unknown,TE Kemtron,4535-154-0064-0254-S-ND,MIL-PRF-49464,false,unknown,,,17
5999-01-070-6620__410-0008-0500-0500,5999-01-070-6620,410-0008-0500-0500,unscored,4,2,0,0,5,false,,,,,,No scoreable composite attributes (weight coverage 0%); insufficient data to score. Meets 2 of 7 measurable requirements; 5 unknown. 5 qualification clauses under MIL-PRF-49464 require testing to verify. 5 of 7 measurable requirements could not be verified (71% unknown); lifecycle/availability unknown (not enriched),5,humidity_resistance|lot_traceability|qualification|thermal_shock_cycles|vibration_grms,digikey,,0,,unknown,TE Kemtron,4535-410-0008-0500-0500-ND,MIL-PRF-49464,false,unknown,,,18
5999-01-070-6620__410-0008-2250-10000,5999-01-070-6620,410-0008-2250-10000,unscored,4,2,0,0,5,false,,,,,,No scoreable composite attributes (weight coverage 0%); insufficient data to score. Meets 2 of 7 measurable requirements; 5 unknown. 5 qualification clauses under MIL-PRF-49464 require testing to verify. 5 of 7 measurable requirements could not be verified (71% unknown); lifecycle/availability unknown (not enriched),5,humidity_resistance|lot_traceability|qualification|thermal_shock_cycles|vibration_grms,digikey,,0,,unknown,TE Kemtron,4535-410-0008-2250-10000-ND,MIL-PRF-49464,false,unknown,,,19
5999-01-070-6620__410-0016-0500-0500,5999-01-070-6620,410-0016-0500-0500,unscored,4,2,0,0,5,false,,,,,,No scoreable composite attributes (weight coverage 0%); insufficient data to score. Meets 2 of 7 measurable requirements; 5 unknown. 5 qualification clauses under MIL-PRF-49464 require testing to verify. 5 of 7 measurable requirements could not be verified (71% unknown); lifecycle/availability unknown (not enriched),5,humidity_resistance|lot_traceability|qualification|thermal_shock_cycles|vibration_grms,digikey,,0,,unknown,TE Kemtron,4535-410-0016-0500-0500-ND,MIL-PRF-49464,false,unknown,,,20
5999-01-070-6620__410-0016-2250-10000,5999-01-070-6620,410-0016-2250-10000,unscored,4,2,0,0,5,false,,,,,,No scoreable composite attributes (weight coverage 0%); insufficient data to score. Meets 2 of 7 measurable requirements; 5 unknown. 5 qualification clauses under MIL-PRF-49464 require testing to verify. 5 of 7 measurable requirements could not be verified (71% unknown); lifecycle/availability unknown (not enriched),5,humidity_resistance|lot_traceability|qualification|thermal_shock_cycles|vibration_grms,digikey,,0,,unknown,TE Kemtron,4535-410-0016-2250-10000-ND,MIL-PRF-49464,false,unknown,,,21
5999-01-070-6620__410-0024-0500-0500,5999-01-070-6620,410-0024-0500-0500,unscored,4,2,0,0,5,false,,,,,,No scoreable composite attributes (weight coverage 0%); insufficient data to score. Meets 2 of 7 measurable requirements; 5 unknown. 5 qualification clauses under MIL-PRF-49464 require testing to verify. 5 of 7 measurable requirements could not be verified (71% unknown); lifecycle/availability unknown (not enriched),5,humidity_resistance|lot_traceability|qualification|thermal_shock_cycles|vibration_grms,digikey,,0,,unknown,TE Kemtron,4535-410-0024-0500-0500-ND,MIL-PRF-49464,false,unknown,,,22
5999-01-070-6620__410-0024-2250-10000,5999-01-070-6620,410-0024-2250-10000,unscored,4,2,0,0,5,false,,,,,,No scoreable composite attributes (weight coverage 0%); insufficient data to score. Meets 2 of 7 measurable requirements; 5 unknown. 5 qualification clauses under MIL-PRF-49464 require testing to verify. 5 of 7 measurable requirements could not be verified (71% unknown); lifecycle/availability unknown (not enriched),5,humidity_resistance|lot_traceability|qualification|thermal_shock_cycles|vibration_grms,digikey,,0,,unknown,TE Kemtron,4535-410-0024-2250-10000-ND,MIL-PRF-49464,false,unknown,,,23
5999-01-070-6620__420-0008-0500-0500,5999-01-070-6620,420-0008-0500-0500,unscored,4,2,0,0,5,false,,,,,,No scoreable composite attributes (weight coverage 0%); insufficient data to score. Meets 2 of 7 measurable requirements; 5 unknown. 5 qualification clauses under MIL-PRF-49464 require testing to verify. 5 of 7 measurable requirements could not be verified (71% unknown); lifecycle/availability unknown (not enriched),5,humidity_resistance|lot_traceability|qualification|thermal_shock_cycles|vibration_grms,digikey,,0,,unknown,TE Kemtron,4535-420-0008-0500-0500-ND,MIL-PRF-49464,false,unknown,,,24
5999-01-070-6620__420-0008-2250-10000,5999-01-070-6620,420-0008-2250-10000,unscored,4,2,0,0,5,false,,,,,,No scoreable composite attributes (weight coverage 0%); insufficient data to score. Meets 2 of 7 measurable requirements; 5 unknown. 5 qualification clauses under MIL-PRF-49464 require testing to verify. 5 of 7 measurable requirements could not be verified (71% unknown); lifecycle/availability unknown (not enriched),5,humidity_resistance|lot_traceability|qualification|thermal_shock_cycles|vibration_grms,digikey,,0,,unknown,TE Kemtron,4535-420-0008-2250-10000-ND,MIL-PRF-49464,false,unknown,,,25
5999-01-129-4193__07-0201-0237,5999-01-129-4193,07-0201-0237,medium,2,2,0,0,5,false,,,85.96,1000,,Composite 31.1 (coverage 38%). Meets 2 of 7 measurable requirements; 5 unknown. 5 qualification clauses under MIL-PRF-49464 require testing to verify. 5 of 7 measurable requirements could not be verified (71% unknown); lifecycle status unknown; single-sourced (1 distributor),5,humidity_resistance|lot_traceability|qualification|thermal_shock_cycles|vibration_grms,digikey,31.1111,38,,unknown,Parker Chomerics,1944-1210-ND,MIL-PRF-49464,true,unknown,1,,1
5999-01-129-4193__07-0201-0875,5999-01-129-4193,07-0201-0875,medium,2,2,0,0,5,false,,,56.0853,1000,,Composite 31.1 (coverage 38%). Meets 2 of 7 measurable requirements; 5 unknown. 5 qualification clauses under MIL-PRF-49464 require testing to verify. 5 of 7 measurable requirements could not be verified (71% unknown); lifecycle status unknown; single-sourced (1 distributor),5,humidity_resistance|lot_traceability|qualification|thermal_shock_cycles|vibration_grms,digikey,31.1111,38,,unknown,Parker Chomerics,1944-1235-ND,MIL-PRF-49464,true,unknown,1,,2
5999-01-129-4193__07-0202-0094,5999-01-129-4193,07-0202-0094,medium,2,2,0,0,5,false,,,104.81,1000,,Composite 31.1 (coverage 38%). Meets 2 of 7 measurable requirements; 5 unknown. 5 qualification clauses under MIL-PRF-49464 require testing to verify. 5 of 7 measurable requirements could not be verified (71% unknown); lifecycle status unknown; single-sourced (1 distributor),5,humidity_resistance|lot_traceability|qualification|thermal_shock_cycles|vibration_grms,digikey,31.1111,38,,unknown,Parker Chomerics,1944-1171-ND,MIL-PRF-49464,true,unknown,1,,3
5999-01-129-4193__3020403,5999-01-129-4193,3020403,high,3,0,2,0,5,false,,,8.825,1000,,"Hard gate failure: operating_temp_min|operating_temp_max. composite skipped (100). Meets 0 of 7 measurable requirements; fails operating_temp_max, operating_temp_min; 5 unknown. 5 qualification clauses under MIL-PRF-49464 require testing to verify. lifecycle status unknown; 7 distributors",5,humidity_resistance|lot_traceability|qualification|thermal_shock_cycles|vibration_grms,external,100,0,operating_temp_min|operating_temp_max,unknown,Wurth Elektronik,,MIL-PRF-49464,true,unknown,7,,4
5999-01-129-4193__30205005,5999-01-129-4193,30205005,high,3,0,2,0,5,false,,,4.4879,1000,,"Hard gate failure: operating_temp_min|operating_temp_max. composite skipped (100). Meets 0 of 7 measurable requirements; fails operating_temp_max, operating_temp_min; 5 unknown. 5 qualification clauses under MIL-PRF-49464 require testing to verify. lifecycle status unknown; 11 distributors",5,humidity_resistance|lot_traceability|qualification|thermal_shock_cycles|vibration_grms,external,100,0,operating_temp_min|operating_temp_max,unknown,Wurth Elektronik,,MIL-PRF-49464,true,unknown,11,,5
5999-01-129-4193__2118707-2,5999-01-129-4193,2118707-2,high,3,1,3,0,3,false,,,0.562,1000,,"Hard gate failure: operating_temp_max|current_rating|contact_count. composite skipped (100). Meets 1 of 7 measurable requirements; fails contact_count, current_rating, operating_temp_max; 3 unknown. 5 qualification clauses under MIL-PRF-49464 require testing to verify. lifecycle status unknown; 21 distributors",5,humidity_resistance|lot_traceability|qualification|thermal_shock_cycles|vibration_grms,external,100,0,operating_temp_max|current_rating|contact_count,unknown,TE Connectivity,,MIL-PRF-49464,true,unknown,21,,6
5999-01-129-4193__07-0202-0488,5999-01-129-4193,07-0202-0488,unscored,4,2,0,0,5,false,,,,,,No scoreable composite attributes (weight coverage 0%); insufficient data to score. Meets 2 of 7 measurable requirements; 5 unknown. 5 qualification clauses under MIL-PRF-49464 require testing to verify. 5 of 7 measurable requirements could not be verified (71% unknown); lifecycle/availability unknown (not enriched),5,humidity_resistance|lot_traceability|qualification|thermal_shock_cycles|vibration_grms,digikey,,0,,unknown,Parker Chomerics,1944-1211-ND,MIL-PRF-49464,false,unknown,,,7
5999-01-129-4193__07-0701-9006,5999-01-129-4193,07-0701-9006,unscored,4,2,0,0,5,false,,,,,,No scoreable composite attributes (weight coverage 0%); insufficient data to score. Meets 2 of 7 measurable requirements; 5 unknown. 5 qualification clauses under MIL-PRF-49464 require testing to verify. 5 of 7 measurable requirements could not be verified (71% unknown); lifecycle/availability unknown (not enriched),5,humidity_resistance|lot_traceability|qualification|thermal_shock_cycles|vibration_grms,digikey,,0,,unknown,Parker Chomerics,1944-1083-ND,MIL-PRF-49464,false,unknown,,,8
5999-01-129-4193__07-0702-9009,5999-01-129-4193,07-0702-9009,unscored,4,2,0,0,5,false,,,,,,No scoreable composite attributes (weight coverage 0%); insufficient data to score. Meets 2 of 7 measurable requirements; 5 unknown. 5 qualification clauses under MIL-PRF-49464 require testing to verify. 5 of 7 measurable requirements could not be verified (71% unknown); lifecycle/availability unknown (not enriched),5,humidity_resistance|lot_traceability|qualification|thermal_shock_cycles|vibration_grms,digikey,,0,,unknown,Parker Chomerics,1944-1054-ND,MIL-PRF-49464,false,unknown,,,9
5999-01-129-4193__07-0702-9012,5999-01-129-4193,07-0702-9012,unscored,4,2,0,0,5,false,,,,,,No scoreable composite attributes (weight coverage 0%); insufficient data to score. Meets 2 of 7 measurable requirements; 5 unknown. 5 qualification clauses under MIL-PRF-49464 require testing to verify. 5 of 7 measurable requirements could not be verified (71% unknown); lifecycle/availability unknown (not enriched),5,humidity_resistance|lot_traceability|qualification|thermal_shock_cycles|vibration_grms,digikey,,0,,unknown,Parker Chomerics,1944-1055-ND,MIL-PRF-49464,false,unknown,,,10
5999-01-129-4193__10-04-1687-1298,5999-01-129-4193,10-04-1687-1298,unscored,4,2,0,0,5,false,,,,,,No scoreable composite attributes (weight coverage 0%); insufficient data to score. Meets 2 of 7 measurable requirements; 5 unknown. 5 qualification clauses under MIL-PRF-49464 require testing to verify. 5 of 7 measurable requirements could not be verified (71% unknown); lifecycle/availability unknown (not enriched),5,humidity_resistance|lot_traceability|qualification|thermal_shock_cycles|vibration_grms,digikey,,0,,unknown,Parker Chomerics,1944-10-04-1687-1298-DS-ND,MIL-PRF-49464,false,unknown,,,11
5999-01-129-4193__10-04-1720-1298,5999-01-129-4193,10-04-1720-1298,unscored,4,2,0,0,5,false,,,,,,No scoreable composite attributes (weight coverage 0%); insufficient data to score. Meets 2 of 7 measurable requirements; 5 unknown. 5 qualification clauses under MIL-PRF-49464 require testing to verify. 5 of 7 measurable requirements could not be verified (71% unknown); lifecycle/availability unknown (not enriched),5,humidity_resistance|lot_traceability|qualification|thermal_shock_cycles|vibration_grms,digikey,,0,,unknown,Parker Chomerics,1944-10-04-1720-1298-DS-ND,MIL-PRF-49464,false,unknown,,,12
5999-01-129-4193__10-04-2657-1298,5999-01-129-4193,10-04-2657-1298,unscored,4,2,0,0,5,false,,,,,,No scoreable composite attributes (weight coverage 0%); insufficient data to score. Meets 2 of 7 measurable requirements; 5 unknown. 5 qualification clauses under MIL-PRF-49464 require testing to verify. 5 of 7 measurable requirements could not be verified (71% unknown); lifecycle/availability unknown (not enriched),5,humidity_resistance|lot_traceability|qualification|thermal_shock_cycles|vibration_grms,digikey,,0,,unknown,Parker Chomerics,1944-10-04-2657-1298-DS-ND,MIL-PRF-49464,false,unknown,,,13
5999-01-129-4193__10-04-2737-1298,5999-01-129-4193,10-04-2737-1298,unscored,4,2,0,0,5,false,,,,,,No scoreable composite attributes (weight coverage 0%); insufficient data to score. Meets 2 of 7 measurable requirements; 5 unknown. 5 qualification clauses under MIL-PRF-49464 require testing to verify. 5 of 7 measurable requirements could not be verified (71% unknown); lifecycle/availability unknown (not enriched),5,humidity_resistance|lot_traceability|qualification|thermal_shock_cycles|vibration_grms,digikey,,0,,unknown,Parker Chomerics,1944-10-04-2737-1298-DS-ND,MIL-PRF-49464,false,unknown,,,14
5999-01-129-4193__10-04-2865-1298,5999-01-129-4193,10-04-2865-1298,unscored,4,2,0,0,5,false,,,,,,No scoreable composite attributes (weight coverage 0%); insufficient data to score. Meets 2 of 7 measurable requirements; 5 unknown. 5 qualification clauses under MIL-PRF-49464 require testing to verify. 5 of 7 measurable requirements could not be verified (71% unknown); lifecycle/availability unknown (not enriched),5,humidity_resistance|lot_traceability|qualification|thermal_shock_cycles|vibration_grms,digikey,,0,,unknown,Parker Chomerics,1944-10-04-2865-1298-DS-ND,MIL-PRF-49464,false,unknown,,,15
5999-01-129-4193__10-04-6386-1298,5999-01-129-4193,10-04-6386-1298,unscored,4,2,0,0,5,false,,,,,,No scoreable composite attributes (weight coverage 0%); insufficient data to score. Meets 2 of 7 measurable requirements; 5 unknown. 5 qualification clauses under MIL-PRF-49464 require testing to verify. 5 of 7 measurable requirements could not be verified (71% unknown); lifecycle/availability unknown (not enriched),5,humidity_resistance|lot_traceability|qualification|thermal_shock_cycles|vibration_grms,digikey,,0,,unknown,Parker Chomerics,1944-10-04-6386-1298-DS-ND,MIL-PRF-49464,false,unknown,,,16
5999-01-129-4193__10-04-8363-1298,5999-01-129-4193,10-04-8363-1298,unscored,4,2,0,0,5,false,,,,,,No scoreable composite attributes (weight coverage 0%); insufficient data to score. Meets 2 of 7 measurable requirements; 5 unknown. 5 qualification clauses under MIL-PRF-49464 require testing to verify. 5 of 7 measurable requirements could not be verified (71% unknown); lifecycle/availability unknown (not enriched),5,humidity_resistance|lot_traceability|qualification|thermal_shock_cycles|vibration_grms,digikey,,0,,unknown,Parker Chomerics,1944-10-04-8363-1298-DS-ND,MIL-PRF-49464,false,unknown,,,17
5999-01-129-4193__10-04-8817-1298,5999-01-129-4193,10-04-8817-1298,unscored,4,2,0,0,5,false,,,,,,No scoreable composite attributes (weight coverage 0%); insufficient data to score. Meets 2 of 7 measurable requirements; 5 unknown. 5 qualification clauses under MIL-PRF-49464 require testing to verify. 5 of 7 measurable requirements could not be verified (71% unknown); lifecycle/availability unknown (not enriched),5,humidity_resistance|lot_traceability|qualification|thermal_shock_cycles|vibration_grms,digikey,,0,,unknown,Parker Chomerics,1944-10-04-8817-1298-DS-ND,MIL-PRF-49464,false,unknown,,,18
5999-01-129-4193__10-04-9732-1298,5999-01-129-4193,10-04-9732-1298,unscored,4,2,0,0,5,false,,,,,,No scoreable composite attributes (weight coverage 0%); insufficient data to score. Meets 2 of 7 measurable requirements; 5 unknown. 5 qualification clauses under MIL-PRF-49464 require testing to verify. 5 of 7 measurable requirements could not be verified (71% unknown); lifecycle/availability unknown (not enriched),5,humidity_resistance|lot_traceability|qualification|thermal_shock_cycles|vibration_grms,digikey,,0,,unknown,Parker Chomerics,1944-10-04-9732-1298-DS-ND,MIL-PRF-49464,false,unknown,,,19
5999-01-129-4193__10-04-W163-1298,5999-01-129-4193,10-04-W163-1298,unscored,4,2,0,0,5,false,,,,,,No scoreable composite attributes (weight coverage 0%); insufficient data to score. Meets 2 of 7 measurable requirements; 5 unknown. 5 qualification clauses under MIL-PRF-49464 require testing to verify. 5 of 7 measurable requirements could not be verified (71% unknown); lifecycle/availability unknown (not enriched),5,humidity_resistance|lot_traceability|qualification|thermal_shock_cycles|vibration_grms,digikey,,0,,unknown,Parker Chomerics,1944-10-04-W163-1298-DS-ND,MIL-PRF-49464,false,unknown,,,20
5999-01-129-4193__10-04-W204-1298,5999-01-129-4193,10-04-W204-1298,unscored,4,2,0,0,5,false,,,,,,No scoreable composite attributes (weight coverage 0%); insufficient data to score. Meets 2 of 7 measurable requirements; 5 unknown. 5 qualification clauses under MIL-PRF-49464 require testing to verify. 5 of 7 measurable requirements could not be verified (71% unknown); lifecycle/availability unknown (not enriched),5,humidity_resistance|lot_traceability|qualification|thermal_shock_cycles|vibration_grms,digikey,,0,,unknown,Parker Chomerics,1944-1193-ND,MIL-PRF-49464,false,unknown,,,21
5999-01-129-4193__10-04-W267-1298,5999-01-129-4193,10-04-W267-1298,unscored,4,2,0,0,5,false,,,,,,No scoreable composite attributes (weight coverage 0%); insufficient data to score. Meets 2 of 7 measurable requirements; 5 unknown. 5 qualification clauses under MIL-PRF-49464 require testing to verify. 5 of 7 measurable requirements could not be verified (71% unknown); lifecycle/availability unknown (not enriched),5,humidity_resistance|lot_traceability|qualification|thermal_shock_cycles|vibration_grms,digikey,,0,,unknown,Parker Chomerics,1944-10-04-W267-1298-DS-ND,MIL-PRF-49464,false,unknown,,,22
5999-01-129-4193__10-05-4308-1298,5999-01-129-4193,10-05-4308-1298,unscored,4,2,0,0,5,false,,,,,,No scoreable composite attributes (weight coverage 0%); insufficient data to score. Meets 2 of 7 measurable requirements; 5 unknown. 5 qualification clauses under MIL-PRF-49464 require testing to verify. 5 of 7 measurable requirements could not be verified (71% unknown); lifecycle/availability unknown (not enriched),5,humidity_resistance|lot_traceability|qualification|thermal_shock_cycles|vibration_grms,digikey,,0,,unknown,Parker Chomerics,1944-1198-ND,MIL-PRF-49464,false,unknown,,,23
5999-01-129-4193__10-05-6419-1298,5999-01-129-4193,10-05-6419-1298,unscored,4,2,0,0,5,false,,,,,,No scoreable composite attributes (weight coverage 0%); insufficient data to score. Meets 2 of 7 measurable requirements; 5 unknown. 5 qualification clauses under MIL-PRF-49464 require testing to verify. 5 of 7 measurable requirements could not be verified (71% unknown); lifecycle/availability unknown (not enriched),5,humidity_resistance|lot_traceability|qualification|thermal_shock_cycles|vibration_grms,digikey,,0,,unknown,Parker Chomerics,1944-1197-ND,MIL-PRF-49464,false,unknown,,,24
5999-01-129-4193__1201-FSA-0010,5999-01-129-4193,1201-FSA-0010,unscored,4,2,0,0,5,false,,,,,,No scoreable composite attributes (weight coverage 0%); insufficient data to score. Meets 2 of 7 measurable requirements; 5 unknown. 5 qualification clauses under MIL-PRF-49464 require testing to verify. 5 of 7 measurable requirements could not be verified (71% unknown); lifecycle/availability unknown (not enriched),5,humidity_resistance|lot_traceability|qualification|thermal_shock_cycles|vibration_grms,digikey,,0,,unknown,TE Kemtron,4535-1201-FSA-0010-ND,MIL-PRF-49464,false,unknown,,,25
5999-01-129-4193__1201-FSA-0016,5999-01-129-4193,1201-FSA-0016,unscored,4,2,0,0,5,false,,,,,,No scoreable composite attributes (weight coverage 0%); insufficient data to score. Meets 2 of 7 measurable requirements; 5 unknown. 5 qualification clauses under MIL-PRF-49464 require testing to verify. 5 of 7 measurable requirements could not be verified (71% unknown); lifecycle/availability unknown (not enriched),5,humidity_resistance|lot_traceability|qualification|thermal_shock_cycles|vibration_grms,digikey,,0,,unknown,TE Kemtron,4535-1201-FSA-0016-ND,MIL-PRF-49464,false,unknown,,,26
5999-01-129-4193__1201-FSA-0018,5999-01-129-4193,1201-FSA-0018,unscored,4,2,0,0,5,false,,,,,,No scoreable composite attributes (weight coverage 0%); insufficient data to score. Meets 2 of 7 measurable requirements; 5 unknown. 5 qualification clauses under MIL-PRF-49464 require testing to verify. 5 of 7 measurable requirements could not be verified (71% unknown); lifecycle/availability unknown (not enriched),5,humidity_resistance|lot_traceability|qualification|thermal_shock_cycles|vibration_grms,digikey,,0,,unknown,TE Kemtron,4535-1201-FSA-0018-ND,MIL-PRF-49464,false,unknown,,,27
5999-01-129-4193__1201-FSA-0020,5999-01-129-4193,1201-FSA-0020,unscored,4,2,0,0,5,false,,,,,,No scoreable composite attributes (weight coverage 0%); insufficient data to score. Meets 2 of 7 measurable requirements; 5 unknown. 5 qualification clauses under MIL-PRF-49464 require testing to verify. 5 of 7 measurable requirements could not be verified (71% unknown); lifecycle/availability unknown (not enriched),5,humidity_resistance|lot_traceability|qualification|thermal_shock_cycles|vibration_grms,digikey,,0,,unknown,TE Kemtron,4535-1201-FSA-0020-ND,MIL-PRF-49464,false,unknown,,,28
5999-01-129-4193__480-0016-2250-10000,5999-01-129-4193,480-0016-2250-10000,unscored,4,2,0,0,5,false,,,,,,No scoreable composite attributes (weight coverage 0%); insufficient data to score. Meets 2 of 7 measurable requirements; 5 unknown. 5 qualification clauses under MIL-PRF-49464 require testing to verify. 5 of 7 measurable requirements could not be verified (71% unknown); lifecycle/availability unknown (not enriched),5,humidity_resistance|lot_traceability|qualification|thermal_shock_cycles|vibration_grms,external,,0,,unknown,TE Connectivity,,MIL-PRF-49464,false,unknown,,,29
5999-01-209-0658__3082,5999-01-209-0658,3082,low,1,0,0,0,7,false,,,0.316,1000,,Composite 0.0 (coverage 38%). Meets 0 of 7 measurable requirements; 7 unknown. 5 qualification clauses under MIL-PRF-49464 require testing to verify. 7 of 7 measurable requirements could not be verified (100% unknown); lifecycle status unknown; 6 distributors,5,humidity_resistance|lot_traceability|qualification|thermal_shock_cycles|vibration_grms,digikey,0,38,,unknown,Adafruit Industries LLC,1528-1693-ND,MIL-PRF-49464,true,unknown,6,,1
5999-01-209-0658__110991327,5999-01-209-0658,110991327,low,1,0,0,0,7,false,,,1.045,1000,,Composite 7.8 (coverage 38%). Meets 0 of 7 measurable requirements; 7 unknown. 5 qualification clauses under MIL-PRF-49464 require testing to verify. 7 of 7 measurable requirements could not be verified (100% unknown); lifecycle status unknown; 8 distributors,5,humidity_resistance|lot_traceability|qualification|thermal_shock_cycles|vibration_grms,digikey,7.77778,38,,unknown,"Seeed Technology Co., Ltd",1597-110991327-ND,MIL-PRF-49464,true,unknown,8,,2
5999-01-209-0658__217-36CTRE6,5999-01-209-0658,217-36CTRE6,medium,2,0,0,0,7,false,,,119.8,1000,,Composite 62.2 (coverage 38%). Meets 0 of 7 measurable requirements; 7 unknown. 5 qualification clauses under MIL-PRF-49464 require testing to verify. 7 of 7 measurable requirements could not be verified (100% unknown); lifecycle status unknown; 12 distributors,5,humidity_resistance|lot_traceability|qualification|thermal_shock_cycles|vibration_grms,digikey,62.2222,38,,unknown,Wakefield Thermal Solutions,345-217-36CTRE6TR-ND,MIL-PRF-49464,true,unknown,12,,3
5999-01-209-0658__3083,5999-01-209-0658,3083,unscored,4,0,0,0,7,false,,,,,,No scoreable composite attributes (weight coverage 0%); insufficient data to score. Meets 0 of 7 measurable requirements; 7 unknown. 5 qualification clauses under MIL-PRF-49464 require testing to verify. 7 of 7 measurable requirements could not be verified (100% unknown); lifecycle/availability unknown (not enriched),5,humidity_resistance|lot_traceability|qualification|thermal_shock_cycles|vibration_grms,digikey,,0,,unknown,Adafruit Industries LLC,1528-1697-ND,MIL-PRF-49464,false,unknown,,,4
5999-01-209-0658__374124B00035G,5999-01-209-0658,374124B00035G,unscored,4,0,0,0,7,false,,,,,,No scoreable composite attributes (weight coverage 0%); insufficient data to score. Meets 0 of 7 measurable requirements; 7 unknown. 5 qualification clauses under MIL-PRF-49464 require testing to verify. 7 of 7 measurable requirements could not be verified (100% unknown); lifecycle/availability unknown (not enriched),5,humidity_resistance|lot_traceability|qualification|thermal_shock_cycles|vibration_grms,digikey,,0,,unknown,"Boyd Laconia, LLC",HS317-ND,MIL-PRF-49464,false,unknown,,,5
5999-01-209-0658__374424B00035G,5999-01-209-0658,374424B00035G,unscored,4,0,0,0,7,false,,,,,,No scoreable composite attributes (weight coverage 0%); insufficient data to score. Meets 0 of 7 measurable requirements; 7 unknown. 5 qualification clauses under MIL-PRF-49464 require testing to verify. 7 of 7 measurable requirements could not be verified (100% unknown); lifecycle/availability unknown (not enriched),5,humidity_resistance|lot_traceability|qualification|thermal_shock_cycles|vibration_grms,digikey,,0,,unknown,"Boyd Laconia, LLC",HS319-ND,MIL-PRF-49464,false,unknown,,,6
5999-01-209-0658__375424B00034G,5999-01-209-0658,375424B00034G,unscored,4,0,0,0,7,false,,,,,,No scoreable composite attributes (weight coverage 0%); insufficient data to score. Meets 0 of 7 measurable requirements; 7 unknown. 5 qualification clauses under MIL-PRF-49464 require testing to verify. 7 of 7 measurable requirements could not be verified (100% unknown); lifecycle/availability unknown (not enriched),5,humidity_resistance|lot_traceability|qualification|thermal_shock_cycles|vibration_grms,digikey,,0,,unknown,"Boyd Laconia, LLC",375424B00034G-ND,MIL-PRF-49464,false,unknown,,,7
5999-01-209-0658__504102B00000G,5999-01-209-0658,504102B00000G,unscored,4,0,0,0,7,false,,,,,,No scoreable composite attributes (weight coverage 0%); insufficient data to score. Meets 0 of 7 measurable requirements; 7 unknown. 5 qualification clauses under MIL-PRF-49464 require testing to verify. 7 of 7 measurable requirements could not be verified (100% unknown); lifecycle/availability unknown (not enriched),5,humidity_resistance|lot_traceability|qualification|thermal_shock_cycles|vibration_grms,digikey,,0,,unknown,"Boyd Laconia, LLC",HS104-1-ND,MIL-PRF-49464,false,unknown,,,8
5999-01-209-0658__504222B00000G,5999-01-209-0658,504222B00000G,unscored,4,0,0,0,7,false,,,,,,No scoreable composite attributes (weight coverage 0%); insufficient data to score. Meets 0 of 7 measurable requirements; 7 unknown. 5 qualification clauses under MIL-PRF-49464 require testing to verify. 7 of 7 measurable requirements could not be verified (100% unknown); lifecycle/availability unknown (not enriched),5,humidity_resistance|lot_traceability|qualification|thermal_shock_cycles|vibration_grms,digikey,,0,,unknown,"Boyd Laconia, LLC",HS104-2-ND,MIL-PRF-49464,false,unknown,,,9
5999-01-209-0658__507222B00000G,5999-01-209-0658,507222B00000G,unscored,4,0,0,0,7,false,,,,,,No scoreable composite attributes (weight coverage 0%); insufficient data to score. Meets 0 of 7 measurable requirements; 7 unknown. 5 qualification clauses under MIL-PRF-49464 require testing to verify. 7 of 7 measurable requirements could not be verified (100% unknown); lifecycle/availability unknown (not enriched),5,humidity_resistance|lot_traceability|qualification|thermal_shock_cycles|vibration_grms,digikey,,0,,unknown,"Boyd Laconia, LLC",HS114-ND,MIL-PRF-49464,false,unknown,,,10
5999-01-209-0658__507302B00000G,5999-01-209-0658,507302B00000G,unscored,4,0,0,0,7,false,,,,,,No scoreable composite attributes (weight coverage 0%); insufficient data to score. Meets 0 of 7 measurable requirements; 7 unknown. 5 qualification clauses under MIL-PRF-49464 require testing to verify. 7 of 7 measurable requirements could not be verified (100% unknown); lifecycle/availability unknown (not enriched),5,humidity_resistance|lot_traceability|qualification|thermal_shock_cycles|vibration_grms,digikey,,0,,unknown,"Boyd Laconia, LLC",HS115-ND,MIL-PRF-49464,false,unknown,,,11
5999-01-209-0658__513102B02500G,5999-01-209-0658,513102B02500G,unscored,4,0,0,0,7,false,,,,,,No scoreable composite attributes (weight coverage 0%); insufficient data to score. Meets 0 of 7 measurable requirements; 7 unknown. 5 qualification clauses under MIL-PRF-49464 require testing to verify. 7 of 7 measurable requirements could not be verified (100% unknown); lifecycle/availability unknown (not enriched),5,humidity_resistance|lot_traceability|qualification|thermal_shock_cycles|vibration_grms,digikey,,0,,unknown,"Boyd Laconia, LLC",HS346-ND,MIL-PRF-49464,false,unknown,,,12
5999-01-209-0658__518-95AB,5999-01-209-0658,518-95AB,unscored,4,0,0,0,7,false,,,,,,No scoreable composite attributes (weight coverage 0%); insufficient data to score. Meets 0 of 7 measurable requirements; 7 unknown. 5 qualification clauses under MIL-PRF-49464 require testing to verify. 7 of 7 measurable requirements could not be verified (100% unknown); lifecycle/availability unknown (not enriched),5,humidity_resistance|lot_traceability|qualification|thermal_shock_cycles|vibration_grms,digikey,,0,,unknown,Wakefield Thermal Solutions,345-1055-ND,MIL-PRF-49464,false,unknown,,,13
5999-01-209-0658__528-45AB,5999-01-209-0658,528-45AB,unscored,4,0,0,0,7,false,,,,,,No scoreable composite attributes (weight coverage 0%); insufficient data to score. Meets 0 of 7 measurable requirements; 7 unknown. 5 qualification clauses under MIL-PRF-49464 require testing to verify. 7 of 7 measurable requirements could not be verified (100% unknown); lifecycle/availability unknown (not enriched),5,humidity_resistance|lot_traceability|qualification|thermal_shock_cycles|vibration_grms,digikey,,0,,unknown,Wakefield Thermal Solutions,345-1057-ND,MIL-PRF-49464,false,unknown,,,14
5999-01-209-0658__529802B02500G,5999-01-209-0658,529802B02500G,unscored,4,0,0,0,7,false,,,,,,No scoreable composite attributes (weight coverage 0%); insufficient data to score. Meets 0 of 7 measurable requirements; 7 unknown. 5 qualification clauses under MIL-PRF-49464 require testing to verify. 7 of 7 measurable requirements could not be verified (100% unknown); lifecycle/availability unknown (not enriched),5,humidity_resistance|lot_traceability|qualification|thermal_shock_cycles|vibration_grms,digikey,,0,,unknown,"Boyd Laconia, LLC",HS350-ND,MIL-PRF-49464,false,unknown,,,15
5999-01-209-0658__531102B02500G,5999-01-209-0658,531102B02500G,unscored,4,0,0,0,7,false,,,,,,No scoreable composite attributes (weight coverage 0%); insufficient data to score. Meets 0 of 7 measurable requirements; 7 unknown. 5 qualification clauses under MIL-PRF-49464 require testing to verify. 7 of 7 measurable requirements could not be verified (100% unknown); lifecycle/availability unknown (not enriched),5,humidity_resistance|lot_traceability|qualification|thermal_shock_cycles|vibration_grms,digikey,,0,,unknown,"Boyd Laconia, LLC",HS352-ND,MIL-PRF-49464,false,unknown,,,16
5999-01-209-0658__576802B00000G,5999-01-209-0658,576802B00000G,unscored,4,0,0,0,7,false,,,,,,No scoreable composite attributes (weight coverage 0%); insufficient data to score. Meets 0 of 7 measurable requirements; 7 unknown. 5 qualification clauses under MIL-PRF-49464 require testing to verify. 7 of 7 measurable requirements could not be verified (100% unknown); lifecycle/availability unknown (not enriched),5,humidity_resistance|lot_traceability|qualification|thermal_shock_cycles|vibration_grms,digikey,,0,,unknown,"Boyd Laconia, LLC",HS121-ND,MIL-PRF-49464,false,unknown,,,17
5999-01-209-0658__576802B04000G,5999-01-209-0658,576802B04000G,unscored,4,0,0,0,7,false,,,,,,No scoreable composite attributes (weight coverage 0%); insufficient data to score. Meets 0 of 7 measurable requirements; 7 unknown. 5 qualification clauses under MIL-PRF-49464 require testing to verify. 7 of 7 measurable requirements could not be verified (100% unknown); lifecycle/availability unknown (not enriched),5,humidity_resistance|lot_traceability|qualification|thermal_shock_cycles|vibration_grms,digikey,,0,,unknown,"Boyd Laconia, LLC",HS337-ND,MIL-PRF-49464,false,unknown,,,18
5999-01-209-0658__577002B00000G,5999-01-209-0658,577002B00000G,unscored,4,0,0,0,7,false,,,,,,No scoreable composite attributes (weight coverage 0%); insufficient data to score. Meets 0 of 7 measurable requirements; 7 unknown. 5 qualification clauses under MIL-PRF-49464 require testing to verify. 7 of 7 measurable requirements could not be verified (100% unknown); lifecycle/availability unknown (not enriched),5,humidity_resistance|lot_traceability|qualification|thermal_shock_cycles|vibration_grms,digikey,,0,,unknown,"Boyd Laconia, LLC",HS105-ND,MIL-PRF-49464,false,unknown,,,19
5999-01-209-0658__577102B00000G,5999-01-209-0658,577102B00000G,unscored,4,0,0,0,7,false,,,,,,No scoreable composite attributes (weight coverage 0%); insufficient data to score. Meets 0 of 7 measurable requirements; 7 unknown. 5 qualification clauses under MIL-PRF-49464 require testing to verify. 7 of 7 measurable requirements could not be verified (100% unknown); lifecycle/availability unknown (not enriched),5,humidity_resistance|lot_traceability|qualification|thermal_shock_cycles|vibration_grms,digikey,,0,,unknown,"Boyd Laconia, LLC",HS106-ND,MIL-PRF-49464,false,unknown,,,20
5999-01-209-0658__577202B00000G,5999-01-209-0658,577202B00000G,unscored,4,0,0,0,7,false,,,,,,No scoreable composite attributes (weight coverage 0%); insufficient data to score. Meets 0 of 7 measurable requirements; 7 unknown. 5 qualification clauses under MIL-PRF-49464 require testing to verify. 7 of 7 measurable requirements could not be verified (100% unknown); lifecycle/availability unknown (not enriched),5,humidity_resistance|lot_traceability|qualification|thermal_shock_cycles|vibration_grms,digikey,,0,,unknown,"Boyd Laconia, LLC",HS107-ND,MIL-PRF-49464,false,unknown,,,21
5999-01-209-0658__581002B02500G,5999-01-209-0658,581002B02500G,unscored,4,0,0,0,7,false,,,,,,No scoreable composite attributes (weight coverage 0%); insufficient data to score. Meets 0 of 7 measurable requirements; 7 unknown. 5 qualification clauses under MIL-PRF-49464 require testing to verify. 7 of 7 measurable requirements could not be verified (100% unknown); lifecycle/availability unknown (not enriched),5,humidity_resistance|lot_traceability|qualification|thermal_shock_cycles|vibration_grms,digikey,,0,,unknown,"Boyd Laconia, LLC",HS387-ND,MIL-PRF-49464,false,unknown,,,22
5999-01-209-0658__625-25ABT4E,5999-01-209-0658,625-25ABT4E,unscored,4,0,0,0,7,false,,,,,,No scoreable composite attributes (weight coverage 0%); insufficient data to score. Meets 0 of 7 measurable requirements; 7 unknown. 5 qualification clauses under MIL-PRF-49464 require testing to verify. 7 of 7 measurable requirements could not be verified (100% unknown); lifecycle/availability unknown (not enriched),5,humidity_resistance|lot_traceability|qualification|thermal_shock_cycles|vibration_grms,digikey,,0,,unknown,Wakefield Thermal Solutions,345-1109-ND,MIL-PRF-49464,false,unknown,,,23
5999-01-209-0658__634-10ABPE,5999-01-209-0658,634-10ABPE,unscored,4,0,0,0,7,false,,,,,,No scoreable composite attributes (weight coverage 0%); insufficient data to score. Meets 0 of 7 measurable requirements; 7 unknown. 5 qualification clauses under MIL-PRF-49464 require testing to verify. 7 of 7 measurable requirements could not be verified (100% unknown); lifecycle/availability unknown (not enriched),5,humidity_resistance|lot_traceability|qualification|thermal_shock_cycles|vibration_grms,digikey,,0,,unknown,Wakefield Thermal Solutions,345-1130-ND,MIL-PRF-49464,false,unknown,,,24
5999-01-209-0658__637-10ABPE,5999-01-209-0658,637-10ABPE,unscored,4,0,0,0,7,false,,,,,,No scoreable composite attributes (weight coverage 0%); insufficient data to score. Meets 0 of 7 measurable requirements; 7 unknown. 5 qualification clauses under MIL-PRF-49464 require testing to verify. 7 of 7 measurable requirements could not be verified (100% unknown); lifecycle/availability unknown (not enriched),5,humidity_resistance|lot_traceability|qualification|thermal_shock_cycles|vibration_grms,digikey,,0,,unknown,Wakefield Thermal Solutions,345-1126-ND,MIL-PRF-49464,false,unknown,,,25
5999-01-215-7176__07-0201-0875,5999-01-215-7176,07-0201-0875,medium,2,2,0,0,5,false,,,56.0853,1000,,Composite 31.1 (coverage 38%). Meets 2 of 7 measurable requirements; 5 unknown. 5 qualification clauses under MIL-DTL-24308 require testing to verify. 5 of 7 measurable requirements could not be verified (71% unknown); lifecycle status unknown; single-sourced (1 distributor),5,humidity_resistance|lot_traceability|qualification|thermal_shock_cycles|vibration_grms,digikey,31.1111,38,,unknown,Parker Chomerics,1944-1235-ND,MIL-DTL-24308,true,unknown,1,,1
5999-01-215-7176__9420801.14,5999-01-215-7176,9420801.14,unscored,4,3,0,0,4,false,,,62117,1000,,No scoreable composite attributes (weight coverage 0%); insufficient data to score. Meets 3 of 7 measurable requirements; 4 unknown. 5 qualification clauses under MIL-DTL-24308 require testing to verify. 4 of 7 measurable requirements could not be verified (57% unknown); lifecycle status unknown; 2 distributors,5,humidity_resistance|lot_traceability|qualification|thermal_shock_cycles|vibration_grms,digikey,,0,,unknown,JULABO,2880-9420801.14-ND,MIL-DTL-24308,true,unknown,2,,2
5999-01-215-7176__9420801.16.T,5999-01-215-7176,9420801.16.T,unscored,4,3,0,0,4,false,,,65200,1000,,No scoreable composite attributes (weight coverage 0%); insufficient data to score. Meets 3 of 7 measurable requirements; 4 unknown. 5 qualification clauses under MIL-DTL-24308 require testing to verify. 4 of 7 measurable requirements could not be verified (57% unknown); lifecycle status unknown; single-sourced (1 distributor),5,humidity_resistance|lot_traceability|qualification|thermal_shock_cycles|vibration_grms,digikey,,0,,unknown,JULABO,2880-9420801.16.T-ND,MIL-DTL-24308,true,unknown,1,,3
5999-01-215-7176__10-04-1687-1298,5999-01-215-7176,10-04-1687-1298,unscored,4,2,0,0,5,false,,,,,,No scoreable composite attributes (weight coverage 0%); insufficient data to score. Meets 2 of 7 measurable requirements; 5 unknown. 5 qualification clauses under MIL-DTL-24308 require testing to verify. 5 of 7 measurable requirements could not be verified (71% unknown); lifecycle/availability unknown (not enriched),5,humidity_resistance|lot_traceability|qualification|thermal_shock_cycles|vibration_grms,digikey,,0,,unknown,Parker Chomerics,1944-10-04-1687-1298-DS-ND,MIL-DTL-24308,false,unknown,,,4
5999-01-215-7176__10-04-1720-1298,5999-01-215-7176,10-04-1720-1298,unscored,4,2,0,0,5,false,,,,,,No scoreable composite attributes (weight coverage 0%); insufficient data to score. Meets 2 of 7 measurable requirements; 5 unknown. 5 qualification clauses under MIL-DTL-24308 require testing to verify. 5 of 7 measurable requirements could not be verified (71% unknown); lifecycle/availability unknown (not enriched),5,humidity_resistance|lot_traceability|qualification|thermal_shock_cycles|vibration_grms,digikey,,0,,unknown,Parker Chomerics,1944-10-04-1720-1298-DS-ND,MIL-DTL-24308,false,unknown,,,5
5999-01-215-7176__10-04-2657-1298,5999-01-215-7176,10-04-2657-1298,unscored,4,2,0,0,5,false,,,,,,No scoreable composite attributes (weight coverage 0%); insufficient data to score. Meets 2 of 7 measurable requirements; 5 unknown. 5 qualification clauses under MIL-DTL-24308 require testing to verify. 5 of 7 measurable requirements could not be verified (71% unknown); lifecycle/availability unknown (not enriched),5,humidity_resistance|lot_traceability|qualification|thermal_shock_cycles|vibration_grms,digikey,,0,,unknown,Parker Chomerics,1944-10-04-2657-1298-DS-ND,MIL-DTL-24308,false,unknown,,,6
5999-01-215-7176__10-04-2737-1298,5999-01-215-7176,10-04-2737-1298,unscored,4,2,0,0,5,false,,,,,,No scoreable composite attributes (weight coverage 0%); insufficient data to score. Meets 2 of 7 measurable requirements; 5 unknown. 5 qualification clauses under MIL-DTL-24308 require testing to verify. 5 of 7 measurable requirements could not be verified (71% unknown); lifecycle/availability unknown (not enriched),5,humidity_resistance|lot_traceability|qualification|thermal_shock_cycles|vibration_grms,digikey,,0,,unknown,Parker Chomerics,1944-10-04-2737-1298-DS-ND,MIL-DTL-24308,false,unknown,,,7
5999-01-215-7176__10-04-8363-1298,5999-01-215-7176,10-04-8363-1298,unscored,4,2,0,0,5,false,,,,,,No scoreable composite attributes (weight coverage 0%); insufficient data to score. Meets 2 of 7 measurable requirements; 5 unknown. 5 qualification clauses under MIL-DTL-24308 require testing to verify. 5 of 7 measurable requirements could not be verified (71% unknown); lifecycle/availability unknown (not enriched),5,humidity_resistance|lot_traceability|qualification|thermal_shock_cycles|vibration_grms,digikey,,0,,unknown,Parker Chomerics,1944-10-04-8363-1298-DS-ND,MIL-DTL-24308,false,unknown,,,8
5999-01-215-7176__10-04-8817-1298,5999-01-215-7176,10-04-8817-1298,unscored,4,2,0,0,5,false,,,,,,No scoreable composite attributes (weight coverage 0%); insufficient data to score. Meets 2 of 7 measurable requirements; 5 unknown. 5 qualification clauses under MIL-DTL-24308 require testing to verify. 5 of 7 measurable requirements could not be verified (71% unknown); lifecycle/availability unknown (not enriched),5,humidity_resistance|lot_traceability|qualification|thermal_shock_cycles|vibration_grms,digikey,,0,,unknown,Parker Chomerics,1944-10-04-8817-1298-DS-ND,MIL-DTL-24308,false,unknown,,,9
5999-01-215-7176__10-04-W163-1298,5999-01-215-7176,10-04-W163-1298,unscored,4,2,0,0,5,false,,,,,,No scoreable composite attributes (weight coverage 0%); insufficient data to score. Meets 2 of 7 measurable requirements; 5 unknown. 5 qualification clauses under MIL-DTL-24308 require testing to verify. 5 of 7 measurable requirements could not be verified (71% unknown); lifecycle/availability unknown (not enriched),5,humidity_resistance|lot_traceability|qualification|thermal_shock_cycles|vibration_grms,digikey,,0,,unknown,Parker Chomerics,1944-10-04-W163-1298-DS-ND,MIL-DTL-24308,false,unknown,,,10
5999-01-215-7176__10-04-W267-1298,5999-01-215-7176,10-04-W267-1298,unscored,4,2,0,0,5,false,,,,,,No scoreable composite attributes (weight coverage 0%); insufficient data to score. Meets 2 of 7 measurable requirements; 5 unknown. 5 qualification clauses under MIL-DTL-24308 require testing to verify. 5 of 7 measurable requirements could not be verified (71% unknown); lifecycle/availability unknown (not enriched),5,humidity_resistance|lot_traceability|qualification|thermal_shock_cycles|vibration_grms,digikey,,0,,unknown,Parker Chomerics,1944-10-04-W267-1298-DS-ND,MIL-DTL-24308,false,unknown,,,11
5999-01-215-7176__1201-FSA-0018-1,5999-01-215-7176,1201-FSA-0018-1,unscored,4,2,0,0,5,false,,,,,,No scoreable composite attributes (weight coverage 0%); insufficient data to score. Meets 2 of 7 measurable requirements; 5 unknown. 5 qualification clauses under MIL-DTL-24308 require testing to verify. 5 of 7 measurable requirements could not be verified (71% unknown); lifecycle/availability unknown (not enriched),5,humidity_resistance|lot_traceability|qualification|thermal_shock_cycles|vibration_grms,digikey,,0,,unknown,TE Kemtron,4535-1201-FSA-0018-1-ND,MIL-DTL-24308,false,unknown,,,12
5999-01-215-7176__1201-FSA-0020-1,5999-01-215-7176,1201-FSA-0020-1,unscored,4,2,0,0,5,false,,,,,,No scoreable composite attributes (weight coverage 0%); insufficient data to score. Meets 2 of 7 measurable requirements; 5 unknown. 5 qualification clauses under MIL-DTL-24308 require testing to verify. 5 of 7 measurable requirements could not be verified (71% unknown); lifecycle/availability unknown (not enriched),5,humidity_resistance|lot_traceability|qualification|thermal_shock_cycles|vibration_grms,digikey,,0,,unknown,TE Kemtron,4535-1201-FSA-0020-1-ND,MIL-DTL-24308,false,unknown,,,13
5999-01-215-7176__1201-SSA-0020,5999-01-215-7176,1201-SSA-0020,unscored,4,2,0,0,5,false,,,,,,No scoreable composite attributes (weight coverage 0%); insufficient data to score. Meets 2 of 7 measurable requirements; 5 unknown. 5 qualification clauses under MIL-DTL-24308 require testing to verify. 5 of 7 measurable requirements could not be verified (71% unknown); lifecycle/availability unknown (not enriched),5,humidity_resistance|lot_traceability|qualification|thermal_shock_cycles|vibration_grms,digikey,,0,,unknown,TE Kemtron,4535-1201-SSA-0020-ND,MIL-DTL-24308,false,unknown,,,14
5999-01-215-7176__1202-FNG-0016-0005,5999-01-215-7176,1202-FNG-0016-0005,unscored,4,2,0,0,5,false,,,,,,No scoreable composite attributes (weight coverage 0%); insufficient data to score. Meets 2 of 7 measurable requirements; 5 unknown. 5 qualification clauses under MIL-DTL-24308 require testing to verify. 5 of 7 measurable requirements could not be verified (71% unknown); lifecycle/availability unknown (not enriched),5,humidity_resistance|lot_traceability|qualification|thermal_shock_cycles|vibration_grms,digikey,,0,,unknown,TE Kemtron,4535-1202-FNG-0016-0005-ND,MIL-DTL-24308,false,unknown,,,15
5999-01-215-7176__1202-FNG-0032-0011,5999-01-215-7176,1202-FNG-0032-0011,unscored,4,2,0,0,5,false,,,,,,No scoreable composite attributes (weight coverage 0%); insufficient data to score. Meets 2 of 7 measurable requirements; 5 unknown. 5 qualification clauses under MIL-DTL-24308 require testing to verify. 5 of 7 measurable requirements could not be verified (71% unknown); lifecycle/availability unknown (not enriched),5,humidity_resistance|lot_traceability|qualification|thermal_shock_cycles|vibration_grms,digikey,,0,,unknown,TE Kemtron,4535-1202-FNG-0032-0011-ND,MIL-DTL-24308,false,unknown,,,16
5999-01-215-7176__1202-FSA-0016-0005,5999-01-215-7176,1202-FSA-0016-0005,unscored,4,2,0,0,5,false,,,,,,No scoreable composite attributes (weight coverage 0%); insufficient data to score. Meets 2 of 7 measurable requirements; 5 unknown. 5 qualification clauses under MIL-DTL-24308 require testing to verify. 5 of 7 measurable requirements could not be verified (71% unknown); lifecycle/availability unknown (not enriched),5,humidity_resistance|lot_traceability|qualification|thermal_shock_cycles|vibration_grms,digikey,,0,,unknown,TE Kemtron,4535-1202-FSA-0016-0005-ND,MIL-DTL-24308,false,unknown,,,17
5999-01-215-7176__1202-FSA-0026-0011-1,5999-01-215-7176,1202-FSA-0026-0011-1,unscored,4,2,0,0,5,false,,,,,,No scoreable composite attributes (weight coverage 0%); insufficient data to score. Meets 2 of 7 measurable requirements; 5 unknown. 5 qualification clauses under MIL-DTL-24308 require testing to verify. 5 of 7 measurable requirements could not be verified (71% unknown); lifecycle/availability unknown (not enriched),5,humidity_resistance|lot_traceability|qualification|thermal_shock_cycles|vibration_grms,digikey,,0,,unknown,TE Kemtron,4535-1202-FSA-0026-0011-1-ND,MIL-DTL-24308,false,unknown,,,18
5999-01-215-7176__1202-FSA-0032-0011,5999-01-215-7176,1202-FSA-0032-0011,unscored,4,2,0,0,5,false,,,,,,No scoreable composite attributes (weight coverage 0%); insufficient data to score. Meets 2 of 7 measurable requirements; 5 unknown. 5 qualification clauses under MIL-DTL-24308 require testing to verify. 5 of 7 measurable requirements could not be verified (71% unknown); lifecycle/availability unknown (not enriched),5,humidity_resistance|lot_traceability|qualification|thermal_shock_cycles|vibration_grms,digikey,,0,,unknown,TE Kemtron,4535-1202-FSA-0032-0011-ND,MIL-DTL-24308,false,unknown,,,19
5999-01-215-7176__1202-FSA-0032-0011-1,5999-01-215-7176,1202-FSA-0032-0011-1,unscored,4,2,0,0,5,false,,,,,,No scoreable composite attributes (weight coverage 0%); insufficient data to score. Meets 2 of 7 measurable requirements; 5 unknown. 5 qualification clauses under MIL-DTL-24308 require testing to verify. 5 of 7 measurable requirements could not be verified (71% unknown); lifecycle/availability unknown (not enriched),5,humidity_resistance|lot_traceability|qualification|thermal_shock_cycles|vibration_grms,digikey,,0,,unknown,TE Kemtron,4535-1202-FSA-0032-0011-1-ND,MIL-DTL-24308,false,unknown,,,20
5999-01-215-7176__1202-SSA-0016-0005,5999-01-215-7176,1202-SSA-0016-0005,unscored,4,2,0,0,5,false,,,,,,No scoreable composite attributes (weight coverage 0%); insufficient data to score. Meets 2 of 7 measurable requirements; 5 unknown. 5 qualification clauses under MIL-DTL-24308 require testing to verify. 5 of 7 measurable requirements could not be verified (71% unknown); lifecycle/availability unknown (not enriched),5,humidity_resistance|lot_traceability|qualification|thermal_shock_cycles|vibration_grms,digikey,,0,,unknown,TE Kemtron,4535-1202-SSA-0016-0005-ND,MIL-DTL-24308,false,unknown,,,21
5999-01-215-7176__1202-SSA-0026-0011,5999-01-215-7176,1202-SSA-0026-0011,unscored,4,2,0,0,5,false,,,,,,No scoreable composite attributes (weight coverage 0%); insufficient data to score. Meets 2 of 7 measurable requirements; 5 unknown. 5 qualification clauses under MIL-DTL-24308 require testing to verify. 5 of 7 measurable requirements could not be verified (71% unknown); lifecycle/availability unknown (not enriched),5,humidity_resistance|lot_traceability|qualification|thermal_shock_cycles|vibration_grms,digikey,,0,,unknown,TE Kemtron,4535-1202-SSA-0026-0011-ND,MIL-DTL-24308,false,unknown,,,22
5999-01-215-7176__1202-SSA-0032-0011,5999-01-215-7176,1202-SSA-0032-0011,unscored,4,2,0,0,5,false,,,,,,No scoreable composite attributes (weight coverage 0%); insufficient data to score. Meets 2 of 7 measurable requirements; 5 unknown. 5 qualification clauses under MIL-DTL-24308 require testing to verify. 5 of 7 measurable requirements could not be verified (71% unknown); lifecycle/availability unknown (not enriched),5,humidity_resistance|lot_traceability|qualification|thermal_shock_cycles|vibration_grms,digikey,,0,,unknown,TE Kemtron,4535-1202-SSA-0032-0011-ND,MIL-DTL-24308,false,unknown,,,23
5999-01-215-7176__19-04-14206-1298,5999-01-215-7176,19-04-14206-1298,unscored,4,2,0,0,5,false,,,,,,No scoreable composite attributes (weight coverage 0%); insufficient data to score. Meets 2 of 7 measurable requirements; 5 unknown. 5 qualification clauses under MIL-DTL-24308 require testing to verify. 5 of 7 measurable requirements could not be verified (71% unknown); lifecycle/availability unknown (not enriched),5,humidity_resistance|lot_traceability|qualification|thermal_shock_cycles|vibration_grms,digikey,,0,,unknown,Parker Chomerics,1944-19-04-14206-1298-DS-ND,MIL-DTL-24308,false,unknown,,,24
5999-01-215-7176__19-04-16162-1298,5999-01-215-7176,19-04-16162-1298,unscored,4,2,0,0,5,false,,,,,,No scoreable composite attributes (weight coverage 0%); insufficient data to score. Meets 2 of 7 measurable requirements; 5 unknown. 5 qualification clauses under MIL-DTL-24308 require testing to verify. 5 of 7 measurable requirements could not be verified (71% unknown); lifecycle/availability unknown (not enriched),5,humidity_resistance|lot_traceability|qualification|thermal_shock_cycles|vibration_grms,digikey,,0,,unknown,Parker Chomerics,1944-19-04-16162-1298-DS-ND,MIL-DTL-24308,false,unknown,,,25
5999-01-222-0064__07-0201-0875,5999-01-222-0064,07-0201-0875,medium,2,2,0,0,5,false,,,56.0853,1000,,Composite 31.1 (coverage 38%). Meets 2 of 7 measurable requirements; 5 unknown. 5 qualification clauses under MIL-DTL-24308 require testing to verify. 5 of 7 measurable requirements could not be verified (71% unknown); lifecycle status unknown; single-sourced (1 distributor),5,humidity_resistance|lot_traceability|qualification|thermal_shock_cycles|vibration_grms,digikey,31.1111,38,,unknown,Parker Chomerics,1944-1235-ND,MIL-DTL-24308,true,unknown,1,,1
5999-01-222-0064__3020403,5999-01-222-0064,3020403,high,3,0,2,0,5,false,,,8.825,1000,,"Hard gate failure: operating_temp_min|operating_temp_max. composite skipped (100). Meets 0 of 7 measurable requirements; fails operating_temp_max, operating_temp_min; 5 unknown. 5 qualification clauses under MIL-DTL-24308 require testing to verify. lifecycle status unknown; 7 distributors",5,humidity_resistance|lot_traceability|qualification|thermal_shock_cycles|vibration_grms,external,100,0,operating_temp_min|operating_temp_max,unknown,Wurth Elektronik,,MIL-DTL-24308,true,unknown,7,,2
5999-01-222-0064__30205005,5999-01-222-0064,30205005,high,3,0,2,0,5,false,,,4.4879,1000,,"Hard gate failure: operating_temp_min|operating_temp_max. composite skipped (100). Meets 0 of 7 measurable requirements; fails operating_temp_max, operating_temp_min; 5 unknown. 5 qualification clauses under MIL-DTL-24308 require testing to verify. lifecycle status unknown; 11 distributors",5,humidity_resistance|lot_traceability|qualification|thermal_shock_cycles|vibration_grms,external,100,0,operating_temp_min|operating_temp_max,unknown,Wurth Elektronik,,MIL-DTL-24308,true,unknown,11,,3
5999-01-222-0064__2118707-2,5999-01-222-0064,2118707-2,high,3,1,3,0,3,false,,,0.562,1000,,"Hard gate failure: operating_temp_max|current_rating|contact_count. composite skipped (100). Meets 1 of 7 measurable requirements; fails current_rating, operating_temp_max, contact_count; 3 unknown. 5 qualification clauses under MIL-DTL-24308 require testing to verify. lifecycle status unknown; 21 distributors",5,humidity_resistance|lot_traceability|qualification|thermal_shock_cycles|vibration_grms,external,100,0,operating_temp_max|current_rating|contact_count,unknown,TE Connectivity,,MIL-DTL-24308,true,unknown,21,,4
5999-01-222-0064__10-04-1687-1298,5999-01-222-0064,10-04-1687-1298,unscored,4,2,0,0,5,false,,,,,,No scoreable composite attributes (weight coverage 0%); insufficient data to score. Meets 2 of 7 measurable requirements; 5 unknown. 5 qualification clauses under MIL-DTL-24308 require testing to verify. 5 of 7 measurable requirements could not be verified (71% unknown); lifecycle/availability unknown (not enriched),5,humidity_resistance|lot_traceability|qualification|thermal_shock_cycles|vibration_grms,digikey,,0,,unknown,Parker Chomerics,1944-10-04-1687-1298-DS-ND,MIL-DTL-24308,false,unknown,,,5
5999-01-222-0064__10-04-1720-1298,5999-01-222-0064,10-04-1720-1298,unscored,4,2,0,0,5,false,,,,,,No scoreable composite attributes (weight coverage 0%); insufficient data to score. Meets 2 of 7 measurable requirements; 5 unknown. 5 qualification clauses under MIL-DTL-24308 require testing to verify. 5 of 7 measurable requirements could not be verified (71% unknown); lifecycle/availability unknown (not enriched),5,humidity_resistance|lot_traceability|qualification|thermal_shock_cycles|vibration_grms,digikey,,0,,unknown,Parker Chomerics,1944-10-04-1720-1298-DS-ND,MIL-DTL-24308,false,unknown,,,6
5999-01-222-0064__10-04-2657-1298,5999-01-222-0064,10-04-2657-1298,unscored,4,2,0,0,5,false,,,,,,No scoreable composite attributes (weight coverage 0%); insufficient data to score. Meets 2 of 7 measurable requirements; 5 unknown. 5 qualification clauses under MIL-DTL-24308 require testing to verify. 5 of 7 measurable requirements could not be verified (71% unknown); lifecycle/availability unknown (not enriched),5,humidity_resistance|lot_traceability|qualification|thermal_shock_cycles|vibration_grms,digikey,,0,,unknown,Parker Chomerics,1944-10-04-2657-1298-DS-ND,MIL-DTL-24308,false,unknown,,,7
5999-01-222-0064__10-04-2737-1298,5999-01-222-0064,10-04-2737-1298,unscored,4,2,0,0,5,false,,,,,,No scoreable composite attributes (weight coverage 0%); insufficient data to score. Meets 2 of 7 measurable requirements; 5 unknown. 5 qualification clauses under MIL-DTL-24308 require testing to verify. 5 of 7 measurable requirements could not be verified (71% unknown); lifecycle/availability unknown (not enriched),5,humidity_resistance|lot_traceability|qualification|thermal_shock_cycles|vibration_grms,digikey,,0,,unknown,Parker Chomerics,1944-10-04-2737-1298-DS-ND,MIL-DTL-24308,false,unknown,,,8
5999-01-222-0064__10-04-8363-1298,5999-01-222-0064,10-04-8363-1298,unscored,4,2,0,0,5,false,,,,,,No scoreable composite attributes (weight coverage 0%); insufficient data to score. Meets 2 of 7 measurable requirements; 5 unknown. 5 qualification clauses under MIL-DTL-24308 require testing to verify. 5 of 7 measurable requirements could not be verified (71% unknown); lifecycle/availability unknown (not enriched),5,humidity_resistance|lot_traceability|qualification|thermal_shock_cycles|vibration_grms,digikey,,0,,unknown,Parker Chomerics,1944-10-04-8363-1298-DS-ND,MIL-DTL-24308,false,unknown,,,9
5999-01-222-0064__10-04-8817-1298,5999-01-222-0064,10-04-8817-1298,unscored,4,2,0,0,5,false,,,,,,No scoreable composite attributes (weight coverage 0%); insufficient data to score. Meets 2 of 7 measurable requirements; 5 unknown. 5 qualification clauses under MIL-DTL-24308 require testing to verify. 5 of 7 measurable requirements could not be verified (71% unknown); lifecycle/availability unknown (not enriched),5,humidity_resistance|lot_traceability|qualification|thermal_shock_cycles|vibration_grms,digikey,,0,,unknown,Parker Chomerics,1944-10-04-8817-1298-DS-ND,MIL-DTL-24308,false,unknown,,,10
5999-01-222-0064__10-04-W163-1298,5999-01-222-0064,10-04-W163-1298,unscored,4,2,0,0,5,false,,,,,,No scoreable composite attributes (weight coverage 0%); insufficient data to score. Meets 2 of 7 measurable requirements; 5 unknown. 5 qualification clauses under MIL-DTL-24308 require testing to verify. 5 of 7 measurable requirements could not be verified (71% unknown); lifecycle/availability unknown (not enriched),5,humidity_resistance|lot_traceability|qualification|thermal_shock_cycles|vibration_grms,digikey,,0,,unknown,Parker Chomerics,1944-10-04-W163-1298-DS-ND,MIL-DTL-24308,false,unknown,,,11
5999-01-222-0064__10-04-W267-1298,5999-01-222-0064,10-04-W267-1298,unscored,4,2,0,0,5,false,,,,,,No scoreable composite attributes (weight coverage 0%); insufficient data to score. Meets 2 of 7 measurable requirements; 5 unknown. 5 qualification clauses under MIL-DTL-24308 require testing to verify. 5 of 7 measurable requirements could not be verified (71% unknown); lifecycle/availability unknown (not enriched),5,humidity_resistance|lot_traceability|qualification|thermal_shock_cycles|vibration_grms,digikey,,0,,unknown,Parker Chomerics,1944-10-04-W267-1298-DS-ND,MIL-DTL-24308,false,unknown,,,12
5999-01-222-0064__1201-FSA-0018-1,5999-01-222-0064,1201-FSA-0018-1,unscored,4,2,0,0,5,false,,,,,,No scoreable composite attributes (weight coverage 0%); insufficient data to score. Meets 2 of 7 measurable requirements; 5 unknown. 5 qualification clauses under MIL-DTL-24308 require testing to verify. 5 of 7 measurable requirements could not be verified (71% unknown); lifecycle/availability unknown (not enriched),5,humidity_resistance|lot_traceability|qualification|thermal_shock_cycles|vibration_grms,digikey,,0,,unknown,TE Kemtron,4535-1201-FSA-0018-1-ND,MIL-DTL-24308,false,unknown,,,13
5999-01-222-0064__1201-FSA-0020-1,5999-01-222-0064,1201-FSA-0020-1,unscored,4,2,0,0,5,false,,,,,,No scoreable composite attributes (weight coverage 0%); insufficient data to score. Meets 2 of 7 measurable requirements; 5 unknown. 5 qualification clauses under MIL-DTL-24308 require testing to verify. 5 of 7 measurable requirements could not be verified (71% unknown); lifecycle/availability unknown (not enriched),5,humidity_resistance|lot_traceability|qualification|thermal_shock_cycles|vibration_grms,digikey,,0,,unknown,TE Kemtron,4535-1201-FSA-0020-1-ND,MIL-DTL-24308,false,unknown,,,14
5999-01-222-0064__1201-SSA-0020,5999-01-222-0064,1201-SSA-0020,unscored,4,2,0,0,5,false,,,,,,No scoreable composite attributes (weight coverage 0%); insufficient data to score. Meets 2 of 7 measurable requirements; 5 unknown. 5 qualification clauses under MIL-DTL-24308 require testing to verify. 5 of 7 measurable requirements could not be verified (71% unknown); lifecycle/availability unknown (not enriched),5,humidity_resistance|lot_traceability|qualification|thermal_shock_cycles|vibration_grms,digikey,,0,,unknown,TE Kemtron,4535-1201-SSA-0020-ND,MIL-DTL-24308,false,unknown,,,15
5999-01-222-0064__1202-FNG-0016-0005,5999-01-222-0064,1202-FNG-0016-0005,unscored,4,2,0,0,5,false,,,,,,No scoreable composite attributes (weight coverage 0%); insufficient data to score. Meets 2 of 7 measurable requirements; 5 unknown. 5 qualification clauses under MIL-DTL-24308 require testing to verify. 5 of 7 measurable requirements could not be verified (71% unknown); lifecycle/availability unknown (not enriched),5,humidity_resistance|lot_traceability|qualification|thermal_shock_cycles|vibration_grms,digikey,,0,,unknown,TE Kemtron,4535-1202-FNG-0016-0005-ND,MIL-DTL-24308,false,unknown,,,16
5999-01-222-0064__1202-FNG-0032-0011,5999-01-222-0064,1202-FNG-0032-0011,unscored,4,2,0,0,5,false,,,,,,No scoreable composite attributes (weight coverage 0%); insufficient data to score. Meets 2 of 7 measurable requirements; 5 unknown. 5 qualification clauses under MIL-DTL-24308 require testing to verify. 5 of 7 measurable requirements could not be verified (71% unknown); lifecycle/availability unknown (not enriched),5,humidity_resistance|lot_traceability|qualification|thermal_shock_cycles|vibration_grms,digikey,,0,,unknown,TE Kemtron,4535-1202-FNG-0032-0011-ND,MIL-DTL-24308,false,unknown,,,17
5999-01-222-0064__1202-FSA-0016-0005,5999-01-222-0064,1202-FSA-0016-0005,unscored,4,2,0,0,5,false,,,,,,No scoreable composite attributes (weight coverage 0%); insufficient data to score. Meets 2 of 7 measurable requirements; 5 unknown. 5 qualification clauses under MIL-DTL-24308 require testing to verify. 5 of 7 measurable requirements could not be verified (71% unknown); lifecycle/availability unknown (not enriched),5,humidity_resistance|lot_traceability|qualification|thermal_shock_cycles|vibration_grms,digikey,,0,,unknown,TE Kemtron,4535-1202-FSA-0016-0005-ND,MIL-DTL-24308,false,unknown,,,18
5999-01-222-0064__1202-FSA-0026-0011-1,5999-01-222-0064,1202-FSA-0026-0011-1,unscored,4,2,0,0,5,false,,,,,,No scoreable composite attributes (weight coverage 0%); insufficient data to score. Meets 2 of 7 measurable requirements; 5 unknown. 5 qualification clauses under MIL-DTL-24308 require testing to verify. 5 of 7 measurable requirements could not be verified (71% unknown); lifecycle/availability unknown (not enriched),5,humidity_resistance|lot_traceability|qualification|thermal_shock_cycles|vibration_grms,digikey,,0,,unknown,TE Kemtron,4535-1202-FSA-0026-0011-1-ND,MIL-DTL-24308,false,unknown,,,19
5999-01-222-0064__1202-FSA-0032-0011,5999-01-222-0064,1202-FSA-0032-0011,unscored,4,2,0,0,5,false,,,,,,No scoreable composite attributes (weight coverage 0%); insufficient data to score. Meets 2 of 7 measurable requirements; 5 unknown. 5 qualification clauses under MIL-DTL-24308 require testing to verify. 5 of 7 measurable requirements could not be verified (71% unknown); lifecycle/availability unknown (not enriched),5,humidity_resistance|lot_traceability|qualification|thermal_shock_cycles|vibration_grms,digikey,,0,,unknown,TE Kemtron,4535-1202-FSA-0032-0011-ND,MIL-DTL-24308,false,unknown,,,20
5999-01-222-0064__1202-FSA-0032-0011-1,5999-01-222-0064,1202-FSA-0032-0011-1,unscored,4,2,0,0,5,false,,,,,,No scoreable composite attributes (weight coverage 0%); insufficient data to score. Meets 2 of 7 measurable requirements; 5 unknown. 5 qualification clauses under MIL-DTL-24308 require testing to verify. 5 of 7 measurable requirements could not be verified (71% unknown); lifecycle/availability unknown (not enriched),5,humidity_resistance|lot_traceability|qualification|thermal_shock_cycles|vibration_grms,digikey,,0,,unknown,TE Kemtron,4535-1202-FSA-0032-0011-1-ND,MIL-DTL-24308,false,unknown,,,21
5999-01-222-0064__1202-SSA-0016-0005,5999-01-222-0064,1202-SSA-0016-0005,unscored,4,2,0,0,5,false,,,,,,No scoreable composite attributes (weight coverage 0%); insufficient data to score. Meets 2 of 7 measurable requirements; 5 unknown. 5 qualification clauses under MIL-DTL-24308 require testing to verify. 5 of 7 measurable requirements could not be verified (71% unknown); lifecycle/availability unknown (not enriched),5,humidity_resistance|lot_traceability|qualification|thermal_shock_cycles|vibration_grms,digikey,,0,,unknown,TE Kemtron,4535-1202-SSA-0016-0005-ND,MIL-DTL-24308,false,unknown,,,22
5999-01-222-0064__1202-SSA-0026-0011,5999-01-222-0064,1202-SSA-0026-0011,unscored,4,2,0,0,5,false,,,,,,No scoreable composite attributes (weight coverage 0%); insufficient data to score. Meets 2 of 7 measurable requirements; 5 unknown. 5 qualification clauses under MIL-DTL-24308 require testing to verify. 5 of 7 measurable requirements could not be verified (71% unknown); lifecycle/availability unknown (not enriched),5,humidity_resistance|lot_traceability|qualification|thermal_shock_cycles|vibration_grms,digikey,,0,,unknown,TE Kemtron,4535-1202-SSA-0026-0011-ND,MIL-DTL-24308,false,unknown,,,23
5999-01-222-0064__1202-SSA-0032-0011,5999-01-222-0064,1202-SSA-0032-0011,unscored,4,2,0,0,5,false,,,,,,No scoreable composite attributes (weight coverage 0%); insufficient data to score. Meets 2 of 7 measurable requirements; 5 unknown. 5 qualification clauses under MIL-DTL-24308 require testing to verify. 5 of 7 measurable requirements could not be verified (71% unknown); lifecycle/availability unknown (not enriched),5,humidity_resistance|lot_traceability|qualification|thermal_shock_cycles|vibration_grms,digikey,,0,,unknown,TE Kemtron,4535-1202-SSA-0032-0011-ND,MIL-DTL-24308,false,unknown,,,24
5999-01-222-0064__19-04-14206-1298,5999-01-222-0064,19-04-14206-1298,unscored,4,2,0,0,5,false,,,,,,No scoreable composite attributes (weight coverage 0%); insufficient data to score. Meets 2 of 7 measurable requirements; 5 unknown. 5 qualification clauses under MIL-DTL-24308 require testing to verify. 5 of 7 measurable requirements could not be verified (71% unknown); lifecycle/availability unknown (not enriched),5,humidity_resistance|lot_traceability|qualification|thermal_shock_cycles|vibration_grms,digikey,,0,,unknown,Parker Chomerics,1944-19-04-14206-1298-DS-ND,MIL-DTL-24308,false,unknown,,,25
5999-01-222-0064__19-04-16162-1298,5999-01-222-0064,19-04-16162-1298,unscored,4,2,0,0,5,false,,,,,,No scoreable composite attributes (weight coverage 0%); insufficient data to score. Meets 2 of 7 measurable requirements; 5 unknown. 5 qualification clauses under MIL-DTL-24308 require testing to verify. 5 of 7 measurable requirements could not be verified (71% unknown); lifecycle/availability unknown (not enriched),5,humidity_resistance|lot_traceability|qualification|thermal_shock_cycles|vibration_grms,digikey,,0,,unknown,Parker Chomerics,1944-19-04-16162-1298-DS-ND,MIL-DTL-24308,false,unknown,,,26
5999-01-222-0064__19-04-20581-1298,5999-01-222-0064,19-04-20581-1298,unscored,4,2,0,0,5,false,,,,,,No scoreable composite attributes (weight coverage 0%); insufficient data to score. Meets 2 of 7 measurable requirements; 5 unknown. 5 qualification clauses under MIL-DTL-24308 require testing to verify. 5 of 7 measurable requirements could not be verified (71% unknown); lifecycle/availability unknown (not enriched),5,humidity_resistance|lot_traceability|qualification|thermal_shock_cycles|vibration_grms,digikey,,0,,unknown,Parker Chomerics,1944-19-04-20581-1298-DS-ND,MIL-DTL-24308,false,unknown,,,27
5999-01-222-0064__19-04-22371-1298,5999-01-222-0064,19-04-22371-1298,unscored,4,2,0,0,5,false,,,,,,No scoreable composite attributes (weight coverage 0%); insufficient data to score. Meets 2 of 7 measurable requirements; 5 unknown. 5 qualification clauses under MIL-DTL-24308 require testing to verify. 5 of 7 measurable requirements could not be verified (71% unknown); lifecycle/availability unknown (not enriched),5,humidity_resistance|lot_traceability|qualification|thermal_shock_cycles|vibration_grms,digikey,,0,,unknown,Parker Chomerics,1944-19-04-22371-1298-DS-ND,MIL-DTL-24308,false,unknown,,,28
5999-01-222-0064__480-0016-2250-10000,5999-01-222-0064,480-0016-2250-10000,unscored,4,2,0,0,5,false,,,,,,No scoreable composite attributes (weight coverage 0%); insufficient data to score. Meets 2 of 7 measurable requirements; 5 unknown. 5 qualification clauses under MIL-DTL-24308 require testing to verify. 5 of 7 measurable requirements could not be verified (71% unknown); lifecycle/availability unknown (not enriched),5,humidity_resistance|lot_traceability|qualification|thermal_shock_cycles|vibration_grms,external,,0,,unknown,TE Connectivity,,MIL-DTL-24308,false,unknown,,,29
5999-01-240-8049__07-0201-0237,5999-01-240-8049,07-0201-0237,medium,2,2,0,0,5,false,,,85.96,1000,,Composite 31.1 (coverage 38%). Meets 2 of 7 measurable requirements; 5 unknown. 7 qualification clauses under MIL-DTL-83513 require testing to verify. 5 of 7 measurable requirements could not be verified (71% unknown); lifecycle status unknown; single-sourced (1 distributor),7,dpa_sample_required|humidity_resistance|lot_traceability|qualification|solderability_per_j_std_002|thermal_shock_cycles|vibration_grms,digikey,31.1111,38,,unknown,Parker Chomerics,1944-1210-ND,MIL-DTL-83513,true,unknown,1,,1
5999-01-240-8049__07-0201-0875,5999-01-240-8049,07-0201-0875,medium,2,2,0,0,5,false,,,56.0853,1000,,Composite 31.1 (coverage 38%). Meets 2 of 7 measurable requirements; 5 unknown. 7 qualification clauses under MIL-DTL-83513 require testing to verify. 5 of 7 measurable requirements could not be verified (71% unknown); lifecycle status unknown; single-sourced (1 distributor),7,dpa_sample_required|humidity_resistance|lot_traceability|qualification|solderability_per_j_std_002|thermal_shock_cycles|vibration_grms,digikey,31.1111,38,,unknown,Parker Chomerics,1944-1235-ND,MIL-DTL-83513,true,unknown,1,,2
5999-01-240-8049__07-0202-0094,5999-01-240-8049,07-0202-0094,medium,2,2,0,0,5,false,,,104.81,1000,,Composite 31.1 (coverage 38%). Meets 2 of 7 measurable requirements; 5 unknown. 7 qualification clauses under MIL-DTL-83513 require testing to verify. 5 of 7 measurable requirements could not be verified (71% unknown); lifecycle status unknown; single-sourced (1 distributor),7,dpa_sample_required|humidity_resistance|lot_traceability|qualification|solderability_per_j_std_002|thermal_shock_cycles|vibration_grms,digikey,31.1111,38,,unknown,Parker Chomerics,1944-1171-ND,MIL-DTL-83513,true,unknown,1,,3
5999-01-240-8049__3020403,5999-01-240-8049,3020403,high,3,0,2,0,5,false,,,8.825,1000,,"Hard gate failure: operating_temp_min|operating_temp_max. composite skipped (100). Meets 0 of 7 measurable requirements; fails operating_temp_max, operating_temp_min; 5 unknown. 7 qualification clauses under MIL-DTL-83513 require testing to verify. lifecycle status unknown; 7 distributors",7,dpa_sample_required|humidity_resistance|lot_traceability|qualification|solderability_per_j_std_002|thermal_shock_cycles|vibration_grms,external,100,0,operating_temp_min|operating_temp_max,unknown,Wurth Elektronik,,MIL-DTL-83513,true,unknown,7,,4
5999-01-240-8049__30205005,5999-01-240-8049,30205005,high,3,0,2,0,5,false,,,4.4879,1000,,"Hard gate failure: operating_temp_min|operating_temp_max. composite skipped (100). Meets 0 of 7 measurable requirements; fails operating_temp_max, operating_temp_min; 5 unknown. 7 qualification clauses under MIL-DTL-83513 require testing to verify. lifecycle status unknown; 11 distributors",7,dpa_sample_required|humidity_resistance|lot_traceability|qualification|solderability_per_j_std_002|thermal_shock_cycles|vibration_grms,external,100,0,operating_temp_min|operating_temp_max,unknown,Wurth Elektronik,,MIL-DTL-83513,true,unknown,11,,5
5999-01-240-8049__2118707-2,5999-01-240-8049,2118707-2,high,3,1,3,0,3,false,,,0.562,1000,,"Hard gate failure: operating_temp_max|current_rating|contact_count. composite skipped (100). Meets 1 of 7 measurable requirements; fails contact_count, current_rating, operating_temp_max; 3 unknown. 7 qualification clauses under MIL-DTL-83513 require testing to verify. lifecycle status unknown; 21 distributors",7,dpa_sample_required|humidity_resistance|lot_traceability|qualification|solderability_per_j_std_002|thermal_shock_cycles|vibration_grms,external,100,0,operating_temp_max|current_rating|contact_count,unknown,TE Connectivity,,MIL-DTL-83513,true,unknown,21,,6
5999-01-240-8049__07-0202-0488,5999-01-240-8049,07-0202-0488,unscored,4,2,0,0,5,false,,,,,,No scoreable composite attributes (weight coverage 0%); insufficient data to score. Meets 2 of 7 measurable requirements; 5 unknown. 7 qualification clauses under MIL-DTL-83513 require testing to verify. 5 of 7 measurable requirements could not be verified (71% unknown); lifecycle/availability unknown (not enriched),7,dpa_sample_required|humidity_resistance|lot_traceability|qualification|solderability_per_j_std_002|thermal_shock_cycles|vibration_grms,digikey,,0,,unknown,Parker Chomerics,1944-1211-ND,MIL-DTL-83513,false,unknown,,,7
5999-01-240-8049__07-0701-9006,5999-01-240-8049,07-0701-9006,unscored,4,2,0,0,5,false,,,,,,No scoreable composite attributes (weight coverage 0%); insufficient data to score. Meets 2 of 7 measurable requirements; 5 unknown. 7 qualification clauses under MIL-DTL-83513 require testing to verify. 5 of 7 measurable requirements could not be verified (71% unknown); lifecycle/availability unknown (not enriched),7,dpa_sample_required|humidity_resistance|lot_traceability|qualification|solderability_per_j_std_002|thermal_shock_cycles|vibration_grms,digikey,,0,,unknown,Parker Chomerics,1944-1083-ND,MIL-DTL-83513,false,unknown,,,8
5999-01-240-8049__07-0702-9009,5999-01-240-8049,07-0702-9009,unscored,4,2,0,0,5,false,,,,,,No scoreable composite attributes (weight coverage 0%); insufficient data to score. Meets 2 of 7 measurable requirements; 5 unknown. 7 qualification clauses under MIL-DTL-83513 require testing to verify. 5 of 7 measurable requirements could not be verified (71% unknown); lifecycle/availability unknown (not enriched),7,dpa_sample_required|humidity_resistance|lot_traceability|qualification|solderability_per_j_std_002|thermal_shock_cycles|vibration_grms,digikey,,0,,unknown,Parker Chomerics,1944-1054-ND,MIL-DTL-83513,false,unknown,,,9
5999-01-240-8049__07-0702-9012,5999-01-240-8049,07-0702-9012,unscored,4,2,0,0,5,false,,,,,,No scoreable composite attributes (weight coverage 0%); insufficient data to score. Meets 2 of 7 measurable requirements; 5 unknown. 7 qualification clauses under MIL-DTL-83513 require testing to verify. 5 of 7 measurable requirements could not be verified (71% unknown); lifecycle/availability unknown (not enriched),7,dpa_sample_required|humidity_resistance|lot_traceability|qualification|solderability_per_j_std_002|thermal_shock_cycles|vibration_grms,digikey,,0,,unknown,Parker Chomerics,1944-1055-ND,MIL-DTL-83513,false,unknown,,,10
5999-01-240-8049__10-04-1687-1298,5999-01-240-8049,10-04-1687-1298,unscored,4,2,0,0,5,false,,,,,,No scoreable composite attributes (weight coverage 0%); insufficient data to score. Meets 2 of 7 measurable requirements; 5 unknown. 7 qualification clauses under MIL-DTL-83513 require testing to verify. 5 of 7 measurable requirements could not be verified (71% unknown); lifecycle/availability unknown (not enriched),7,dpa_sample_required|humidity_resistance|lot_traceability|qualification|solderability_per_j_std_002|thermal_shock_cycles|vibration_grms,digikey,,0,,unknown,Parker Chomerics,1944-10-04-1687-1298-DS-ND,MIL-DTL-83513,false,unknown,,,11
5999-01-240-8049__10-04-1720-1298,5999-01-240-8049,10-04-1720-1298,unscored,4,2,0,0,5,false,,,,,,No scoreable composite attributes (weight coverage 0%); insufficient data to score. Meets 2 of 7 measurable requirements; 5 unknown. 7 qualification clauses under MIL-DTL-83513 require testing to verify. 5 of 7 measurable requirements could not be verified (71% unknown); lifecycle/availability unknown (not enriched),7,dpa_sample_required|humidity_resistance|lot_traceability|qualification|solderability_per_j_std_002|thermal_shock_cycles|vibration_grms,digikey,,0,,unknown,Parker Chomerics,1944-10-04-1720-1298-DS-ND,MIL-DTL-83513,false,unknown,,,12
5999-01-240-8049__10-04-2657-1298,5999-01-240-8049,10-04-2657-1298,unscored,4,2,0,0,5,false,,,,,,No scoreable composite attributes (weight coverage 0%); insufficient data to score. Meets 2 of 7 measurable requirements; 5 unknown. 7 qualification clauses under MIL-DTL-83513 require testing to verify. 5 of 7 measurable requirements could not be verified (71% unknown); lifecycle/availability unknown (not enriched),7,dpa_sample_required|humidity_resistance|lot_traceability|qualification|solderability_per_j_std_002|thermal_shock_cycles|vibration_grms,digikey,,0,,unknown,Parker Chomerics,1944-10-04-2657-1298-DS-ND,MIL-DTL-83513,false,unknown,,,13
5999-01-240-8049__10-04-2737-1298,5999-01-240-8049,10-04-2737-1298,unscored,4,2,0,0,5,false,,,,,,No scoreable composite attributes (weight coverage 0%); insufficient data to score. Meets 2 of 7 measurable requirements; 5 unknown. 7 qualification clauses under MIL-DTL-83513 require testing to verify. 5 of 7 measurable requirements could not be verified (71% unknown); lifecycle/availability unknown (not enriched),7,dpa_sample_required|humidity_resistance|lot_traceability|qualification|solderability_per_j_std_002|thermal_shock_cycles|vibration_grms,digikey,,0,,unknown,Parker Chomerics,1944-10-04-2737-1298-DS-ND,MIL-DTL-83513,false,unknown,,,14
5999-01-240-8049__10-04-2865-1298,5999-01-240-8049,10-04-2865-1298,unscored,4,2,0,0,5,false,,,,,,No scoreable composite attributes (weight coverage 0%); insufficient data to score. Meets 2 of 7 measurable requirements; 5 unknown. 7 qualification clauses under MIL-DTL-83513 require testing to verify. 5 of 7 measurable requirements could not be verified (71% unknown); lifecycle/availability unknown (not enriched),7,dpa_sample_required|humidity_resistance|lot_traceability|qualification|solderability_per_j_std_002|thermal_shock_cycles|vibration_grms,digikey,,0,,unknown,Parker Chomerics,1944-10-04-2865-1298-DS-ND,MIL-DTL-83513,false,unknown,,,15
5999-01-240-8049__10-04-6386-1298,5999-01-240-8049,10-04-6386-1298,unscored,4,2,0,0,5,false,,,,,,No scoreable composite attributes (weight coverage 0%); insufficient data to score. Meets 2 of 7 measurable requirements; 5 unknown. 7 qualification clauses under MIL-DTL-83513 require testing to verify. 5 of 7 measurable requirements could not be verified (71% unknown); lifecycle/availability unknown (not enriched),7,dpa_sample_required|humidity_resistance|lot_traceability|qualification|solderability_per_j_std_002|thermal_shock_cycles|vibration_grms,digikey,,0,,unknown,Parker Chomerics,1944-10-04-6386-1298-DS-ND,MIL-DTL-83513,false,unknown,,,16
5999-01-240-8049__10-04-8363-1298,5999-01-240-8049,10-04-8363-1298,unscored,4,2,0,0,5,false,,,,,,No scoreable composite attributes (weight coverage 0%); insufficient data to score. Meets 2 of 7 measurable requirements; 5 unknown. 7 qualification clauses under MIL-DTL-83513 require testing to verify. 5 of 7 measurable requirements could not be verified (71% unknown); lifecycle/availability unknown (not enriched),7,dpa_sample_required|humidity_resistance|lot_traceability|qualification|solderability_per_j_std_002|thermal_shock_cycles|vibration_grms,digikey,,0,,unknown,Parker Chomerics,1944-10-04-8363-1298-DS-ND,MIL-DTL-83513,false,unknown,,,17
5999-01-240-8049__10-04-8817-1298,5999-01-240-8049,10-04-8817-1298,unscored,4,2,0,0,5,false,,,,,,No scoreable composite attributes (weight coverage 0%); insufficient data to score. Meets 2 of 7 measurable requirements; 5 unknown. 7 qualification clauses under MIL-DTL-83513 require testing to verify. 5 of 7 measurable requirements could not be verified (71% unknown); lifecycle/availability unknown (not enriched),7,dpa_sample_required|humidity_resistance|lot_traceability|qualification|solderability_per_j_std_002|thermal_shock_cycles|vibration_grms,digikey,,0,,unknown,Parker Chomerics,1944-10-04-8817-1298-DS-ND,MIL-DTL-83513,false,unknown,,,18
5999-01-240-8049__10-04-9732-1298,5999-01-240-8049,10-04-9732-1298,unscored,4,2,0,0,5,false,,,,,,No scoreable composite attributes (weight coverage 0%); insufficient data to score. Meets 2 of 7 measurable requirements; 5 unknown. 7 qualification clauses under MIL-DTL-83513 require testing to verify. 5 of 7 measurable requirements could not be verified (71% unknown); lifecycle/availability unknown (not enriched),7,dpa_sample_required|humidity_resistance|lot_traceability|qualification|solderability_per_j_std_002|thermal_shock_cycles|vibration_grms,digikey,,0,,unknown,Parker Chomerics,1944-10-04-9732-1298-DS-ND,MIL-DTL-83513,false,unknown,,,19
5999-01-240-8049__10-04-W163-1298,5999-01-240-8049,10-04-W163-1298,unscored,4,2,0,0,5,false,,,,,,No scoreable composite attributes (weight coverage 0%); insufficient data to score. Meets 2 of 7 measurable requirements; 5 unknown. 7 qualification clauses under MIL-DTL-83513 require testing to verify. 5 of 7 measurable requirements could not be verified (71% unknown); lifecycle/availability unknown (not enriched),7,dpa_sample_required|humidity_resistance|lot_traceability|qualification|solderability_per_j_std_002|thermal_shock_cycles|vibration_grms,digikey,,0,,unknown,Parker Chomerics,1944-10-04-W163-1298-DS-ND,MIL-DTL-83513,false,unknown,,,20
5999-01-240-8049__10-04-W204-1298,5999-01-240-8049,10-04-W204-1298,unscored,4,2,0,0,5,false,,,,,,No scoreable composite attributes (weight coverage 0%); insufficient data to score. Meets 2 of 7 measurable requirements; 5 unknown. 7 qualification clauses under MIL-DTL-83513 require testing to verify. 5 of 7 measurable requirements could not be verified (71% unknown); lifecycle/availability unknown (not enriched),7,dpa_sample_required|humidity_resistance|lot_traceability|qualification|solderability_per_j_std_002|thermal_shock_cycles|vibration_grms,digikey,,0,,unknown,Parker Chomerics,1944-1193-ND,MIL-DTL-83513,false,unknown,,,21
5999-01-240-8049__10-04-W267-1298,5999-01-240-8049,10-04-W267-1298,unscored,4,2,0,0,5,false,,,,,,No scoreable composite attributes (weight coverage 0%); insufficient data to score. Meets 2 of 7 measurable requirements; 5 unknown. 7 qualification clauses under MIL-DTL-83513 require testing to verify. 5 of 7 measurable requirements could not be verified (71% unknown); lifecycle/availability unknown (not enriched),7,dpa_sample_required|humidity_resistance|lot_traceability|qualification|solderability_per_j_std_002|thermal_shock_cycles|vibration_grms,digikey,,0,,unknown,Parker Chomerics,1944-10-04-W267-1298-DS-ND,MIL-DTL-83513,false,unknown,,,22
5999-01-240-8049__10-05-4308-1298,5999-01-240-8049,10-05-4308-1298,unscored,4,2,0,0,5,false,,,,,,No scoreable composite attributes (weight coverage 0%); insufficient data to score. Meets 2 of 7 measurable requirements; 5 unknown. 7 qualification clauses under MIL-DTL-83513 require testing to verify. 5 of 7 measurable requirements could not be verified (71% unknown); lifecycle/availability unknown (not enriched),7,dpa_sample_required|humidity_resistance|lot_traceability|qualification|solderability_per_j_std_002|thermal_shock_cycles|vibration_grms,digikey,,0,,unknown,Parker Chomerics,1944-1198-ND,MIL-DTL-83513,false,unknown,,,23
5999-01-240-8049__10-05-6419-1298,5999-01-240-8049,10-05-6419-1298,unscored,4,2,0,0,5,false,,,,,,No scoreable composite attributes (weight coverage 0%); insufficient data to score. Meets 2 of 7 measurable requirements; 5 unknown. 7 qualification clauses under MIL-DTL-83513 require testing to verify. 5 of 7 measurable requirements could not be verified (71% unknown); lifecycle/availability unknown (not enriched),7,dpa_sample_required|humidity_resistance|lot_traceability|qualification|solderability_per_j_std_002|thermal_shock_cycles|vibration_grms,digikey,,0,,unknown,Parker Chomerics,1944-1197-ND,MIL-DTL-83513,false,unknown,,,24
5999-01-240-8049__1201-FSA-0010,5999-01-240-8049,1201-FSA-0010,unscored,4,2,0,0,5,false,,,,,,No scoreable composite attributes (weight coverage 0%); insufficient data to score. Meets 2 of 7 measurable requirements; 5 unknown. 7 qualification clauses under MIL-DTL-83513 require testing to verify. 5 of 7 measurable requirements could not be verified (71% unknown); lifecycle/availability unknown (not enriched),7,dpa_sample_required|humidity_resistance|lot_traceability|qualification|solderability_per_j_std_002|thermal_shock_cycles|vibration_grms,digikey,,0,,unknown,TE Kemtron,4535-1201-FSA-0010-ND,MIL-DTL-83513,false,unknown,,,25
5999-01-240-8049__1201-FSA-0016,5999-01-240-8049,1201-FSA-0016,unscored,4,2,0,0,5,false,,,,,,No scoreable composite attributes (weight coverage 0%); insufficient data to score. Meets 2 of 7 measurable requirements; 5 unknown. 7 qualification clauses under MIL-DTL-83513 require testing to verify. 5 of 7 measurable requirements could not be verified (71% unknown); lifecycle/availability unknown (not enriched),7,dpa_sample_required|humidity_resistance|lot_traceability|qualification|solderability_per_j_std_002|thermal_shock_cycles|vibration_grms,digikey,,0,,unknown,TE Kemtron,4535-1201-FSA-0016-ND,MIL-DTL-83513,false,unknown,,,26
5999-01-240-8049__1201-FSA-0018,5999-01-240-8049,1201-FSA-0018,unscored,4,2,0,0,5,false,,,,,,No scoreable composite attributes (weight coverage 0%); insufficient data to score. Meets 2 of 7 measurable requirements; 5 unknown. 7 qualification clauses under MIL-DTL-83513 require testing to verify. 5 of 7 measurable requirements could not be verified (71% unknown); lifecycle/availability unknown (not enriched),7,dpa_sample_required|humidity_resistance|lot_traceability|qualification|solderability_per_j_std_002|thermal_shock_cycles|vibration_grms,digikey,,0,,unknown,TE Kemtron,4535-1201-FSA-0018-ND,MIL-DTL-83513,false,unknown,,,27
5999-01-240-8049__1201-FSA-0020,5999-01-240-8049,1201-FSA-0020,unscored,4,2,0,0,5,false,,,,,,No scoreable composite attributes (weight coverage 0%); insufficient data to score. Meets 2 of 7 measurable requirements; 5 unknown. 7 qualification clauses under MIL-DTL-83513 require testing to verify. 5 of 7 measurable requirements could not be verified (71% unknown); lifecycle/availability unknown (not enriched),7,dpa_sample_required|humidity_resistance|lot_traceability|qualification|solderability_per_j_std_002|thermal_shock_cycles|vibration_grms,digikey,,0,,unknown,TE Kemtron,4535-1201-FSA-0020-ND,MIL-DTL-83513,false,unknown,,,28
5999-01-240-8049__480-0016-2250-10000,5999-01-240-8049,480-0016-2250-10000,unscored,4,2,0,0,5,false,,,,,,No scoreable composite attributes (weight coverage 0%); insufficient data to score. Meets 2 of 7 measurable requirements; 5 unknown. 7 qualification clauses under MIL-DTL-83513 require testing to verify. 5 of 7 measurable requirements could not be verified (71% unknown); lifecycle/availability unknown (not enriched),7,dpa_sample_required|humidity_resistance|lot_traceability|qualification|solderability_per_j_std_002|thermal_shock_cycles|vibration_grms,external,,0,,unknown,TE Connectivity,,MIL-DTL-83513,false,unknown,,,29
5999-01-270-9406__07-0201-0237,5999-01-270-9406,07-0201-0237,medium,2,2,0,0,5,false,,,85.96,1000,,Composite 31.1 (coverage 38%). Meets 2 of 7 measurable requirements; 5 unknown. 7 qualification clauses under MIL-DTL-83513 require testing to verify. 5 of 7 measurable requirements could not be verified (71% unknown); lifecycle status unknown; single-sourced (1 distributor),7,dpa_sample_required|humidity_resistance|lot_traceability|qualification|solderability_per_j_std_002|thermal_shock_cycles|vibration_grms,digikey,31.1111,38,,unknown,Parker Chomerics,1944-1210-ND,MIL-DTL-83513,true,unknown,1,,1
5999-01-270-9406__07-0201-0875,5999-01-270-9406,07-0201-0875,medium,2,2,0,0,5,false,,,56.0853,1000,,Composite 31.1 (coverage 38%). Meets 2 of 7 measurable requirements; 5 unknown. 7 qualification clauses under MIL-DTL-83513 require testing to verify. 5 of 7 measurable requirements could not be verified (71% unknown); lifecycle status unknown; single-sourced (1 distributor),7,dpa_sample_required|humidity_resistance|lot_traceability|qualification|solderability_per_j_std_002|thermal_shock_cycles|vibration_grms,digikey,31.1111,38,,unknown,Parker Chomerics,1944-1235-ND,MIL-DTL-83513,true,unknown,1,,2
5999-01-270-9406__07-0202-0094,5999-01-270-9406,07-0202-0094,medium,2,2,0,0,5,false,,,104.81,1000,,Composite 31.1 (coverage 38%). Meets 2 of 7 measurable requirements; 5 unknown. 7 qualification clauses under MIL-DTL-83513 require testing to verify. 5 of 7 measurable requirements could not be verified (71% unknown); lifecycle status unknown; single-sourced (1 distributor),7,dpa_sample_required|humidity_resistance|lot_traceability|qualification|solderability_per_j_std_002|thermal_shock_cycles|vibration_grms,digikey,31.1111,38,,unknown,Parker Chomerics,1944-1171-ND,MIL-DTL-83513,true,unknown,1,,3
5999-01-270-9406__9420801.14,5999-01-270-9406,9420801.14,unscored,4,3,0,0,4,false,,,62117,1000,,No scoreable composite attributes (weight coverage 0%); insufficient data to score. Meets 3 of 7 measurable requirements; 4 unknown. 7 qualification clauses under MIL-DTL-83513 require testing to verify. 4 of 7 measurable requirements could not be verified (57% unknown); lifecycle status unknown; 2 distributors,7,dpa_sample_required|humidity_resistance|lot_traceability|qualification|solderability_per_j_std_002|thermal_shock_cycles|vibration_grms,digikey,,0,,unknown,JULABO,2880-9420801.14-ND,MIL-DTL-83513,true,unknown,2,,4
5999-01-270-9406__9420801.16.T,5999-01-270-9406,9420801.16.T,unscored,4,3,0,0,4,false,,,65200,1000,,No scoreable composite attributes (weight coverage 0%); insufficient data to score. Meets 3 of 7 measurable requirements; 4 unknown. 7 qualification clauses under MIL-DTL-83513 require testing to verify. 4 of 7 measurable requirements could not be verified (57% unknown); lifecycle status unknown; single-sourced (1 distributor),7,dpa_sample_required|humidity_resistance|lot_traceability|qualification|solderability_per_j_std_002|thermal_shock_cycles|vibration_grms,digikey,,0,,unknown,JULABO,2880-9420801.16.T-ND,MIL-DTL-83513,true,unknown,1,,5
5999-01-270-9406__07-0202-0488,5999-01-270-9406,07-0202-0488,unscored,4,2,0,0,5,false,,,,,,No scoreable composite attributes (weight coverage 0%); insufficient data to score. Meets 2 of 7 measurable requirements; 5 unknown. 7 qualification clauses under MIL-DTL-83513 require testing to verify. 5 of 7 measurable requirements could not be verified (71% unknown); lifecycle/availability unknown (not enriched),7,dpa_sample_required|humidity_resistance|lot_traceability|qualification|solderability_per_j_std_002|thermal_shock_cycles|vibration_grms,digikey,,0,,unknown,Parker Chomerics,1944-1211-ND,MIL-DTL-83513,false,unknown,,,6
5999-01-270-9406__07-0701-9006,5999-01-270-9406,07-0701-9006,unscored,4,2,0,0,5,false,,,,,,No scoreable composite attributes (weight coverage 0%); insufficient data to score. Meets 2 of 7 measurable requirements; 5 unknown. 7 qualification clauses under MIL-DTL-83513 require testing to verify. 5 of 7 measurable requirements could not be verified (71% unknown); lifecycle/availability unknown (not enriched),7,dpa_sample_required|humidity_resistance|lot_traceability|qualification|solderability_per_j_std_002|thermal_shock_cycles|vibration_grms,digikey,,0,,unknown,Parker Chomerics,1944-1083-ND,MIL-DTL-83513,false,unknown,,,7
5999-01-270-9406__07-0702-9009,5999-01-270-9406,07-0702-9009,unscored,4,2,0,0,5,false,,,,,,No scoreable composite attributes (weight coverage 0%); insufficient data to score. Meets 2 of 7 measurable requirements; 5 unknown. 7 qualification clauses under MIL-DTL-83513 require testing to verify. 5 of 7 measurable requirements could not be verified (71% unknown); lifecycle/availability unknown (not enriched),7,dpa_sample_required|humidity_resistance|lot_traceability|qualification|solderability_per_j_std_002|thermal_shock_cycles|vibration_grms,digikey,,0,,unknown,Parker Chomerics,1944-1054-ND,MIL-DTL-83513,false,unknown,,,8
5999-01-270-9406__07-0702-9012,5999-01-270-9406,07-0702-9012,unscored,4,2,0,0,5,false,,,,,,No scoreable composite attributes (weight coverage 0%); insufficient data to score. Meets 2 of 7 measurable requirements; 5 unknown. 7 qualification clauses under MIL-DTL-83513 require testing to verify. 5 of 7 measurable requirements could not be verified (71% unknown); lifecycle/availability unknown (not enriched),7,dpa_sample_required|humidity_resistance|lot_traceability|qualification|solderability_per_j_std_002|thermal_shock_cycles|vibration_grms,digikey,,0,,unknown,Parker Chomerics,1944-1055-ND,MIL-DTL-83513,false,unknown,,,9
5999-01-270-9406__10-04-1687-1298,5999-01-270-9406,10-04-1687-1298,unscored,4,2,0,0,5,false,,,,,,No scoreable composite attributes (weight coverage 0%); insufficient data to score. Meets 2 of 7 measurable requirements; 5 unknown. 7 qualification clauses under MIL-DTL-83513 require testing to verify. 5 of 7 measurable requirements could not be verified (71% unknown); lifecycle/availability unknown (not enriched),7,dpa_sample_required|humidity_resistance|lot_traceability|qualification|solderability_per_j_std_002|thermal_shock_cycles|vibration_grms,digikey,,0,,unknown,Parker Chomerics,1944-10-04-1687-1298-DS-ND,MIL-DTL-83513,false,unknown,,,10
5999-01-270-9406__10-04-1720-1298,5999-01-270-9406,10-04-1720-1298,unscored,4,2,0,0,5,false,,,,,,No scoreable composite attributes (weight coverage 0%); insufficient data to score. Meets 2 of 7 measurable requirements; 5 unknown. 7 qualification clauses under MIL-DTL-83513 require testing to verify. 5 of 7 measurable requirements could not be verified (71% unknown); lifecycle/availability unknown (not enriched),7,dpa_sample_required|humidity_resistance|lot_traceability|qualification|solderability_per_j_std_002|thermal_shock_cycles|vibration_grms,digikey,,0,,unknown,Parker Chomerics,1944-10-04-1720-1298-DS-ND,MIL-DTL-83513,false,unknown,,,11
5999-01-270-9406__10-04-2657-1298,5999-01-270-9406,10-04-2657-1298,unscored,4,2,0,0,5,false,,,,,,No scoreable composite attributes (weight coverage 0%); insufficient data to score. Meets 2 of 7 measurable requirements; 5 unknown. 7 qualification clauses under MIL-DTL-83513 require testing to verify. 5 of 7 measurable requirements could not be verified (71% unknown); lifecycle/availability unknown (not enriched),7,dpa_sample_required|humidity_resistance|lot_traceability|qualification|solderability_per_j_std_002|thermal_shock_cycles|vibration_grms,digikey,,0,,unknown,Parker Chomerics,1944-10-04-2657-1298-DS-ND,MIL-DTL-83513,false,unknown,,,12
5999-01-270-9406__10-04-2737-1298,5999-01-270-9406,10-04-2737-1298,unscored,4,2,0,0,5,false,,,,,,No scoreable composite attributes (weight coverage 0%); insufficient data to score. Meets 2 of 7 measurable requirements; 5 unknown. 7 qualification clauses under MIL-DTL-83513 require testing to verify. 5 of 7 measurable requirements could not be verified (71% unknown); lifecycle/availability unknown (not enriched),7,dpa_sample_required|humidity_resistance|lot_traceability|qualification|solderability_per_j_std_002|thermal_shock_cycles|vibration_grms,digikey,,0,,unknown,Parker Chomerics,1944-10-04-2737-1298-DS-ND,MIL-DTL-83513,false,unknown,,,13
5999-01-270-9406__10-04-2865-1298,5999-01-270-9406,10-04-2865-1298,unscored,4,2,0,0,5,false,,,,,,No scoreable composite attributes (weight coverage 0%); insufficient data to score. Meets 2 of 7 measurable requirements; 5 unknown. 7 qualification clauses under MIL-DTL-83513 require testing to verify. 5 of 7 measurable requirements could not be verified (71% unknown); lifecycle/availability unknown (not enriched),7,dpa_sample_required|humidity_resistance|lot_traceability|qualification|solderability_per_j_std_002|thermal_shock_cycles|vibration_grms,digikey,,0,,unknown,Parker Chomerics,1944-10-04-2865-1298-DS-ND,MIL-DTL-83513,false,unknown,,,14
5999-01-270-9406__10-04-6386-1298,5999-01-270-9406,10-04-6386-1298,unscored,4,2,0,0,5,false,,,,,,No scoreable composite attributes (weight coverage 0%); insufficient data to score. Meets 2 of 7 measurable requirements; 5 unknown. 7 qualification clauses under MIL-DTL-83513 require testing to verify. 5 of 7 measurable requirements could not be verified (71% unknown); lifecycle/availability unknown (not enriched),7,dpa_sample_required|humidity_resistance|lot_traceability|qualification|solderability_per_j_std_002|thermal_shock_cycles|vibration_grms,digikey,,0,,unknown,Parker Chomerics,1944-10-04-6386-1298-DS-ND,MIL-DTL-83513,false,unknown,,,15
5999-01-270-9406__10-04-8363-1298,5999-01-270-9406,10-04-8363-1298,unscored,4,2,0,0,5,false,,,,,,No scoreable composite attributes (weight coverage 0%); insufficient data to score. Meets 2 of 7 measurable requirements; 5 unknown. 7 qualification clauses under MIL-DTL-83513 require testing to verify. 5 of 7 measurable requirements could not be verified (71% unknown); lifecycle/availability unknown (not enriched),7,dpa_sample_required|humidity_resistance|lot_traceability|qualification|solderability_per_j_std_002|thermal_shock_cycles|vibration_grms,digikey,,0,,unknown,Parker Chomerics,1944-10-04-8363-1298-DS-ND,MIL-DTL-83513,false,unknown,,,16
5999-01-270-9406__10-04-8817-1298,5999-01-270-9406,10-04-8817-1298,unscored,4,2,0,0,5,false,,,,,,No scoreable composite attributes (weight coverage 0%); insufficient data to score. Meets 2 of 7 measurable requirements; 5 unknown. 7 qualification clauses under MIL-DTL-83513 require testing to verify. 5 of 7 measurable requirements could not be verified (71% unknown); lifecycle/availability unknown (not enriched),7,dpa_sample_required|humidity_resistance|lot_traceability|qualification|solderability_per_j_std_002|thermal_shock_cycles|vibration_grms,digikey,,0,,unknown,Parker Chomerics,1944-10-04-8817-1298-DS-ND,MIL-DTL-83513,false,unknown,,,17
5999-01-270-9406__10-04-9732-1298,5999-01-270-9406,10-04-9732-1298,unscored,4,2,0,0,5,false,,,,,,No scoreable composite attributes (weight coverage 0%); insufficient data to score. Meets 2 of 7 measurable requirements; 5 unknown. 7 qualification clauses under MIL-DTL-83513 require testing to verify. 5 of 7 measurable requirements could not be verified (71% unknown); lifecycle/availability unknown (not enriched),7,dpa_sample_required|humidity_resistance|lot_traceability|qualification|solderability_per_j_std_002|thermal_shock_cycles|vibration_grms,digikey,,0,,unknown,Parker Chomerics,1944-10-04-9732-1298-DS-ND,MIL-DTL-83513,false,unknown,,,18
5999-01-270-9406__10-04-W163-1298,5999-01-270-9406,10-04-W163-1298,unscored,4,2,0,0,5,false,,,,,,No scoreable composite attributes (weight coverage 0%); insufficient data to score. Meets 2 of 7 measurable requirements; 5 unknown. 7 qualification clauses under MIL-DTL-83513 require testing to verify. 5 of 7 measurable requirements could not be verified (71% unknown); lifecycle/availability unknown (not enriched),7,dpa_sample_required|humidity_resistance|lot_traceability|qualification|solderability_per_j_std_002|thermal_shock_cycles|vibration_grms,digikey,,0,,unknown,Parker Chomerics,1944-10-04-W163-1298-DS-ND,MIL-DTL-83513,false,unknown,,,19
5999-01-270-9406__10-04-W204-1298,5999-01-270-9406,10-04-W204-1298,unscored,4,2,0,0,5,false,,,,,,No scoreable composite attributes (weight coverage 0%); insufficient data to score. Meets 2 of 7 measurable requirements; 5 unknown. 7 qualification clauses under MIL-DTL-83513 require testing to verify. 5 of 7 measurable requirements could not be verified (71% unknown); lifecycle/availability unknown (not enriched),7,dpa_sample_required|humidity_resistance|lot_traceability|qualification|solderability_per_j_std_002|thermal_shock_cycles|vibration_grms,digikey,,0,,unknown,Parker Chomerics,1944-1193-ND,MIL-DTL-83513,false,unknown,,,20
5999-01-270-9406__10-04-W267-1298,5999-01-270-9406,10-04-W267-1298,unscored,4,2,0,0,5,false,,,,,,No scoreable composite attributes (weight coverage 0%); insufficient data to score. Meets 2 of 7 measurable requirements; 5 unknown. 7 qualification clauses under MIL-DTL-83513 require testing to verify. 5 of 7 measurable requirements could not be verified (71% unknown); lifecycle/availability unknown (not enriched),7,dpa_sample_required|humidity_resistance|lot_traceability|qualification|solderability_per_j_std_002|thermal_shock_cycles|vibration_grms,digikey,,0,,unknown,Parker Chomerics,1944-10-04-W267-1298-DS-ND,MIL-DTL-83513,false,unknown,,,21
5999-01-270-9406__10-05-4308-1298,5999-01-270-9406,10-05-4308-1298,unscored,4,2,0,0,5,false,,,,,,No scoreable composite attributes (weight coverage 0%); insufficient data to score. Meets 2 of 7 measurable requirements; 5 unknown. 7 qualification clauses under MIL-DTL-83513 require testing to verify. 5 of 7 measurable requirements could not be verified (71% unknown); lifecycle/availability unknown (not enriched),7,dpa_sample_required|humidity_resistance|lot_traceability|qualification|solderability_per_j_std_002|thermal_shock_cycles|vibration_grms,digikey,,0,,unknown,Parker Chomerics,1944-1198-ND,MIL-DTL-83513,false,unknown,,,22
5999-01-270-9406__10-05-6419-1298,5999-01-270-9406,10-05-6419-1298,unscored,4,2,0,0,5,false,,,,,,No scoreable composite attributes (weight coverage 0%); insufficient data to score. Meets 2 of 7 measurable requirements; 5 unknown. 7 qualification clauses under MIL-DTL-83513 require testing to verify. 5 of 7 measurable requirements could not be verified (71% unknown); lifecycle/availability unknown (not enriched),7,dpa_sample_required|humidity_resistance|lot_traceability|qualification|solderability_per_j_std_002|thermal_shock_cycles|vibration_grms,digikey,,0,,unknown,Parker Chomerics,1944-1197-ND,MIL-DTL-83513,false,unknown,,,23
5999-01-270-9406__1201-FSA-0010,5999-01-270-9406,1201-FSA-0010,unscored,4,2,0,0,5,false,,,,,,No scoreable composite attributes (weight coverage 0%); insufficient data to score. Meets 2 of 7 measurable requirements; 5 unknown. 7 qualification clauses under MIL-DTL-83513 require testing to verify. 5 of 7 measurable requirements could not be verified (71% unknown); lifecycle/availability unknown (not enriched),7,dpa_sample_required|humidity_resistance|lot_traceability|qualification|solderability_per_j_std_002|thermal_shock_cycles|vibration_grms,digikey,,0,,unknown,TE Kemtron,4535-1201-FSA-0010-ND,MIL-DTL-83513,false,unknown,,,24
5999-01-270-9406__1201-FSA-0016,5999-01-270-9406,1201-FSA-0016,unscored,4,2,0,0,5,false,,,,,,No scoreable composite attributes (weight coverage 0%); insufficient data to score. Meets 2 of 7 measurable requirements; 5 unknown. 7 qualification clauses under MIL-DTL-83513 require testing to verify. 5 of 7 measurable requirements could not be verified (71% unknown); lifecycle/availability unknown (not enriched),7,dpa_sample_required|humidity_resistance|lot_traceability|qualification|solderability_per_j_std_002|thermal_shock_cycles|vibration_grms,digikey,,0,,unknown,TE Kemtron,4535-1201-FSA-0016-ND,MIL-DTL-83513,false,unknown,,,25
5999-01-294-4489__07-0201-0237,5999-01-294-4489,07-0201-0237,medium,2,2,0,0,5,false,,,85.96,1000,,Composite 31.1 (coverage 38%). Meets 2 of 7 measurable requirements; 5 unknown. 5 qualification clauses under MIL-PRF-49464 require testing to verify. 5 of 7 measurable requirements could not be verified (71% unknown); lifecycle status unknown; single-sourced (1 distributor),5,humidity_resistance|lot_traceability|qualification|thermal_shock_cycles|vibration_grms,digikey,31.1111,38,,unknown,Parker Chomerics,1944-1210-ND,MIL-PRF-49464,true,unknown,1,,1
5999-01-294-4489__07-0201-0875,5999-01-294-4489,07-0201-0875,medium,2,2,0,0,5,false,,,56.0853,1000,,Composite 31.1 (coverage 38%). Meets 2 of 7 measurable requirements; 5 unknown. 5 qualification clauses under MIL-PRF-49464 require testing to verify. 5 of 7 measurable requirements could not be verified (71% unknown); lifecycle status unknown; single-sourced (1 distributor),5,humidity_resistance|lot_traceability|qualification|thermal_shock_cycles|vibration_grms,digikey,31.1111,38,,unknown,Parker Chomerics,1944-1235-ND,MIL-PRF-49464,true,unknown,1,,2
5999-01-294-4489__07-0202-0094,5999-01-294-4489,07-0202-0094,medium,2,2,0,0,5,false,,,104.81,1000,,Composite 31.1 (coverage 38%). Meets 2 of 7 measurable requirements; 5 unknown. 5 qualification clauses under MIL-PRF-49464 require testing to verify. 5 of 7 measurable requirements could not be verified (71% unknown); lifecycle status unknown; single-sourced (1 distributor),5,humidity_resistance|lot_traceability|qualification|thermal_shock_cycles|vibration_grms,digikey,31.1111,38,,unknown,Parker Chomerics,1944-1171-ND,MIL-PRF-49464,true,unknown,1,,3
5999-01-294-4489__3020403,5999-01-294-4489,3020403,high,3,0,2,0,5,false,,,8.825,1000,,"Hard gate failure: operating_temp_min|operating_temp_max. composite skipped (100). Meets 0 of 7 measurable requirements; fails operating_temp_max, operating_temp_min; 5 unknown. 5 qualification clauses under MIL-PRF-49464 require testing to verify. lifecycle status unknown; 7 distributors",5,humidity_resistance|lot_traceability|qualification|thermal_shock_cycles|vibration_grms,external,100,0,operating_temp_min|operating_temp_max,unknown,Wurth Elektronik,,MIL-PRF-49464,true,unknown,7,,4
5999-01-294-4489__30205005,5999-01-294-4489,30205005,high,3,0,2,0,5,false,,,4.4879,1000,,"Hard gate failure: operating_temp_min|operating_temp_max. composite skipped (100). Meets 0 of 7 measurable requirements; fails operating_temp_max, operating_temp_min; 5 unknown. 5 qualification clauses under MIL-PRF-49464 require testing to verify. lifecycle status unknown; 11 distributors",5,humidity_resistance|lot_traceability|qualification|thermal_shock_cycles|vibration_grms,external,100,0,operating_temp_min|operating_temp_max,unknown,Wurth Elektronik,,MIL-PRF-49464,true,unknown,11,,5
5999-01-294-4489__2118707-2,5999-01-294-4489,2118707-2,high,3,1,3,0,3,false,,,0.562,1000,,"Hard gate failure: operating_temp_max|current_rating|contact_count. composite skipped (100). Meets 1 of 7 measurable requirements; fails contact_count, current_rating, operating_temp_max; 3 unknown. 5 qualification clauses under MIL-PRF-49464 require testing to verify. lifecycle status unknown; 21 distributors",5,humidity_resistance|lot_traceability|qualification|thermal_shock_cycles|vibration_grms,external,100,0,operating_temp_max|current_rating|contact_count,unknown,TE Connectivity,,MIL-PRF-49464,true,unknown,21,,6
5999-01-294-4489__07-0202-0488,5999-01-294-4489,07-0202-0488,unscored,4,2,0,0,5,false,,,,,,No scoreable composite attributes (weight coverage 0%); insufficient data to score. Meets 2 of 7 measurable requirements; 5 unknown. 5 qualification clauses under MIL-PRF-49464 require testing to verify. 5 of 7 measurable requirements could not be verified (71% unknown); lifecycle/availability unknown (not enriched),5,humidity_resistance|lot_traceability|qualification|thermal_shock_cycles|vibration_grms,digikey,,0,,unknown,Parker Chomerics,1944-1211-ND,MIL-PRF-49464,false,unknown,,,7
5999-01-294-4489__07-0701-9006,5999-01-294-4489,07-0701-9006,unscored,4,2,0,0,5,false,,,,,,No scoreable composite attributes (weight coverage 0%); insufficient data to score. Meets 2 of 7 measurable requirements; 5 unknown. 5 qualification clauses under MIL-PRF-49464 require testing to verify. 5 of 7 measurable requirements could not be verified (71% unknown); lifecycle/availability unknown (not enriched),5,humidity_resistance|lot_traceability|qualification|thermal_shock_cycles|vibration_grms,digikey,,0,,unknown,Parker Chomerics,1944-1083-ND,MIL-PRF-49464,false,unknown,,,8
5999-01-294-4489__07-0702-9009,5999-01-294-4489,07-0702-9009,unscored,4,2,0,0,5,false,,,,,,No scoreable composite attributes (weight coverage 0%); insufficient data to score. Meets 2 of 7 measurable requirements; 5 unknown. 5 qualification clauses under MIL-PRF-49464 require testing to verify. 5 of 7 measurable requirements could not be verified (71% unknown); lifecycle/availability unknown (not enriched),5,humidity_resistance|lot_traceability|qualification|thermal_shock_cycles|vibration_grms,digikey,,0,,unknown,Parker Chomerics,1944-1054-ND,MIL-PRF-49464,false,unknown,,,9
5999-01-294-4489__07-0702-9012,5999-01-294-4489,07-0702-9012,unscored,4,2,0,0,5,false,,,,,,No scoreable composite attributes (weight coverage 0%); insufficient data to score. Meets 2 of 7 measurable requirements; 5 unknown. 5 qualification clauses under MIL-PRF-49464 require testing to verify. 5 of 7 measurable requirements could not be verified (71% unknown); lifecycle/availability unknown (not enriched),5,humidity_resistance|lot_traceability|qualification|thermal_shock_cycles|vibration_grms,digikey,,0,,unknown,Parker Chomerics,1944-1055-ND,MIL-PRF-49464,false,unknown,,,10
5999-01-294-4489__10-04-1687-1298,5999-01-294-4489,10-04-1687-1298,unscored,4,2,0,0,5,false,,,,,,No scoreable composite attributes (weight coverage 0%); insufficient data to score. Meets 2 of 7 measurable requirements; 5 unknown. 5 qualification clauses under MIL-PRF-49464 require testing to verify. 5 of 7 measurable requirements could not be verified (71% unknown); lifecycle/availability unknown (not enriched),5,humidity_resistance|lot_traceability|qualification|thermal_shock_cycles|vibration_grms,digikey,,0,,unknown,Parker Chomerics,1944-10-04-1687-1298-DS-ND,MIL-PRF-49464,false,unknown,,,11
5999-01-294-4489__10-04-1720-1298,5999-01-294-4489,10-04-1720-1298,unscored,4,2,0,0,5,false,,,,,,No scoreable composite attributes (weight coverage 0%); insufficient data to score. Meets 2 of 7 measurable requirements; 5 unknown. 5 qualification clauses under MIL-PRF-49464 require testing to verify. 5 of 7 measurable requirements could not be verified (71% unknown); lifecycle/availability unknown (not enriched),5,humidity_resistance|lot_traceability|qualification|thermal_shock_cycles|vibration_grms,digikey,,0,,unknown,Parker Chomerics,1944-10-04-1720-1298-DS-ND,MIL-PRF-49464,false,unknown,,,12
5999-01-294-4489__10-04-2657-1298,5999-01-294-4489,10-04-2657-1298,unscored,4,2,0,0,5,false,,,,,,No scoreable composite attributes (weight coverage 0%); insufficient data to score. Meets 2 of 7 measurable requirements; 5 unknown. 5 qualification clauses under MIL-PRF-49464 require testing to verify. 5 of 7 measurable requirements could not be verified (71% unknown); lifecycle/availability unknown (not enriched),5,humidity_resistance|lot_traceability|qualification|thermal_shock_cycles|vibration_grms,digikey,,0,,unknown,Parker Chomerics,1944-10-04-2657-1298-DS-ND,MIL-PRF-49464,false,unknown,,,13
5999-01-294-4489__10-04-2737-1298,5999-01-294-4489,10-04-2737-1298,unscored,4,2,0,0,5,false,,,,,,No scoreable composite attributes (weight coverage 0%); insufficient data to score. Meets 2 of 7 measurable requirements; 5 unknown. 5 qualification clauses under MIL-PRF-49464 require testing to verify. 5 of 7 measurable requirements could not be verified (71% unknown); lifecycle/availability unknown (not enriched),5,humidity_resistance|lot_traceability|qualification|thermal_shock_cycles|vibration_grms,digikey,,0,,unknown,Parker Chomerics,1944-10-04-2737-1298-DS-ND,MIL-PRF-49464,false,unknown,,,14
5999-01-294-4489__10-04-2865-1298,5999-01-294-4489,10-04-2865-1298,unscored,4,2,0,0,5,false,,,,,,No scoreable composite attributes (weight coverage 0%); insufficient data to score. Meets 2 of 7 measurable requirements; 5 unknown. 5 qualification clauses under MIL-PRF-49464 require testing to verify. 5 of 7 measurable requirements could not be verified (71% unknown); lifecycle/availability unknown (not enriched),5,humidity_resistance|lot_traceability|qualification|thermal_shock_cycles|vibration_grms,digikey,,0,,unknown,Parker Chomerics,1944-10-04-2865-1298-DS-ND,MIL-PRF-49464,false,unknown,,,15
5999-01-294-4489__10-04-6386-1298,5999-01-294-4489,10-04-6386-1298,unscored,4,2,0,0,5,false,,,,,,No scoreable composite attributes (weight coverage 0%); insufficient data to score. Meets 2 of 7 measurable requirements; 5 unknown. 5 qualification clauses under MIL-PRF-49464 require testing to verify. 5 of 7 measurable requirements could not be verified (71% unknown); lifecycle/availability unknown (not enriched),5,humidity_resistance|lot_traceability|qualification|thermal_shock_cycles|vibration_grms,digikey,,0,,unknown,Parker Chomerics,1944-10-04-6386-1298-DS-ND,MIL-PRF-49464,false,unknown,,,16
5999-01-294-4489__10-04-8363-1298,5999-01-294-4489,10-04-8363-1298,unscored,4,2,0,0,5,false,,,,,,No scoreable composite attributes (weight coverage 0%); insufficient data to score. Meets 2 of 7 measurable requirements; 5 unknown. 5 qualification clauses under MIL-PRF-49464 require testing to verify. 5 of 7 measurable requirements could not be verified (71% unknown); lifecycle/availability unknown (not enriched),5,humidity_resistance|lot_traceability|qualification|thermal_shock_cycles|vibration_grms,digikey,,0,,unknown,Parker Chomerics,1944-10-04-8363-1298-DS-ND,MIL-PRF-49464,false,unknown,,,17
5999-01-294-4489__10-04-8817-1298,5999-01-294-4489,10-04-8817-1298,unscored,4,2,0,0,5,false,,,,,,No scoreable composite attributes (weight coverage 0%); insufficient data to score. Meets 2 of 7 measurable requirements; 5 unknown. 5 qualification clauses under MIL-PRF-49464 require testing to verify. 5 of 7 measurable requirements could not be verified (71% unknown); lifecycle/availability unknown (not enriched),5,humidity_resistance|lot_traceability|qualification|thermal_shock_cycles|vibration_grms,digikey,,0,,unknown,Parker Chomerics,1944-10-04-8817-1298-DS-ND,MIL-PRF-49464,false,unknown,,,18
5999-01-294-4489__10-04-9732-1298,5999-01-294-4489,10-04-9732-1298,unscored,4,2,0,0,5,false,,,,,,No scoreable composite attributes (weight coverage 0%); insufficient data to score. Meets 2 of 7 measurable requirements; 5 unknown. 5 qualification clauses under MIL-PRF-49464 require testing to verify. 5 of 7 measurable requirements could not be verified (71% unknown); lifecycle/availability unknown (not enriched),5,humidity_resistance|lot_traceability|qualification|thermal_shock_cycles|vibration_grms,digikey,,0,,unknown,Parker Chomerics,1944-10-04-9732-1298-DS-ND,MIL-PRF-49464,false,unknown,,,19
5999-01-294-4489__10-04-W163-1298,5999-01-294-4489,10-04-W163-1298,unscored,4,2,0,0,5,false,,,,,,No scoreable composite attributes (weight coverage 0%); insufficient data to score. Meets 2 of 7 measurable requirements; 5 unknown. 5 qualification clauses under MIL-PRF-49464 require testing to verify. 5 of 7 measurable requirements could not be verified (71% unknown); lifecycle/availability unknown (not enriched),5,humidity_resistance|lot_traceability|qualification|thermal_shock_cycles|vibration_grms,digikey,,0,,unknown,Parker Chomerics,1944-10-04-W163-1298-DS-ND,MIL-PRF-49464,false,unknown,,,20
5999-01-294-4489__10-04-W204-1298,5999-01-294-4489,10-04-W204-1298,unscored,4,2,0,0,5,false,,,,,,No scoreable composite attributes (weight coverage 0%); insufficient data to score. Meets 2 of 7 measurable requirements; 5 unknown. 5 qualification clauses under MIL-PRF-49464 require testing to verify. 5 of 7 measurable requirements could not be verified (71% unknown); lifecycle/availability unknown (not enriched),5,humidity_resistance|lot_traceability|qualification|thermal_shock_cycles|vibration_grms,digikey,,0,,unknown,Parker Chomerics,1944-1193-ND,MIL-PRF-49464,false,unknown,,,21
5999-01-294-4489__10-04-W267-1298,5999-01-294-4489,10-04-W267-1298,unscored,4,2,0,0,5,false,,,,,,No scoreable composite attributes (weight coverage 0%); insufficient data to score. Meets 2 of 7 measurable requirements; 5 unknown. 5 qualification clauses under MIL-PRF-49464 require testing to verify. 5 of 7 measurable requirements could not be verified (71% unknown); lifecycle/availability unknown (not enriched),5,humidity_resistance|lot_traceability|qualification|thermal_shock_cycles|vibration_grms,digikey,,0,,unknown,Parker Chomerics,1944-10-04-W267-1298-DS-ND,MIL-PRF-49464,false,unknown,,,22
5999-01-294-4489__10-05-4308-1298,5999-01-294-4489,10-05-4308-1298,unscored,4,2,0,0,5,false,,,,,,No scoreable composite attributes (weight coverage 0%); insufficient data to score. Meets 2 of 7 measurable requirements; 5 unknown. 5 qualification clauses under MIL-PRF-49464 require testing to verify. 5 of 7 measurable requirements could not be verified (71% unknown); lifecycle/availability unknown (not enriched),5,humidity_resistance|lot_traceability|qualification|thermal_shock_cycles|vibration_grms,digikey,,0,,unknown,Parker Chomerics,1944-1198-ND,MIL-PRF-49464,false,unknown,,,23
5999-01-294-4489__10-05-6419-1298,5999-01-294-4489,10-05-6419-1298,unscored,4,2,0,0,5,false,,,,,,No scoreable composite attributes (weight coverage 0%); insufficient data to score. Meets 2 of 7 measurable requirements; 5 unknown. 5 qualification clauses under MIL-PRF-49464 require testing to verify. 5 of 7 measurable requirements could not be verified (71% unknown); lifecycle/availability unknown (not enriched),5,humidity_resistance|lot_traceability|qualification|thermal_shock_cycles|vibration_grms,digikey,,0,,unknown,Parker Chomerics,1944-1197-ND,MIL-PRF-49464,false,unknown,,,24
5999-01-294-4489__1201-FSA-0010,5999-01-294-4489,1201-FSA-0010,unscored,4,2,0,0,5,false,,,,,,No scoreable composite attributes (weight coverage 0%); insufficient data to score. Meets 2 of 7 measurable requirements; 5 unknown. 5 qualification clauses under MIL-PRF-49464 require testing to verify. 5 of 7 measurable requirements could not be verified (71% unknown); lifecycle/availability unknown (not enriched),5,humidity_resistance|lot_traceability|qualification|thermal_shock_cycles|vibration_grms,digikey,,0,,unknown,TE Kemtron,4535-1201-FSA-0010-ND,MIL-PRF-49464,false,unknown,,,25
5999-01-294-4489__1201-FSA-0016,5999-01-294-4489,1201-FSA-0016,unscored,4,2,0,0,5,false,,,,,,No scoreable composite attributes (weight coverage 0%); insufficient data to score. Meets 2 of 7 measurable requirements; 5 unknown. 5 qualification clauses under MIL-PRF-49464 require testing to verify. 5 of 7 measurable requirements could not be verified (71% unknown); lifecycle/availability unknown (not enriched),5,humidity_resistance|lot_traceability|qualification|thermal_shock_cycles|vibration_grms,digikey,,0,,unknown,TE Kemtron,4535-1201-FSA-0016-ND,MIL-PRF-49464,false,unknown,,,26
5999-01-294-4489__1201-FSA-0018,5999-01-294-4489,1201-FSA-0018,unscored,4,2,0,0,5,false,,,,,,No scoreable composite attributes (weight coverage 0%); insufficient data to score. Meets 2 of 7 measurable requirements; 5 unknown. 5 qualification clauses under MIL-PRF-49464 require testing to verify. 5 of 7 measurable requirements could not be verified (71% unknown); lifecycle/availability unknown (not enriched),5,humidity_resistance|lot_traceability|qualification|thermal_shock_cycles|vibration_grms,digikey,,0,,unknown,TE Kemtron,4535-1201-FSA-0018-ND,MIL-PRF-49464,false,unknown,,,27
5999-01-294-4489__1201-FSA-0020,5999-01-294-4489,1201-FSA-0020,unscored,4,2,0,0,5,false,,,,,,No scoreable composite attributes (weight coverage 0%); insufficient data to score. Meets 2 of 7 measurable requirements; 5 unknown. 5 qualification clauses under MIL-PRF-49464 require testing to verify. 5 of 7 measurable requirements could not be verified (71% unknown); lifecycle/availability unknown (not enriched),5,humidity_resistance|lot_traceability|qualification|thermal_shock_cycles|vibration_grms,digikey,,0,,unknown,TE Kemtron,4535-1201-FSA-0020-ND,MIL-PRF-49464,false,unknown,,,28
5999-01-294-4489__480-0016-2250-10000,5999-01-294-4489,480-0016-2250-10000,unscored,4,2,0,0,5,false,,,,,,No scoreable composite attributes (weight coverage 0%); insufficient data to score. Meets 2 of 7 measurable requirements; 5 unknown. 5 qualification clauses under MIL-PRF-49464 require testing to verify. 5 of 7 measurable requirements could not be verified (71% unknown); lifecycle/availability unknown (not enriched),5,humidity_resistance|lot_traceability|qualification|thermal_shock_cycles|vibration_grms,external,,0,,unknown,TE Connectivity,,MIL-PRF-49464,false,unknown,,,29
5999-01-473-6202__07-0201-0237,5999-01-473-6202,07-0201-0237,medium,2,2,0,0,5,false,,,85.96,1000,,Composite 31.1 (coverage 38%). Meets 2 of 7 measurable requirements; 5 unknown. 5 qualification clauses under MIL-PRF-49464 require testing to verify. 5 of 7 measurable requirements could not be verified (71% unknown); lifecycle status unknown; single-sourced (1 distributor),5,humidity_resistance|lot_traceability|qualification|thermal_shock_cycles|vibration_grms,digikey,31.1111,38,,unknown,Parker Chomerics,1944-1210-ND,MIL-PRF-49464,true,unknown,1,,1
5999-01-473-6202__07-0201-0875,5999-01-473-6202,07-0201-0875,medium,2,2,0,0,5,false,,,56.0853,1000,,Composite 31.1 (coverage 38%). Meets 2 of 7 measurable requirements; 5 unknown. 5 qualification clauses under MIL-PRF-49464 require testing to verify. 5 of 7 measurable requirements could not be verified (71% unknown); lifecycle status unknown; single-sourced (1 distributor),5,humidity_resistance|lot_traceability|qualification|thermal_shock_cycles|vibration_grms,digikey,31.1111,38,,unknown,Parker Chomerics,1944-1235-ND,MIL-PRF-49464,true,unknown,1,,2
5999-01-473-6202__07-0202-0094,5999-01-473-6202,07-0202-0094,medium,2,2,0,0,5,false,,,104.81,1000,,Composite 31.1 (coverage 38%). Meets 2 of 7 measurable requirements; 5 unknown. 5 qualification clauses under MIL-PRF-49464 require testing to verify. 5 of 7 measurable requirements could not be verified (71% unknown); lifecycle status unknown; single-sourced (1 distributor),5,humidity_resistance|lot_traceability|qualification|thermal_shock_cycles|vibration_grms,digikey,31.1111,38,,unknown,Parker Chomerics,1944-1171-ND,MIL-PRF-49464,true,unknown,1,,3
5999-01-473-6202__07-0202-0488,5999-01-473-6202,07-0202-0488,unscored,4,2,0,0,5,false,,,,,,No scoreable composite attributes (weight coverage 0%); insufficient data to score. Meets 2 of 7 measurable requirements; 5 unknown. 5 qualification clauses under MIL-PRF-49464 require testing to verify. 5 of 7 measurable requirements could not be verified (71% unknown); lifecycle/availability unknown (not enriched),5,humidity_resistance|lot_traceability|qualification|thermal_shock_cycles|vibration_grms,digikey,,0,,unknown,Parker Chomerics,1944-1211-ND,MIL-PRF-49464,false,unknown,,,4
5999-01-473-6202__07-0701-9006,5999-01-473-6202,07-0701-9006,unscored,4,2,0,0,5,false,,,,,,No scoreable composite attributes (weight coverage 0%); insufficient data to score. Meets 2 of 7 measurable requirements; 5 unknown. 5 qualification clauses under MIL-PRF-49464 require testing to verify. 5 of 7 measurable requirements could not be verified (71% unknown); lifecycle/availability unknown (not enriched),5,humidity_resistance|lot_traceability|qualification|thermal_shock_cycles|vibration_grms,digikey,,0,,unknown,Parker Chomerics,1944-1083-ND,MIL-PRF-49464,false,unknown,,,5
5999-01-473-6202__07-0702-9009,5999-01-473-6202,07-0702-9009,unscored,4,2,0,0,5,false,,,,,,No scoreable composite attributes (weight coverage 0%); insufficient data to score. Meets 2 of 7 measurable requirements; 5 unknown. 5 qualification clauses under MIL-PRF-49464 require testing to verify. 5 of 7 measurable requirements could not be verified (71% unknown); lifecycle/availability unknown (not enriched),5,humidity_resistance|lot_traceability|qualification|thermal_shock_cycles|vibration_grms,digikey,,0,,unknown,Parker Chomerics,1944-1054-ND,MIL-PRF-49464,false,unknown,,,6
5999-01-473-6202__07-0702-9012,5999-01-473-6202,07-0702-9012,unscored,4,2,0,0,5,false,,,,,,No scoreable composite attributes (weight coverage 0%); insufficient data to score. Meets 2 of 7 measurable requirements; 5 unknown. 5 qualification clauses under MIL-PRF-49464 require testing to verify. 5 of 7 measurable requirements could not be verified (71% unknown); lifecycle/availability unknown (not enriched),5,humidity_resistance|lot_traceability|qualification|thermal_shock_cycles|vibration_grms,digikey,,0,,unknown,Parker Chomerics,1944-1055-ND,MIL-PRF-49464,false,unknown,,,7
5999-01-473-6202__1201-FSA-0010,5999-01-473-6202,1201-FSA-0010,unscored,4,2,0,0,5,false,,,,,,No scoreable composite attributes (weight coverage 0%); insufficient data to score. Meets 2 of 7 measurable requirements; 5 unknown. 5 qualification clauses under MIL-PRF-49464 require testing to verify. 5 of 7 measurable requirements could not be verified (71% unknown); lifecycle/availability unknown (not enriched),5,humidity_resistance|lot_traceability|qualification|thermal_shock_cycles|vibration_grms,digikey,,0,,unknown,TE Kemtron,4535-1201-FSA-0010-ND,MIL-PRF-49464,false,unknown,,,8
5999-01-473-6202__1201-FSA-0016,5999-01-473-6202,1201-FSA-0016,unscored,4,2,0,0,5,false,,,,,,No scoreable composite attributes (weight coverage 0%); insufficient data to score. Meets 2 of 7 measurable requirements; 5 unknown. 5 qualification clauses under MIL-PRF-49464 require testing to verify. 5 of 7 measurable requirements could not be verified (71% unknown); lifecycle/availability unknown (not enriched),5,humidity_resistance|lot_traceability|qualification|thermal_shock_cycles|vibration_grms,digikey,,0,,unknown,TE Kemtron,4535-1201-FSA-0016-ND,MIL-PRF-49464,false,unknown,,,9
5999-01-473-6202__1201-FSA-0018,5999-01-473-6202,1201-FSA-0018,unscored,4,2,0,0,5,false,,,,,,No scoreable composite attributes (weight coverage 0%); insufficient data to score. Meets 2 of 7 measurable requirements; 5 unknown. 5 qualification clauses under MIL-PRF-49464 require testing to verify. 5 of 7 measurable requirements could not be verified (71% unknown); lifecycle/availability unknown (not enriched),5,humidity_resistance|lot_traceability|qualification|thermal_shock_cycles|vibration_grms,digikey,,0,,unknown,TE Kemtron,4535-1201-FSA-0018-ND,MIL-PRF-49464,false,unknown,,,10
5999-01-473-6202__1201-FSA-0020,5999-01-473-6202,1201-FSA-0020,unscored,4,2,0,0,5,false,,,,,,No scoreable composite attributes (weight coverage 0%); insufficient data to score. Meets 2 of 7 measurable requirements; 5 unknown. 5 qualification clauses under MIL-PRF-49464 require testing to verify. 5 of 7 measurable requirements could not be verified (71% unknown); lifecycle/availability unknown (not enriched),5,humidity_resistance|lot_traceability|qualification|thermal_shock_cycles|vibration_grms,digikey,,0,,unknown,TE Kemtron,4535-1201-FSA-0020-ND,MIL-PRF-49464,false,unknown,,,11
5999-01-473-6202__152-0032-0254-S,5999-01-473-6202,152-0032-0254-S,unscored,4,2,0,0,5,false,,,,,,No scoreable composite attributes (weight coverage 0%); insufficient data to score. Meets 2 of 7 measurable requirements; 5 unknown. 5 qualification clauses under MIL-PRF-49464 require testing to verify. 5 of 7 measurable requirements could not be verified (71% unknown); lifecycle/availability unknown (not enriched),5,humidity_resistance|lot_traceability|qualification|thermal_shock_cycles|vibration_grms,digikey,,0,,unknown,TE Kemtron,4535-152-0032-0254-S-ND,MIL-PRF-49464,false,unknown,,,12
5999-01-473-6202__152-0048-0254-S,5999-01-473-6202,152-0048-0254-S,unscored,4,2,0,0,5,false,,,,,,No scoreable composite attributes (weight coverage 0%); insufficient data to score. Meets 2 of 7 measurable requirements; 5 unknown. 5 qualification clauses under MIL-PRF-49464 require testing to verify. 5 of 7 measurable requirements could not be verified (71% unknown); lifecycle/availability unknown (not enriched),5,humidity_resistance|lot_traceability|qualification|thermal_shock_cycles|vibration_grms,digikey,,0,,unknown,TE Kemtron,4535-152-0048-0254-S-ND,MIL-PRF-49464,false,unknown,,,13
5999-01-473-6202__152-0064-0254-S,5999-01-473-6202,152-0064-0254-S,unscored,4,2,0,0,5,false,,,,,,No scoreable composite attributes (weight coverage 0%); insufficient data to score. Meets 2 of 7 measurable requirements; 5 unknown. 5 qualification clauses under MIL-PRF-49464 require testing to verify. 5 of 7 measurable requirements could not be verified (71% unknown); lifecycle/availability unknown (not enriched),5,humidity_resistance|lot_traceability|qualification|thermal_shock_cycles|vibration_grms,digikey,,0,,unknown,TE Kemtron,4535-152-0064-0254-S-ND,MIL-PRF-49464,false,unknown,,,14
5999-01-473-6202__154-0032-0254-S,5999-01-473-6202,154-0032-0254-S,unscored,4,2,0,0,5,false,,,,,,No scoreable composite attributes (weight coverage 0%); insufficient data to score. Meets 2 of 7 measurable requirements; 5 unknown. 5 qualification clauses under MIL-PRF-49464 require testing to verify. 5 of 7 measurable requirements could not be verified (71% unknown); lifecycle/availability unknown (not enriched),5,humidity_resistance|lot_traceability|qualification|thermal_shock_cycles|vibration_grms,digikey,,0,,unknown,TE Kemtron,4535-154-0032-0254-S-ND,MIL-PRF-49464,false,unknown,,,15
5999-01-473-6202__154-0048-0254-S,5999-01-473-6202,154-0048-0254-S,unscored,4,2,0,0,5,false,,,,,,No scoreable composite attributes (weight coverage 0%); insufficient data to score. Meets 2 of 7 measurable requirements; 5 unknown. 5 qualification clauses under MIL-PRF-49464 require testing to verify. 5 of 7 measurable requirements could not be verified (71% unknown); lifecycle/availability unknown (not enriched),5,humidity_resistance|lot_traceability|qualification|thermal_shock_cycles|vibration_grms,digikey,,0,,unknown,TE Kemtron,4535-154-0048-0254-S-ND,MIL-PRF-49464,false,unknown,,,16
5999-01-473-6202__154-0064-0254-S,5999-01-473-6202,154-0064-0254-S,unscored,4,2,0,0,5,false,,,,,,No scoreable composite attributes (weight coverage 0%); insufficient data to score. Meets 2 of 7 measurable requirements; 5 unknown. 5 qualification clauses under MIL-PRF-49464 require testing to verify. 5 of 7 measurable requirements could not be verified (71% unknown); lifecycle/availability unknown (not enriched),5,humidity_resistance|lot_traceability|qualification|thermal_shock_cycles|vibration_grms,digikey,,0,,unknown,TE Kemtron,4535-154-0064-0254-S-ND,MIL-PRF-49464,false,unknown,,,17
5999-01-473-6202__410-0008-0500-0500,5999-01-473-6202,410-0008-0500-0500,unscored,4,2,0,0,5,false,,,,,,No scoreable composite attributes (weight coverage 0%); insufficient data to score. Meets 2 of 7 measurable requirements; 5 unknown. 5 qualification clauses under MIL-PRF-49464 require testing to verify. 5 of 7 measurable requirements could not be verified (71% unknown); lifecycle/availability unknown (not enriched),5,humidity_resistance|lot_traceability|qualification|thermal_shock_cycles|vibration_grms,digikey,,0,,unknown,TE Kemtron,4535-410-0008-0500-0500-ND,MIL-PRF-49464,false,unknown,,,18
5999-01-473-6202__410-0008-2250-10000,5999-01-473-6202,410-0008-2250-10000,unscored,4,2,0,0,5,false,,,,,,No scoreable composite attributes (weight coverage 0%); insufficient data to score. Meets 2 of 7 measurable requirements; 5 unknown. 5 qualification clauses under MIL-PRF-49464 require testing to verify. 5 of 7 measurable requirements could not be verified (71% unknown); lifecycle/availability unknown (not enriched),5,humidity_resistance|lot_traceability|qualification|thermal_shock_cycles|vibration_grms,digikey,,0,,unknown,TE Kemtron,4535-410-0008-2250-10000-ND,MIL-PRF-49464,false,unknown,,,19
5999-01-473-6202__410-0016-0500-0500,5999-01-473-6202,410-0016-0500-0500,unscored,4,2,0,0,5,false,,,,,,No scoreable composite attributes (weight coverage 0%); insufficient data to score. Meets 2 of 7 measurable requirements; 5 unknown. 5 qualification clauses under MIL-PRF-49464 require testing to verify. 5 of 7 measurable requirements could not be verified (71% unknown); lifecycle/availability unknown (not enriched),5,humidity_resistance|lot_traceability|qualification|thermal_shock_cycles|vibration_grms,digikey,,0,,unknown,TE Kemtron,4535-410-0016-0500-0500-ND,MIL-PRF-49464,false,unknown,,,20
5999-01-473-6202__410-0016-2250-10000,5999-01-473-6202,410-0016-2250-10000,unscored,4,2,0,0,5,false,,,,,,No scoreable composite attributes (weight coverage 0%); insufficient data to score. Meets 2 of 7 measurable requirements; 5 unknown. 5 qualification clauses under MIL-PRF-49464 require testing to verify. 5 of 7 measurable requirements could not be verified (71% unknown); lifecycle/availability unknown (not enriched),5,humidity_resistance|lot_traceability|qualification|thermal_shock_cycles|vibration_grms,digikey,,0,,unknown,TE Kemtron,4535-410-0016-2250-10000-ND,MIL-PRF-49464,false,unknown,,,21
5999-01-473-6202__410-0024-0500-0500,5999-01-473-6202,410-0024-0500-0500,unscored,4,2,0,0,5,false,,,,,,No scoreable composite attributes (weight coverage 0%); insufficient data to score. Meets 2 of 7 measurable requirements; 5 unknown. 5 qualification clauses under MIL-PRF-49464 require testing to verify. 5 of 7 measurable requirements could not be verified (71% unknown); lifecycle/availability unknown (not enriched),5,humidity_resistance|lot_traceability|qualification|thermal_shock_cycles|vibration_grms,digikey,,0,,unknown,TE Kemtron,4535-410-0024-0500-0500-ND,MIL-PRF-49464,false,unknown,,,22
5999-01-473-6202__410-0024-2250-10000,5999-01-473-6202,410-0024-2250-10000,unscored,4,2,0,0,5,false,,,,,,No scoreable composite attributes (weight coverage 0%); insufficient data to score. Meets 2 of 7 measurable requirements; 5 unknown. 5 qualification clauses under MIL-PRF-49464 require testing to verify. 5 of 7 measurable requirements could not be verified (71% unknown); lifecycle/availability unknown (not enriched),5,humidity_resistance|lot_traceability|qualification|thermal_shock_cycles|vibration_grms,digikey,,0,,unknown,TE Kemtron,4535-410-0024-2250-10000-ND,MIL-PRF-49464,false,unknown,,,23
5999-01-473-6202__420-0008-0500-0500,5999-01-473-6202,420-0008-0500-0500,unscored,4,2,0,0,5,false,,,,,,No scoreable composite attributes (weight coverage 0%); insufficient data to score. Meets 2 of 7 measurable requirements; 5 unknown. 5 qualification clauses under MIL-PRF-49464 require testing to verify. 5 of 7 measurable requirements could not be verified (71% unknown); lifecycle/availability unknown (not enriched),5,humidity_resistance|lot_traceability|qualification|thermal_shock_cycles|vibration_grms,digikey,,0,,unknown,TE Kemtron,4535-420-0008-0500-0500-ND,MIL-PRF-49464,false,unknown,,,24
5999-01-473-6202__420-0008-2250-10000,5999-01-473-6202,420-0008-2250-10000,unscored,4,2,0,0,5,false,,,,,,No scoreable composite attributes (weight coverage 0%); insufficient data to score. Meets 2 of 7 measurable requirements; 5 unknown. 5 qualification clauses under MIL-PRF-49464 require testing to verify. 5 of 7 measurable requirements could not be verified (71% unknown); lifecycle/availability unknown (not enriched),5,humidity_resistance|lot_traceability|qualification|thermal_shock_cycles|vibration_grms,digikey,,0,,unknown,TE Kemtron,4535-420-0008-2250-10000-ND,MIL-PRF-49464,false,unknown,,,25
